arrival_date,commodity,commodity_code,district,grade,market,max_price,min_price,modal_price,state,variety
02/09/2026,Tomato,78,Lucknow,FAQ,Lucknow APMC,2000,2000,2000,Uttar Pradesh,Other
01/09/2026,Tomato,78,Lucknow,FAQ,Lucknow APMC,2000,2000,2000,Uttar Pradesh,Other
31/08/2026,Tomato,78,Lucknow,FAQ,Lucknow APMC,2000,2000,2000,Uttar Pradesh,Other
30/08/2026,Tomato,78,Lucknow,FAQ,Lucknow APMC,2000,2000,2000,Uttar Pradesh,Other
27/08/2026,Tomato,78,Lucknow,FAQ,Lucknow APMC,2000,2000,2000,Uttar Pradesh,Other
26/08/2026,Tomato,78,Lucknow,FAQ,Lucknow APMC,3086.61,2000,2006.81,Uttar Pradesh,Other
17/08/2026,Tomato,78,Lucknow,FAQ,Lucknow APMC,2000,2000,2000,Uttar Pradesh,Other
13/08/2026,Tomato,78,Lucknow,FAQ,Lucknow APMC,3015.04,2000,2122.22,Uttar Pradesh,Other
12/08/2026,Tomato,78,Lucknow,FAQ,Lucknow APMC,2000,2000,2000,Uttar Pradesh,Other
11/08/2026,Tomato,78,Lucknow,FAQ,Lucknow APMC,2000,2000,2000,Uttar Pradesh,Other
10/08/2026,Tomato,78,Lucknow,FAQ,Lucknow APMC,2000,2000,2000,Uttar Pradesh,Other
03/08/2026,Tomato,78,Lucknow,FAQ,Lucknow APMC,2000,2000,2000,Uttar Pradesh,Other
31/07/2026,Tomato,78,Lucknow,FAQ,Lucknow APMC,2000,2000,2000,Uttar Pradesh,Other
30/07/2026,Tomato,78,Lucknow,FAQ,Lucknow APMC,2000,1800,1940.43,Uttar Pradesh,Other
29/07/2026,Tomato,78,Lucknow,FAQ,Lucknow APMC,2500,2000,2208.19,Uttar Pradesh,Other
27/07/2026,Tomato,78,Lucknow,FAQ,Lucknow APMC,3124.27,3124.27,3124.27,Uttar Pradesh,Other
13/07/2026,Tomato,78,Lucknow,FAQ,Lucknow APMC,3671.03,3671.03,3671.03,Uttar Pradesh,Other
11/07/2026,Tomato,78,Lucknow,FAQ,Lucknow APMC,2500,2500,2500,Uttar Pradesh,Other
30/06/2026,Tomato,78,Lucknow,FAQ,Lucknow APMC,2000,2000,2000,Uttar Pradesh,Other
29/06/2026,Tomato,78,Lucknow,FAQ,Lucknow APMC,4948,2000,2022.13,Uttar Pradesh,Other
28/06/2026,Tomato,78,Lucknow,FAQ,Lucknow APMC,2000,2000,2000,Uttar Pradesh,Other
26/06/2026,Tomato,78,Lucknow,FAQ,Lucknow APMC,2000,2000,2000,Uttar Pradesh,Other
20/06/2026,Tomato,78,Lucknow,FAQ,Lucknow APMC,2000,2000,2000,Uttar Pradesh,Other
18/06/2026,Tomato,78,Lucknow,FAQ,Lucknow APMC,2000,2000,2000,Uttar Pradesh,Other
17/06/2026,Tomato,78,Lucknow,FAQ,Lucknow APMC,2000,2000,2000,Uttar Pradesh,Other
16/06/2026,Tomato,78,Lucknow,FAQ,Lucknow APMC,2000,2000,2000,Uttar Pradesh,Other
13/06/2026,Tomato,78,Lucknow,FAQ,Lucknow APMC,2000,2000,2000,Uttar Pradesh,Other
11/06/2026,Tomato,78,Lucknow,FAQ,Lucknow APMC,2225.94,2225.94,2225.94,Uttar Pradesh,Other
01/06/2026,Tomato,78,Lucknow,FAQ,Lucknow APMC,1200,1200,1200,Uttar Pradesh,Other
27/05/2026,Tomato,78,Lucknow,FAQ,Lucknow APMC,2301.11,1200,1230.54,Uttar Pradesh,Other
26/05/2026,Tomato,78,Lucknow,FAQ,Lucknow APMC,1200,1200,1200,Uttar Pradesh,Other
21/05/2026,Tomato,78,Lucknow,FAQ,Lucknow APMC,1200,1200,1200,Uttar Pradesh,Other
14/05/2026,Tomato,78,Lucknow,FAQ,Lucknow APMC,2049.87,2049.87,2049.87,Uttar Pradesh,Other
13/05/2026,Tomato,78,Lucknow,FAQ,Lucknow APMC,1000,800,923.08,Uttar Pradesh,Other
12/05/2026,Tomato,78,Lucknow,FAQ,Lucknow APMC,800,800,800,Uttar Pradesh,Other
08/05/2026,Tomato,78,Lucknow,FAQ,Lucknow APMC,800,800,800,Uttar Pradesh,Other
01/05/2026,Tomato,78,Lucknow,FAQ,Lucknow APMC,800,800,800,Uttar Pradesh,Other
30/04/2026,Tomato,78,Lucknow,FAQ,Lucknow APMC,800,800,800,Uttar Pradesh,Other
29/04/2026,Tomato,78,Lucknow,FAQ,Lucknow APMC,800,800,800,Uttar Pradesh,Other
28/04/2026,Tomato,78,Lucknow,FAQ,Lucknow APMC,800,800,800,Uttar Pradesh,Other
26/04/2026,Tomato,78,Lucknow,FAQ,Lucknow APMC,2226.87,2226.87,2226.87,Uttar Pradesh,Other
21/04/2026,Tomato,78,Lucknow,FAQ,Lucknow APMC,700,700,700,Uttar Pradesh,Other
17/04/2026,Tomato,78,Lucknow,FAQ,Lucknow APMC,700,700,700,Uttar Pradesh,Other
16/04/2026,Tomato,78,Lucknow,FAQ,Lucknow APMC,700,700,700,Uttar Pradesh,Other
13/04/2026,Tomato,78,Lucknow,FAQ,Lucknow APMC,1757.99,700,785.73,Uttar Pradesh,Other
12/04/2026,Tomato,78,Lucknow,FAQ,Lucknow APMC,700,700,700,Uttar Pradesh,Other
09/04/2026,Tomato,78,Lucknow,FAQ,Lucknow APMC,700,700,700,Uttar Pradesh,Other
06/04/2026,Tomato,78,Lucknow,FAQ,Lucknow APMC,700,700,700,Uttar Pradesh,Other
04/04/2026,Tomato,78,Lucknow,FAQ,Lucknow APMC,700,700,700,Uttar Pradesh,Other
03/04/2026,Tomato,78,Lucknow,FAQ,Lucknow APMC,700,700,700,Uttar Pradesh,Other
31/03/2026,Tomato,78,Lucknow,FAQ,Lucknow APMC,700,700,700,Uttar Pradesh,Other
30/03/2026,Tomato,78,Lucknow,FAQ,Lucknow APMC,700,700,700,Uttar Pradesh,Other
29/03/2026,Tomato,78,Lucknow,FAQ,Lucknow APMC,700,700,700,Uttar Pradesh,Other
25/03/2026,Tomato,78,Lucknow,FAQ,Lucknow APMC,1763.51,1763.51,1763.51,Uttar Pradesh,Other
18/03/2026,Tomato,78,Lucknow,FAQ,Lucknow APMC,700,700,700,Uttar Pradesh,Other
12/03/2026,Tomato,78,Lucknow,FAQ,Lucknow APMC,2332.49,2332.49,2332.49,Uttar Pradesh,Other
27/02/2026,Tomato,78,Lucknow,FAQ,Lucknow APMC,4000,1000,1179.24,Uttar Pradesh,Other
18/01/2026,Tomato,78,Lucknow,FAQ,Lucknow APMC,2650,2550,2600,Uttar Pradesh,Deshi
17/01/2026,Tomato,78,Lucknow,FAQ,Lucknow APMC,2850,2750,2800,Uttar Pradesh,Deshi
16/01/2026,Tomato,78,Lucknow,FAQ,Lucknow APMC,2900,2800,2850,Uttar Pradesh,Deshi
15/01/2026,Tomato,78,Lucknow,FAQ,Lucknow APMC,2750,2650,2700,Uttar Pradesh,Deshi
14/01/2026,Tomato,78,Lucknow,FAQ,Lucknow APMC,2800,2700,2750,Uttar Pradesh,Deshi
21/12/2025,Tomato,78,Lucknow,FAQ,Lucknow APMC,2850,2700,2780,Uttar Pradesh,Hybrid
17/12/2025,Tomato,78,Lucknow,FAQ,Lucknow APMC,2850,2750,2800,Uttar Pradesh,Deshi
16/12/2025,Tomato,78,Lucknow,FAQ,Lucknow APMC,2830,2730,2780,Uttar Pradesh,Deshi
15/12/2025,Tomato,78,Lucknow,FAQ,Lucknow APMC,2800,2700,2750,Uttar Pradesh,Deshi
14/12/2025,Tomato,78,Lucknow,FAQ,Lucknow APMC,2700,2600,2650,Uttar Pradesh,Deshi
12/12/2025,Tomato,78,Lucknow,FAQ,Lucknow APMC,2600,2500,2550,Uttar Pradesh,Deshi
11/12/2025,Tomato,78,Lucknow,FAQ,Lucknow APMC,2400,2300,2350,Uttar Pradesh,Deshi
10/12/2025,Tomato,78,Lucknow,FAQ,Lucknow APMC,2500,2400,2450,Uttar Pradesh,Deshi
08/12/2025,Tomato,78,Lucknow,FAQ,Lucknow APMC,2650,2550,2600,Uttar Pradesh,Deshi
07/12/2025,Tomato,78,Lucknow,FAQ,Lucknow APMC,2800,2700,2750,Uttar Pradesh,Deshi
06/12/2025,Tomato,78,Lucknow,FAQ,Lucknow APMC,2800,2700,2750,Uttar Pradesh,Deshi
05/12/2025,Tomato,78,Lucknow,FAQ,Lucknow APMC,2850,2750,2800,Uttar Pradesh,Deshi
04/12/2025,Tomato,78,Lucknow,FAQ,Lucknow APMC,2950,2850,2900,Uttar Pradesh,Deshi
03/12/2025,Tomato,78,Lucknow,FAQ,Lucknow APMC,3150,3050,3100,Uttar Pradesh,Deshi
02/12/2025,Tomato,78,Lucknow,FAQ,Lucknow APMC,3250,3150,3200,Uttar Pradesh,Deshi
01/12/2025,Tomato,78,Lucknow,FAQ,Lucknow APMC,3200,3100,3150,Uttar Pradesh,Deshi
30/11/2025,Tomato,78,Lucknow,FAQ,Lucknow APMC,3350,3150,3250,Uttar Pradesh,Hybrid
29/11/2025,Tomato,78,Lucknow,FAQ,Lucknow APMC,3600,3500,3550,Uttar Pradesh,Deshi
28/11/2025,Tomato,78,Lucknow,FAQ,Lucknow APMC,3600,3500,3550,Uttar Pradesh,Deshi
27/11/2025,Tomato,78,Lucknow,FAQ,Lucknow APMC,3750,3650,3700,Uttar Pradesh,Deshi
26/11/2025,Tomato,78,Lucknow,FAQ,Lucknow APMC,3700,3600,3650,Uttar Pradesh,Deshi
25/11/2025,Tomato,78,Lucknow,FAQ,Lucknow APMC,3650,3550,3600,Uttar Pradesh,Deshi
24/11/2025,Tomato,78,Lucknow,FAQ,Lucknow APMC,3700,3600,3650,Uttar Pradesh,Deshi
23/11/2025,Tomato,78,Lucknow,FAQ,Lucknow APMC,3450,3350,3400,Uttar Pradesh,Deshi
22/11/2025,Tomato,78,Lucknow,FAQ,Lucknow APMC,3500,3400,3450,Uttar Pradesh,Deshi
21/11/2025,Tomato,78,Lucknow,FAQ,Lucknow APMC,3300,3200,3250,Uttar Pradesh,Deshi
20/11/2025,Tomato,78,Lucknow,FAQ,Lucknow APMC,3300,3200,3250,Uttar Pradesh,Deshi
19/11/2025,Tomato,78,Lucknow,FAQ,Lucknow APMC,3400,3300,3350,Uttar Pradesh,Deshi
18/11/2025,Tomato,78,Lucknow,FAQ,Lucknow APMC,3200,3100,3150,Uttar Pradesh,Deshi
15/11/2025,Tomato,78,Lucknow,FAQ,Lucknow APMC,2700,2600,2650,Uttar Pradesh,Tomato
14/11/2025,Tomato,78,Lucknow,FAQ,Lucknow APMC,2500,2400,2450,Uttar Pradesh,Deshi
13/11/2025,Tomato,78,Lucknow,FAQ,Lucknow APMC,2300,2200,2250,Uttar Pradesh,Deshi
12/11/2025,Tomato,78,Lucknow,FAQ,Lucknow APMC,2200,2100,2150,Uttar Pradesh,Deshi
11/11/2025,Tomato,78,Lucknow,FAQ,Lucknow APMC,2120,2020,2070,Uttar Pradesh,Deshi
10/11/2025,Tomato,78,Lucknow,FAQ,Lucknow APMC,2110,2010,2060,Uttar Pradesh,Deshi
09/11/2025,Tomato,78,Lucknow,FAQ,Lucknow APMC,2120,2020,2070,Uttar Pradesh,Deshi
06/11/2025,Tomato,78,Lucknow,FAQ,Lucknow APMC,2100,2000,2050,Uttar Pradesh,Deshi
05/11/2025,Tomato,78,Lucknow,FAQ,Lucknow APMC,2130,2030,2080,Uttar Pradesh,Deshi
04/11/2025,Tomato,78,Lucknow,FAQ,Lucknow APMC,2150,2050,2100,Uttar Pradesh,Deshi
03/11/2025,Tomato,78,Lucknow,FAQ,Lucknow APMC,2110,2010,2060,Uttar Pradesh,Deshi
02/11/2025,Tomato,78,Lucknow,FAQ,Lucknow APMC,2150,2000,2080,Uttar Pradesh,Deshi
04/11/2025,Tomato,78,Lucknow,FAQ,Lucknow,2150,2050,2100,Uttar Pradesh,Deshi
03/11/2025,Tomato,78,Lucknow,FAQ,Lucknow,2110,2010,2060,Uttar Pradesh,Deshi
02/11/2025,Tomato,78,Lucknow,FAQ,Lucknow,2150,2000,2080,Uttar Pradesh,Deshi
01/11/2025,Tomato,78,Lucknow,FAQ,Lucknow,2130,2030,2080,Uttar Pradesh,Deshi
31/10/2025,Tomato,78,Lucknow,FAQ,Lucknow,2150,2050,2100,Uttar Pradesh,Deshi
30/10/2025,Tomato,78,Lucknow,FAQ,Lucknow,2110,2010,2060,Uttar Pradesh,Deshi
29/10/2025,Tomato,78,Lucknow,FAQ,Lucknow,2100,2000,2050,Uttar Pradesh,Deshi
28/10/2025,Tomato,78,Lucknow,FAQ,Lucknow,2180,2080,2130,Uttar Pradesh,Deshi
27/10/2025,Tomato,78,Lucknow,FAQ,Lucknow,2180,2080,2130,Uttar Pradesh,Deshi
26/10/2025,Tomato,78,Lucknow,FAQ,Lucknow,2200,2100,2150,Uttar Pradesh,Deshi
25/10/2025,Tomato,78,Lucknow,FAQ,Lucknow,2200,2100,2150,Uttar Pradesh,Deshi
24/10/2025,Tomato,78,Lucknow,FAQ,Lucknow,2200,2100,2150,Uttar Pradesh,Deshi
23/10/2025,Tomato,78,Lucknow,FAQ,Lucknow,2200,2050,2100,Uttar Pradesh,Deshi
21/10/2025,Tomato,78,Lucknow,FAQ,Lucknow,2200,2100,2150,Uttar Pradesh,Deshi
20/10/2025,Tomato,78,Lucknow,FAQ,Lucknow,2200,2100,2150,Uttar Pradesh,Deshi
18/10/2025,Tomato,78,Lucknow,FAQ,Lucknow,2250,2120,2180,Uttar Pradesh,Deshi
17/10/2025,Tomato,78,Lucknow,FAQ,Lucknow,2220,2120,2170,Uttar Pradesh,Deshi
16/10/2025,Tomato,78,Lucknow,FAQ,Lucknow,2230,2130,2180,Uttar Pradesh,Deshi
15/10/2025,Tomato,78,Lucknow,FAQ,Lucknow,2240,2140,2190,Uttar Pradesh,Deshi
14/10/2025,Tomato,78,Lucknow,FAQ,Lucknow,2230,2130,2180,Uttar Pradesh,Deshi
13/10/2025,Tomato,78,Lucknow,FAQ,Lucknow,2200,2100,2150,Uttar Pradesh,Deshi
12/10/2025,Tomato,78,Lucknow,FAQ,Lucknow,2250,2100,2180,Uttar Pradesh,Deshi
11/10/2025,Tomato,78,Lucknow,FAQ,Lucknow,2220,2120,2170,Uttar Pradesh,Deshi
10/10/2025,Tomato,78,Lucknow,FAQ,Lucknow,2240,2140,2190,Uttar Pradesh,Deshi
09/10/2025,Tomato,78,Lucknow,FAQ,Lucknow,2250,2150,2200,Uttar Pradesh,Deshi
08/10/2025,Tomato,78,Lucknow,FAQ,Lucknow,2230,2130,2180,Uttar Pradesh,Deshi
07/10/2025,Tomato,78,Lucknow,FAQ,Lucknow,2250,2150,2200,Uttar Pradesh,Deshi
06/10/2025,Tomato,78,Lucknow,FAQ,Lucknow,2250,2150,2200,Uttar Pradesh,Deshi
05/10/2025,Tomato,78,Lucknow,FAQ,Lucknow,2250,2150,2200,Uttar Pradesh,Deshi
04/10/2025,Tomato,78,Lucknow,FAQ,Lucknow,2330,2230,2280,Uttar Pradesh,Deshi
03/10/2025,Tomato,78,Lucknow,FAQ,Lucknow,2250,2150,2200,Uttar Pradesh,Deshi
02/10/2025,Tomato,78,Lucknow,FAQ,Lucknow,2200,2100,2150,Uttar Pradesh,Deshi
30/09/2025,Tomato,78,Lucknow,FAQ,Lucknow,2370,2270,2320,Uttar Pradesh,Deshi
29/09/2025,Tomato,78,Lucknow,FAQ,Lucknow,2350,2250,2300,Uttar Pradesh,Deshi
28/09/2025,Tomato,78,Lucknow,FAQ,Lucknow,2400,2200,2300,Uttar Pradesh,Deshi
27/09/2025,Tomato,78,Lucknow,FAQ,Lucknow,2400,2300,2350,Uttar Pradesh,Deshi
26/09/2025,Tomato,78,Lucknow,FAQ,Lucknow,2400,2300,2350,Uttar Pradesh,Deshi
25/09/2025,Tomato,78,Lucknow,FAQ,Lucknow,2400,2300,2350,Uttar Pradesh,Deshi
23/09/2025,Tomato,78,Lucknow,FAQ,Lucknow,2350,2250,2300,Uttar Pradesh,Deshi
22/09/2025,Tomato,78,Lucknow,FAQ,Lucknow,2350,2250,2300,Uttar Pradesh,Deshi
21/09/2025,Tomato,78,Lucknow,FAQ,Lucknow,2400,2300,2350,Uttar Pradesh,Deshi
20/09/2025,Tomato,78,Lucknow,FAQ,Lucknow,2400,2300,2350,Uttar Pradesh,Deshi
19/09/2025,Tomato,78,Lucknow,FAQ,Lucknow,2430,2230,2380,Uttar Pradesh,Deshi
18/09/2025,Tomato,78,Lucknow,FAQ,Lucknow,2450,2350,2400,Uttar Pradesh,Deshi
17/09/2025,Tomato,78,Lucknow,FAQ,Lucknow,2450,2350,2400,Uttar Pradesh,Deshi
16/09/2025,Tomato,78,Lucknow,FAQ,Lucknow,2500,2400,2450,Uttar Pradesh,Deshi
15/09/2025,Tomato,78,Lucknow,FAQ,Lucknow,2500,2400,2450,Uttar Pradesh,Deshi
14/09/2025,Tomato,78,Lucknow,FAQ,Lucknow,2550,2450,2500,Uttar Pradesh,Deshi
13/09/2025,Tomato,78,Lucknow,FAQ,Lucknow,2550,2450,2500,Uttar Pradesh,Deshi
12/09/2025,Tomato,78,Lucknow,FAQ,Lucknow,2550,2450,2500,Uttar Pradesh,Deshi
11/09/2025,Tomato,78,Lucknow,FAQ,Lucknow,2600,2500,2550,Uttar Pradesh,Deshi
10/09/2025,Tomato,78,Lucknow,FAQ,Lucknow,2600,2500,2550,Uttar Pradesh,Deshi
09/09/2025,Tomato,78,Lucknow,FAQ,Lucknow,2650,2550,2600,Uttar Pradesh,Deshi
08/09/2025,Tomato,78,Lucknow,FAQ,Lucknow,2850,2750,2800,Uttar Pradesh,Deshi
07/09/2025,Tomato,78,Lucknow,FAQ,Lucknow,2950,2750,2850,Uttar Pradesh,Deshi
06/09/2025,Tomato,78,Lucknow,FAQ,Lucknow,2900,2800,2850,Uttar Pradesh,Deshi
05/09/2025,Tomato,78,Lucknow,FAQ,Lucknow,2900,2800,2850,Uttar Pradesh,Deshi
04/09/2025,Tomato,78,Lucknow,FAQ,Lucknow,3250,3150,3200,Uttar Pradesh,Deshi
03/09/2025,Tomato,78,Lucknow,FAQ,Lucknow,3300,3200,3250,Uttar Pradesh,Deshi
02/09/2025,Tomato,78,Lucknow,FAQ,Lucknow,3410,3310,3360,Uttar Pradesh,Deshi
01/09/2025,Tomato,78,Lucknow,FAQ,Lucknow,3450,3350,3400,Uttar Pradesh,Deshi
31/08/2025,Tomato,78,Lucknow,FAQ,Lucknow,3550,3450,3500,Uttar Pradesh,Deshi
30/08/2025,Tomato,78,Lucknow,FAQ,Lucknow,3600,3500,3550,Uttar Pradesh,Deshi
29/08/2025,Tomato,78,Lucknow,FAQ,Lucknow,3700,3600,3650,Uttar Pradesh,Deshi
28/08/2025,Tomato,78,Lucknow,FAQ,Lucknow,3700,3600,3650,Uttar Pradesh,Deshi
27/08/2025,Tomato,78,Lucknow,FAQ,Lucknow,4000,3900,3950,Uttar Pradesh,Deshi
26/08/2025,Tomato,78,Lucknow,FAQ,Lucknow,4000,3900,3950,Uttar Pradesh,Deshi
25/08/2025,Tomato,78,Lucknow,FAQ,Lucknow,3950,3850,3900,Uttar Pradesh,Deshi
24/08/2025,Tomato,78,Lucknow,FAQ,Lucknow,4100,3900,4000,Uttar Pradesh,Deshi
23/08/2025,Tomato,78,Lucknow,FAQ,Lucknow,4010,3910,3960,Uttar Pradesh,Deshi
22/08/2025,Tomato,78,Lucknow,FAQ,Lucknow,4000,3900,3950,Uttar Pradesh,Deshi
21/08/2025,Tomato,78,Lucknow,FAQ,Lucknow,4000,3900,3950,Uttar Pradesh,Deshi
20/08/2025,Tomato,78,Lucknow,FAQ,Lucknow,4000,3900,3950,Uttar Pradesh,Deshi
19/08/2025,Tomato,78,Lucknow,FAQ,Lucknow,4110,4010,4060,Uttar Pradesh,Deshi
18/08/2025,Tomato,78,Lucknow,FAQ,Lucknow,4150,3950,4050,Uttar Pradesh,Deshi
17/08/2025,Tomato,78,Lucknow,FAQ,Lucknow,4150,3900,4050,Uttar Pradesh,Deshi
16/08/2025,Tomato,78,Lucknow,FAQ,Lucknow,4100,3900,4000,Uttar Pradesh,Deshi
14/08/2025,Tomato,78,Lucknow,FAQ,Lucknow,3850,3750,3800,Uttar Pradesh,Deshi
13/08/2025,Tomato,78,Lucknow,FAQ,Lucknow,3810,3710,3760,Uttar Pradesh,Deshi
12/08/2025,Tomato,78,Lucknow,FAQ,Lucknow,3810,3710,3760,Uttar Pradesh,Deshi
11/08/2025,Tomato,78,Lucknow,FAQ,Lucknow,3800,3700,3750,Uttar Pradesh,Deshi
10/08/2025,Tomato,78,Lucknow,FAQ,Lucknow,3780,3680,3730,Uttar Pradesh,Deshi
09/08/2025,Tomato,78,Lucknow,FAQ,Lucknow,3800,3700,3750,Uttar Pradesh,Deshi
08/08/2025,Tomato,78,Lucknow,FAQ,Lucknow,3800,3700,3750,Uttar Pradesh,Deshi
07/08/2025,Tomato,78,Lucknow,FAQ,Lucknow,3850,3750,3800,Uttar Pradesh,Deshi
06/08/2025,Tomato,78,Lucknow,FAQ,Lucknow,3850,3750,3800,Uttar Pradesh,Deshi
05/08/2025,Tomato,78,Lucknow,FAQ,Lucknow,3800,3700,3750,Uttar Pradesh,Deshi
04/08/2025,Tomato,78,Lucknow,FAQ,Lucknow,3800,3700,3750,Uttar Pradesh,Deshi
03/08/2025,Tomato,78,Lucknow,FAQ,Lucknow,3750,3650,3700,Uttar Pradesh,Deshi
02/08/2025,Tomato,78,Lucknow,FAQ,Lucknow,3750,3650,3700,Uttar Pradesh,Deshi
01/08/2025,Tomato,78,Lucknow,FAQ,Lucknow,3700,3600,3650,Uttar Pradesh,Deshi
31/07/2025,Tomato,78,Lucknow,FAQ,Lucknow,3700,3600,3650,Uttar Pradesh,Deshi
30/07/2025,Tomato,78,Lucknow,FAQ,Lucknow,3450,3350,3400,Uttar Pradesh,Deshi
29/07/2025,Tomato,78,Lucknow,FAQ,Lucknow,3200,3100,3150,Uttar Pradesh,Deshi
28/07/2025,Tomato,78,Lucknow,FAQ,Lucknow,3200,3100,3150,Uttar Pradesh,Deshi
27/07/2025,Tomato,78,Lucknow,FAQ,Lucknow,2930,2830,2880,Uttar Pradesh,Deshi
26/07/2025,Tomato,78,Lucknow,FAQ,Lucknow,2990,2890,2940,Uttar Pradesh,Deshi
25/07/2025,Tomato,78,Lucknow,FAQ,Lucknow,3000,2900,2950,Uttar Pradesh,Deshi
24/07/2025,Tomato,78,Lucknow,FAQ,Lucknow,2920,2820,2870,Uttar Pradesh,Deshi
23/07/2025,Tomato,78,Lucknow,FAQ,Lucknow,2925,2825,2875,Uttar Pradesh,Deshi
22/07/2025,Tomato,78,Lucknow,FAQ,Lucknow,2910,2810,2860,Uttar Pradesh,Deshi
21/07/2025,Tomato,78,Lucknow,FAQ,Lucknow,2910,2810,2860,Uttar Pradesh,Deshi
20/07/2025,Tomato,78,Lucknow,FAQ,Lucknow,2900,2800,2850,Uttar Pradesh,Deshi
19/07/2025,Tomato,78,Lucknow,FAQ,Lucknow,2900,2800,2850,Uttar Pradesh,Deshi
18/07/2025,Tomato,78,Lucknow,FAQ,Lucknow,2900,2800,2850,Uttar Pradesh,Deshi
17/07/2025,Tomato,78,Lucknow,FAQ,Lucknow,2900,2800,2850,Uttar Pradesh,Deshi
16/07/2025,Tomato,78,Lucknow,FAQ,Lucknow,2900,2800,2850,Uttar Pradesh,Deshi
15/07/2025,Tomato,78,Lucknow,FAQ,Lucknow,2920,2820,2870,Uttar Pradesh,Deshi
14/07/2025,Tomato,78,Lucknow,FAQ,Lucknow,2900,2800,2850,Uttar Pradesh,Deshi
13/07/2025,Tomato,78,Lucknow,FAQ,Lucknow,2900,2700,2800,Uttar Pradesh,Deshi
12/07/2025,Tomato,78,Lucknow,FAQ,Lucknow,2850,2650,2750,Uttar Pradesh,Deshi
11/07/2025,Tomato,78,Lucknow,FAQ,Lucknow,2800,2700,2750,Uttar Pradesh,Deshi
10/07/2025,Tomato,78,Lucknow,FAQ,Lucknow,2780,2680,2730,Uttar Pradesh,Deshi
09/07/2025,Tomato,78,Lucknow,FAQ,Lucknow,2770,2670,2720,Uttar Pradesh,Deshi
08/07/2025,Tomato,78,Lucknow,FAQ,Lucknow,2800,2700,2750,Uttar Pradesh,Deshi
07/07/2025,Tomato,78,Lucknow,FAQ,Lucknow,2750,2600,2650,Uttar Pradesh,Deshi
06/07/2025,Tomato,78,Lucknow,FAQ,Lucknow,2700,2500,2600,Uttar Pradesh,Deshi
05/07/2025,Tomato,78,Lucknow,FAQ,Lucknow,2650,2550,2600,Uttar Pradesh,Deshi
04/07/2025,Tomato,78,Lucknow,FAQ,Lucknow,2350,2250,2300,Uttar Pradesh,Deshi
03/07/2025,Tomato,78,Lucknow,FAQ,Lucknow,2300,2200,2250,Uttar Pradesh,Deshi
02/07/2025,Tomato,78,Lucknow,FAQ,Lucknow,2210,2110,2160,Uttar Pradesh,Deshi
01/07/2025,Tomato,78,Lucknow,FAQ,Lucknow,2200,2100,2150,Uttar Pradesh,Deshi
30/06/2025,Tomato,78,Lucknow,FAQ,Lucknow,2200,2100,2150,Uttar Pradesh,Deshi
28/06/2025,Tomato,78,Lucknow,FAQ,Lucknow,2130,2030,2080,Uttar Pradesh,Deshi
27/06/2025,Tomato,78,Lucknow,FAQ,Lucknow,2110,2010,2060,Uttar Pradesh,Deshi
26/06/2025,Tomato,78,Lucknow,FAQ,Lucknow,2100,2000,2050,Uttar Pradesh,Deshi
25/06/2025,Tomato,78,Lucknow,FAQ,Lucknow,2050,1950,2000,Uttar Pradesh,Deshi
24/06/2025,Tomato,78,Lucknow,FAQ,Lucknow,2000,1900,1950,Uttar Pradesh,Deshi
23/06/2025,Tomato,78,Lucknow,FAQ,Lucknow,2000,1900,1950,Uttar Pradesh,Deshi
22/06/2025,Tomato,78,Lucknow,FAQ,Lucknow,2200,2100,2150,Uttar Pradesh,Deshi
21/06/2025,Tomato,78,Lucknow,FAQ,Lucknow,2200,2100,2150,Uttar Pradesh,Deshi
20/06/2025,Tomato,78,Lucknow,FAQ,Lucknow,2450,2350,2400,Uttar Pradesh,Deshi
19/06/2025,Tomato,78,Lucknow,FAQ,Lucknow,2350,2250,2300,Uttar Pradesh,Deshi
18/06/2025,Tomato,78,Lucknow,FAQ,Lucknow,2350,2250,2300,Uttar Pradesh,Deshi
17/06/2025,Tomato,78,Lucknow,FAQ,Lucknow,2230,2130,2180,Uttar Pradesh,Deshi
16/06/2025,Tomato,78,Lucknow,FAQ,Lucknow,2225,2125,2175,Uttar Pradesh,Deshi
15/06/2025,Tomato,78,Lucknow,FAQ,Lucknow,2230,2130,2180,Uttar Pradesh,Deshi
14/06/2025,Tomato,78,Lucknow,FAQ,Lucknow,2300,2100,2180,Uttar Pradesh,Deshi
13/06/2025,Tomato,78,Lucknow,FAQ,Lucknow,2250,2150,2200,Uttar Pradesh,Deshi
12/06/2025,Tomato,78,Lucknow,FAQ,Lucknow,1900,1800,1850,Uttar Pradesh,Deshi
11/06/2025,Tomato,78,Lucknow,FAQ,Lucknow,1850,1750,1800,Uttar Pradesh,Deshi
10/06/2025,Tomato,78,Lucknow,FAQ,Lucknow,1650,1550,1600,Uttar Pradesh,Deshi
09/06/2025,Tomato,78,Lucknow,FAQ,Lucknow,1650,1550,1600,Uttar Pradesh,Deshi
08/06/2025,Tomato,78,Lucknow,FAQ,Lucknow,1540,1420,1480,Uttar Pradesh,Deshi
07/06/2025,Tomato,78,Lucknow,FAQ,Lucknow,1520,1420,1480,Uttar Pradesh,Deshi
06/06/2025,Tomato,78,Lucknow,FAQ,Lucknow,1530,1430,1480,Uttar Pradesh,Deshi
05/06/2025,Tomato,78,Lucknow,FAQ,Lucknow,1520,1420,1470,Uttar Pradesh,Deshi
04/06/2025,Tomato,78,Lucknow,FAQ,Lucknow,1500,1400,1450,Uttar Pradesh,Deshi
03/06/2025,Tomato,78,Lucknow,FAQ,Lucknow,1440,1340,1390,Uttar Pradesh,Deshi
02/06/2025,Tomato,78,Lucknow,FAQ,Lucknow,1430,1330,1380,Uttar Pradesh,Deshi
01/06/2025,Tomato,78,Lucknow,FAQ,Lucknow,1360,1250,1300,Uttar Pradesh,Deshi
31/05/2025,Tomato,78,Lucknow,FAQ,Lucknow,1300,1200,1250,Uttar Pradesh,Deshi
30/05/2025,Tomato,78,Lucknow,FAQ,Lucknow,1130,1030,1080,Uttar Pradesh,Deshi
29/05/2025,Tomato,78,Lucknow,FAQ,Lucknow,1130,1030,1080,Uttar Pradesh,Deshi
28/05/2025,Tomato,78,Lucknow,FAQ,Lucknow,1100,1000,1050,Uttar Pradesh,Deshi
27/05/2025,Tomato,78,Lucknow,FAQ,Lucknow,1060,980,1030,Uttar Pradesh,Deshi
26/05/2025,Tomato,78,Lucknow,FAQ,Lucknow,1070,970,1020,Uttar Pradesh,Deshi
25/05/2025,Tomato,78,Lucknow,FAQ,Lucknow,1000,900,960,Uttar Pradesh,Deshi
24/05/2025,Tomato,78,Lucknow,FAQ,Lucknow,1010,910,960,Uttar Pradesh,Deshi
23/05/2025,Tomato,78,Lucknow,FAQ,Lucknow,1000,900,950,Uttar Pradesh,Deshi
22/05/2025,Tomato,78,Lucknow,FAQ,Lucknow,970,870,920,Uttar Pradesh,Deshi
21/05/2025,Tomato,78,Lucknow,FAQ,Lucknow,950,850,900,Uttar Pradesh,Deshi
20/05/2025,Tomato,78,Lucknow,FAQ,Lucknow,910,810,860,Uttar Pradesh,Deshi
19/05/2025,Tomato,78,Lucknow,FAQ,Lucknow,920,820,870,Uttar Pradesh,Deshi
18/05/2025,Tomato,78,Lucknow,FAQ,Lucknow,920,800,860,Uttar Pradesh,Deshi
17/05/2025,Tomato,78,Lucknow,FAQ,Lucknow,900,800,850,Uttar Pradesh,Deshi
16/05/2025,Tomato,78,Lucknow,FAQ,Lucknow,890,790,840,Uttar Pradesh,Deshi
15/05/2025,Tomato,78,Lucknow,FAQ,Lucknow,880,770,830,Uttar Pradesh,Deshi
14/05/2025,Tomato,78,Lucknow,FAQ,Lucknow,870,770,820,Uttar Pradesh,Deshi
13/05/2025,Tomato,78,Lucknow,FAQ,Lucknow,860,760,810,Uttar Pradesh,Deshi
12/05/2025,Tomato,78,Lucknow,FAQ,Lucknow,860,770,820,Uttar Pradesh,Deshi
11/05/2025,Tomato,78,Lucknow,FAQ,Lucknow,870,770,820,Uttar Pradesh,Deshi
10/05/2025,Tomato,78,Lucknow,FAQ,Lucknow,850,750,800,Uttar Pradesh,Deshi
09/05/2025,Tomato,78,Lucknow,FAQ,Lucknow,850,750,800,Uttar Pradesh,Deshi
08/05/2025,Tomato,78,Lucknow,FAQ,Lucknow,850,750,800,Uttar Pradesh,Deshi
07/05/2025,Tomato,78,Lucknow,FAQ,Lucknow,830,730,780,Uttar Pradesh,Deshi
06/05/2025,Tomato,78,Lucknow,FAQ,Lucknow,810,710,760,Uttar Pradesh,Deshi
05/05/2025,Tomato,78,Lucknow,FAQ,Lucknow,800,700,750,Uttar Pradesh,Deshi
03/05/2025,Tomato,78,Lucknow,FAQ,Lucknow,790,690,740,Uttar Pradesh,Deshi
02/05/2025,Tomato,78,Lucknow,FAQ,Lucknow,790,690,740,Uttar Pradesh,Deshi
01/05/2025,Tomato,78,Lucknow,FAQ,Lucknow,780,680,730,Uttar Pradesh,Deshi
30/04/2025,Tomato,78,Lucknow,FAQ,Lucknow,780,650,720,Uttar Pradesh,Deshi
29/04/2025,Tomato,78,Lucknow,FAQ,Lucknow,740,640,690,Uttar Pradesh,Deshi
28/04/2025,Tomato,78,Lucknow,FAQ,Lucknow,740,640,690,Uttar Pradesh,Deshi
26/04/2025,Tomato,78,Lucknow,FAQ,Lucknow,750,650,700,Uttar Pradesh,Deshi
25/04/2025,Tomato,78,Lucknow,FAQ,Lucknow,760,660,710,Uttar Pradesh,Deshi
24/04/2025,Tomato,78,Lucknow,FAQ,Lucknow,750,650,700,Uttar Pradesh,Deshi
23/04/2025,Tomato,78,Lucknow,FAQ,Lucknow,750,650,700,Uttar Pradesh,Deshi
22/04/2025,Tomato,78,Lucknow,FAQ,Lucknow,770,670,720,Uttar Pradesh,Deshi
21/04/2025,Tomato,78,Lucknow,FAQ,Lucknow,820,720,770,Uttar Pradesh,Deshi
20/04/2025,Tomato,78,Lucknow,FAQ,Lucknow,810,710,760,Uttar Pradesh,Deshi
19/04/2025,Tomato,78,Lucknow,FAQ,Lucknow,815,715,765,Uttar Pradesh,Deshi
18/04/2025,Tomato,78,Lucknow,FAQ,Lucknow,810,710,760,Uttar Pradesh,Deshi
17/04/2025,Tomato,78,Lucknow,FAQ,Lucknow,800,700,760,Uttar Pradesh,Deshi
16/04/2025,Tomato,78,Lucknow,FAQ,Lucknow,800,700,750,Uttar Pradesh,Deshi
15/04/2025,Tomato,78,Lucknow,FAQ,Lucknow,820,720,770,Uttar Pradesh,Deshi
14/04/2025,Tomato,78,Lucknow,FAQ,Lucknow,850,750,800,Uttar Pradesh,Deshi
13/04/2025,Tomato,78,Lucknow,FAQ,Lucknow,860,750,810,Uttar Pradesh,Deshi
12/04/2025,Tomato,78,Lucknow,FAQ,Lucknow,850,750,800,Uttar Pradesh,Deshi
11/04/2025,Tomato,78,Lucknow,FAQ,Lucknow,850,750,800,Uttar Pradesh,Deshi
10/04/2025,Tomato,78,Lucknow,FAQ,Lucknow,820,720,770,Uttar Pradesh,Deshi
09/04/2025,Tomato,78,Lucknow,FAQ,Lucknow,830,730,780,Uttar Pradesh,Deshi
08/04/2025,Tomato,78,Lucknow,FAQ,Lucknow,800,700,750,Uttar Pradesh,Deshi
07/04/2025,Tomato,78,Lucknow,FAQ,Lucknow,780,680,730,Uttar Pradesh,Deshi
06/04/2025,Tomato,78,Lucknow,FAQ,Lucknow,730,630,680,Uttar Pradesh,Deshi
05/04/2025,Tomato,78,Lucknow,FAQ,Lucknow,730,630,680,Uttar Pradesh,Deshi
04/04/2025,Tomato,78,Lucknow,FAQ,Lucknow,720,620,670,Uttar Pradesh,Deshi
03/04/2025,Tomato,78,Lucknow,FAQ,Lucknow,720,620,670,Uttar Pradesh,Deshi
02/04/2025,Tomato,78,Lucknow,FAQ,Lucknow,730,630,680,Uttar Pradesh,Deshi
01/04/2025,Tomato,78,Lucknow,FAQ,Lucknow,720,620,670,Uttar Pradesh,Deshi
31/03/2025,Tomato,78,Lucknow,FAQ,Lucknow,740,640,690,Uttar Pradesh,Deshi
30/03/2025,Tomato,78,Lucknow,FAQ,Lucknow,740,640,690,Uttar Pradesh,Deshi
29/03/2025,Tomato,78,Lucknow,FAQ,Lucknow,730,630,680,Uttar Pradesh,Deshi
28/03/2025,Tomato,78,Lucknow,FAQ,Lucknow,740,640,690,Uttar Pradesh,Deshi
27/03/2025,Tomato,78,Lucknow,FAQ,Lucknow,730,630,680,Uttar Pradesh,Deshi
26/03/2025,Tomato,78,Lucknow,FAQ,Lucknow,720,620,670,Uttar Pradesh,Deshi
25/03/2025,Tomato,78,Lucknow,FAQ,Lucknow,730,630,680,Uttar Pradesh,Deshi
24/03/2025,Tomato,78,Lucknow,FAQ,Lucknow,740,640,690,Uttar Pradesh,Deshi
23/03/2025,Tomato,78,Lucknow,FAQ,Lucknow,760,660,710,Uttar Pradesh,Deshi
22/03/2025,Tomato,78,Lucknow,FAQ,Lucknow,740,650,700,Uttar Pradesh,Deshi
21/03/2025,Tomato,78,Lucknow,FAQ,Lucknow,750,650,700,Uttar Pradesh,Deshi
20/03/2025,Tomato,78,Lucknow,FAQ,Lucknow,790,690,740,Uttar Pradesh,Deshi
19/03/2025,Tomato,78,Lucknow,FAQ,Lucknow,800,700,750,Uttar Pradesh,Deshi
18/03/2025,Tomato,78,Lucknow,FAQ,Lucknow,790,690,740,Uttar Pradesh,Deshi
17/03/2025,Tomato,78,Lucknow,FAQ,Lucknow,780,680,730,Uttar Pradesh,Deshi
16/03/2025,Tomato,78,Lucknow,FAQ,Lucknow,760,700,730,Uttar Pradesh,Deshi
15/03/2025,Tomato,78,Lucknow,FAQ,Lucknow,750,650,730,Uttar Pradesh,Deshi
13/03/2025,Tomato,78,Lucknow,FAQ,Lucknow,740,650,690,Uttar Pradesh,Deshi
12/03/2025,Tomato,78,Lucknow,FAQ,Lucknow,740,640,690,Uttar Pradesh,Deshi
11/03/2025,Tomato,78,Lucknow,FAQ,Lucknow,750,650,700,Uttar Pradesh,Deshi
10/03/2025,Tomato,78,Lucknow,FAQ,Lucknow,800,700,750,Uttar Pradesh,Deshi
09/03/2025,Tomato,78,Lucknow,FAQ,Lucknow,780,700,740,Uttar Pradesh,Deshi
08/03/2025,Tomato,78,Lucknow,FAQ,Lucknow,800,700,750,Uttar Pradesh,Deshi
07/03/2025,Tomato,78,Lucknow,FAQ,Lucknow,830,730,780,Uttar Pradesh,Deshi
06/03/2025,Tomato,78,Lucknow,FAQ,Lucknow,850,750,800,Uttar Pradesh,Deshi
05/03/2025,Tomato,78,Lucknow,FAQ,Lucknow,850,750,800,Uttar Pradesh,Deshi
04/03/2025,Tomato,78,Lucknow,FAQ,Lucknow,840,740,790,Uttar Pradesh,Deshi
03/03/2025,Tomato,78,Lucknow,FAQ,Lucknow,830,730,780,Uttar Pradesh,Deshi
02/03/2025,Tomato,78,Lucknow,FAQ,Lucknow,770,680,730,Uttar Pradesh,Deshi
01/03/2025,Tomato,78,Lucknow,FAQ,Lucknow,800,700,750,Uttar Pradesh,Deshi
28/02/2025,Tomato,78,Lucknow,FAQ,Lucknow,880,780,830,Uttar Pradesh,Deshi
27/02/2025,Tomato,78,Lucknow,FAQ,Lucknow,830,730,780,Uttar Pradesh,Deshi
26/02/2025,Tomato,78,Lucknow,FAQ,Lucknow,850,750,800,Uttar Pradesh,Deshi
25/02/2025,Tomato,78,Lucknow,FAQ,Lucknow,850,750,800,Uttar Pradesh,Deshi
24/02/2025,Tomato,78,Lucknow,FAQ,Lucknow,880,780,830,Uttar Pradesh,Deshi
23/02/2025,Tomato,78,Lucknow,FAQ,Lucknow,900,800,860,Uttar Pradesh,Deshi
22/02/2025,Tomato,78,Lucknow,FAQ,Lucknow,920,820,870,Uttar Pradesh,Deshi
21/02/2025,Tomato,78,Lucknow,FAQ,Lucknow,920,820,870,Uttar Pradesh,Deshi
20/02/2025,Tomato,78,Lucknow,FAQ,Lucknow,910,810,860,Uttar Pradesh,Deshi
19/02/2025,Tomato,78,Lucknow,FAQ,Lucknow,950,850,900,Uttar Pradesh,Deshi
18/02/2025,Tomato,78,Lucknow,FAQ,Lucknow,920,820,870,Uttar Pradesh,Deshi
17/02/2025,Tomato,78,Lucknow,FAQ,Lucknow,930,830,880,Uttar Pradesh,Deshi
16/02/2025,Tomato,78,Lucknow,FAQ,Lucknow,950,840,890,Uttar Pradesh,Deshi
15/02/2025,Tomato,78,Lucknow,FAQ,Lucknow,930,830,880,Uttar Pradesh,Deshi
14/02/2025,Tomato,78,Lucknow,FAQ,Lucknow,910,710,860,Uttar Pradesh,Deshi
13/02/2025,Tomato,78,Lucknow,FAQ,Lucknow,880,780,830,Uttar Pradesh,Deshi
12/02/2025,Tomato,78,Lucknow,FAQ,Lucknow,920,820,860,Uttar Pradesh,Deshi
11/02/2025,Tomato,78,Lucknow,FAQ,Lucknow,900,800,850,Uttar Pradesh,Deshi
10/02/2025,Tomato,78,Lucknow,FAQ,Lucknow,910,810,860,Uttar Pradesh,Deshi
09/02/2025,Tomato,78,Lucknow,FAQ,Lucknow,900,800,850,Uttar Pradesh,Deshi
08/02/2025,Tomato,78,Lucknow,FAQ,Lucknow,900,800,850,Uttar Pradesh,Deshi
07/02/2025,Tomato,78,Lucknow,FAQ,Lucknow,900,800,850,Uttar Pradesh,Deshi
06/02/2025,Tomato,78,Lucknow,Non-FAQ,Lucknow,820,720,770,Uttar Pradesh,Deshi
05/02/2025,Tomato,78,Lucknow,FAQ,Lucknow,930,830,880,Uttar Pradesh,Deshi
04/02/2025,Tomato,78,Lucknow,Non-FAQ,Lucknow,800,700,750,Uttar Pradesh,Deshi
03/02/2025,Tomato,78,Lucknow,FAQ,Lucknow,1000,900,950,Uttar Pradesh,Deshi
02/02/2025,Tomato,78,Lucknow,FAQ,Lucknow,1040,940,990,Uttar Pradesh,Deshi
01/02/2025,Tomato,78,Lucknow,FAQ,Lucknow,1040,940,990,Uttar Pradesh,Deshi
31/01/2025,Tomato,78,Lucknow,Non-FAQ,Lucknow,900,830,860,Uttar Pradesh,Deshi
30/01/2025,Tomato,78,Lucknow,Non-FAQ,Lucknow,910,830,870,Uttar Pradesh,Deshi
29/01/2025,Tomato,78,Lucknow,FAQ,Lucknow,1050,950,1000,Uttar Pradesh,Deshi
28/01/2025,Tomato,78,Lucknow,FAQ,Lucknow,1075,975,1025,Uttar Pradesh,Deshi
27/01/2025,Tomato,78,Lucknow,FAQ,Lucknow,1070,970,1020,Uttar Pradesh,Deshi
25/01/2025,Tomato,78,Lucknow,FAQ,Lucknow,1080,980,1030,Uttar Pradesh,Deshi
24/01/2025,Tomato,78,Lucknow,FAQ,Lucknow,1070,970,1020,Uttar Pradesh,Deshi
23/01/2025,Tomato,78,Lucknow,FAQ,Lucknow,1090,1000,1040,Uttar Pradesh,Deshi
22/01/2025,Tomato,78,Lucknow,FAQ,Lucknow,1100,1000,1050,Uttar Pradesh,Deshi
21/01/2025,Tomato,78,Lucknow,FAQ,Lucknow,1080,980,1030,Uttar Pradesh,Deshi
20/01/2025,Tomato,78,Lucknow,FAQ,Lucknow,1090,1000,1040,Uttar Pradesh,Deshi
19/01/2025,Tomato,78,Lucknow,FAQ,Lucknow,1100,1000,1050,Uttar Pradesh,Deshi
18/01/2025,Tomato,78,Lucknow,FAQ,Lucknow,1100,1000,1050,Uttar Pradesh,Deshi
17/01/2025,Tomato,78,Lucknow,FAQ,Lucknow,1140,1040,1090,Uttar Pradesh,Deshi
16/01/2025,Tomato,78,Lucknow,FAQ,Lucknow,1140,1040,1090,Uttar Pradesh,Deshi
15/01/2025,Tomato,78,Lucknow,FAQ,Lucknow,1140,1040,1090,Uttar Pradesh,Deshi
14/01/2025,Tomato,78,Lucknow,FAQ,Lucknow,1180,1080,1130,Uttar Pradesh,Deshi
13/01/2025,Tomato,78,Lucknow,FAQ,Lucknow,1200,1100,1150,Uttar Pradesh,Deshi
12/01/2025,Tomato,78,Lucknow,FAQ,Lucknow,1200,1100,1160,Uttar Pradesh,Deshi
11/01/2025,Tomato,78,Lucknow,FAQ,Lucknow,1200,1100,1150,Uttar Pradesh,Deshi
10/01/2025,Tomato,78,Lucknow,FAQ,Lucknow,1200,1100,1150,Uttar Pradesh,Deshi
09/01/2025,Tomato,78,Lucknow,FAQ,Lucknow,1240,1140,1180,Uttar Pradesh,Deshi
08/01/2025,Tomato,78,Lucknow,FAQ,Lucknow,1350,1250,1300,Uttar Pradesh,Deshi
07/01/2025,Tomato,78,Lucknow,FAQ,Lucknow,1400,1300,1350,Uttar Pradesh,Deshi
06/01/2025,Tomato,78,Lucknow,FAQ,Lucknow,1400,1300,1340,Uttar Pradesh,Deshi
05/01/2025,Tomato,78,Lucknow,FAQ,Lucknow,1400,1300,1350,Uttar Pradesh,Deshi
04/01/2025,Tomato,78,Lucknow,FAQ,Lucknow,1500,1400,1450,Uttar Pradesh,Deshi
03/01/2025,Tomato,78,Lucknow,FAQ,Lucknow,1550,1450,1500,Uttar Pradesh,Deshi
02/01/2025,Tomato,78,Lucknow,FAQ,Lucknow,1550,1450,1500,Uttar Pradesh,Deshi
01/01/2025,Tomato,78,Lucknow,FAQ,Lucknow,1700,1600,1650,Uttar Pradesh,Deshi
31/12/2024,Tomato,78,Lucknow,FAQ,Lucknow,1800,1650,1720,Uttar Pradesh,Deshi
30/12/2024,Tomato,78,Lucknow,FAQ,Lucknow,1800,1650,1720,Uttar Pradesh,Deshi
29/12/2024,Tomato,78,Lucknow,FAQ,Lucknow,1850,1750,1800,Uttar Pradesh,Deshi
28/12/2024,Tomato,78,Lucknow,FAQ,Lucknow,1900,1750,1800,Uttar Pradesh,Deshi
27/12/2024,Tomato,78,Lucknow,FAQ,Lucknow,2100,2000,2050,Uttar Pradesh,Deshi
26/12/2024,Tomato,78,Lucknow,FAQ,Lucknow,2350,2250,2300,Uttar Pradesh,Deshi
25/12/2024,Tomato,78,Lucknow,FAQ,Lucknow,2400,2250,2350,Uttar Pradesh,Deshi
24/12/2024,Tomato,78,Lucknow,FAQ,Lucknow,2400,2300,2350,Uttar Pradesh,Deshi
23/12/2024,Tomato,78,Lucknow,FAQ,Lucknow,2300,2200,2250,Uttar Pradesh,Deshi
22/12/2024,Tomato,78,Lucknow,FAQ,Lucknow,2350,2240,2290,Uttar Pradesh,Deshi
21/12/2024,Tomato,78,Lucknow,FAQ,Lucknow,2350,2250,2300,Uttar Pradesh,Deshi
20/12/2024,Tomato,78,Lucknow,FAQ,Lucknow,2550,2450,2500,Uttar Pradesh,Deshi
19/12/2024,Tomato,78,Lucknow,FAQ,Lucknow,2550,2450,2500,Uttar Pradesh,Deshi
18/12/2024,Tomato,78,Lucknow,FAQ,Lucknow,2570,2470,2520,Uttar Pradesh,Deshi
17/12/2024,Tomato,78,Lucknow,FAQ,Lucknow,2500,2400,2450,Uttar Pradesh,Deshi
16/12/2024,Tomato,78,Lucknow,FAQ,Lucknow,2600,2500,2550,Uttar Pradesh,Deshi
15/12/2024,Tomato,78,Lucknow,FAQ,Lucknow,2700,2600,2650,Uttar Pradesh,Deshi
14/12/2024,Tomato,78,Lucknow,FAQ,Lucknow,2800,2700,2750,Uttar Pradesh,Deshi
13/12/2024,Tomato,78,Lucknow,FAQ,Lucknow,2850,2750,2800,Uttar Pradesh,Deshi
12/12/2024,Tomato,78,Lucknow,FAQ,Lucknow,2900,2800,2850,Uttar Pradesh,Deshi
11/12/2024,Tomato,78,Lucknow,FAQ,Lucknow,2900,2800,2850,Uttar Pradesh,Deshi
10/12/2024,Tomato,78,Lucknow,FAQ,Lucknow,2900,2800,2850,Uttar Pradesh,Deshi
09/12/2024,Tomato,78,Lucknow,FAQ,Lucknow,2950,2850,2900,Uttar Pradesh,Deshi
08/12/2024,Tomato,78,Lucknow,FAQ,Lucknow,2950,2800,2900,Uttar Pradesh,Deshi
07/12/2024,Tomato,78,Lucknow,FAQ,Lucknow,3050,2950,3000,Uttar Pradesh,Deshi
06/12/2024,Tomato,78,Lucknow,FAQ,Lucknow,3100,3000,3050,Uttar Pradesh,Deshi
05/12/2024,Tomato,78,Lucknow,FAQ,Lucknow,3040,2940,2990,Uttar Pradesh,Deshi
04/12/2024,Tomato,78,Lucknow,FAQ,Lucknow,3000,2900,2950,Uttar Pradesh,Deshi
03/12/2024,Tomato,78,Lucknow,FAQ,Lucknow,3050,2950,3000,Uttar Pradesh,Deshi
02/12/2024,Tomato,78,Lucknow,FAQ,Lucknow,3050,2950,3000,Uttar Pradesh,Deshi
01/12/2024,Tomato,78,Lucknow,FAQ,Lucknow,3100,2950,3050,Uttar Pradesh,Deshi
30/11/2024,Tomato,78,Lucknow,FAQ,Lucknow,3000,2900,2950,Uttar Pradesh,Deshi
29/11/2024,Tomato,78,Lucknow,FAQ,Lucknow,3100,3000,3050,Uttar Pradesh,Deshi
28/11/2024,Tomato,78,Lucknow,FAQ,Lucknow,3100,3000,3050,Uttar Pradesh,Deshi
27/11/2024,Tomato,78,Lucknow,FAQ,Lucknow,3100,3010,3060,Uttar Pradesh,Deshi
26/11/2024,Tomato,78,Lucknow,FAQ,Lucknow,3040,2940,2990,Uttar Pradesh,Deshi
25/11/2024,Tomato,78,Lucknow,FAQ,Lucknow,3100,3000,3050,Uttar Pradesh,Deshi
24/11/2024,Tomato,78,Lucknow,FAQ,Lucknow,3000,2850,2900,Uttar Pradesh,Deshi
23/11/2024,Tomato,78,Lucknow,FAQ,Lucknow,2950,2850,2900,Uttar Pradesh,Deshi
22/11/2024,Tomato,78,Lucknow,FAQ,Lucknow,3050,2900,2950,Uttar Pradesh,Deshi
21/11/2024,Tomato,78,Lucknow,FAQ,Lucknow,3050,2950,3000,Uttar Pradesh,Deshi
20/11/2024,Tomato,78,Lucknow,FAQ,Lucknow,3100,3000,3050,Uttar Pradesh,Deshi
19/11/2024,Tomato,78,Lucknow,FAQ,Lucknow,3250,3150,3200,Uttar Pradesh,Deshi
18/11/2024,Tomato,78,Lucknow,FAQ,Lucknow,3250,3150,3200,Uttar Pradesh,Deshi
17/11/2024,Tomato,78,Lucknow,FAQ,Lucknow,3250,3150,3200,Uttar Pradesh,Deshi
16/11/2024,Tomato,78,Lucknow,FAQ,Lucknow,3300,3200,3250,Uttar Pradesh,Deshi
15/11/2024,Tomato,78,Lucknow,FAQ,Lucknow,3350,3200,3300,Uttar Pradesh,Deshi
14/11/2024,Tomato,78,Lucknow,FAQ,Lucknow,3500,3400,3450,Uttar Pradesh,Deshi
13/11/2024,Tomato,78,Lucknow,FAQ,Lucknow,3530,3430,3480,Uttar Pradesh,Deshi
11/11/2024,Tomato,78,Lucknow,FAQ,Lucknow,3650,3550,3600,Uttar Pradesh,Deshi
10/11/2024,Tomato,78,Lucknow,FAQ,Lucknow,3600,3500,3550,Uttar Pradesh,Deshi
09/11/2024,Tomato,78,Lucknow,FAQ,Lucknow,4000,3900,3950,Uttar Pradesh,Deshi
08/11/2024,Tomato,78,Lucknow,FAQ,Lucknow,4030,3930,3980,Uttar Pradesh,Deshi
07/11/2024,Tomato,78,Lucknow,FAQ,Lucknow,3900,3750,3850,Uttar Pradesh,Deshi
06/11/2024,Tomato,78,Lucknow,FAQ,Lucknow,3970,3870,3920,Uttar Pradesh,Deshi
05/11/2024,Tomato,78,Lucknow,FAQ,Lucknow,3980,3880,3930,Uttar Pradesh,Deshi
04/11/2024,Tomato,78,Lucknow,FAQ,Lucknow,4000,3900,3950,Uttar Pradesh,Deshi
03/11/2024,Tomato,78,Lucknow,FAQ,Lucknow,4200,4000,4100,Uttar Pradesh,Deshi
02/11/2024,Tomato,78,Lucknow,FAQ,Lucknow,4250,4050,4150,Uttar Pradesh,Deshi
01/11/2024,Tomato,78,Lucknow,FAQ,Lucknow,4200,4000,4100,Uttar Pradesh,Deshi
31/10/2024,Tomato,78,Lucknow,FAQ,Lucknow,4200,4000,4100,Uttar Pradesh,Deshi
30/10/2024,Tomato,78,Lucknow,FAQ,Lucknow,4300,4200,4250,Uttar Pradesh,Deshi
29/10/2024,Tomato,78,Lucknow,FAQ,Lucknow,4300,4200,4260,Uttar Pradesh,Deshi
28/10/2024,Tomato,78,Lucknow,FAQ,Lucknow,4300,4200,4250,Uttar Pradesh,Deshi
27/10/2024,Tomato,78,Lucknow,FAQ,Lucknow,4300,4200,4250,Uttar Pradesh,Deshi
26/10/2024,Tomato,78,Lucknow,FAQ,Lucknow,4280,4180,4230,Uttar Pradesh,Deshi
25/10/2024,Tomato,78,Lucknow,FAQ,Lucknow,4270,4170,4220,Uttar Pradesh,Deshi
24/10/2024,Tomato,78,Lucknow,FAQ,Lucknow,4300,4200,4250,Uttar Pradesh,Deshi
23/10/2024,Tomato,78,Lucknow,FAQ,Lucknow,4400,4300,4360,Uttar Pradesh,Deshi
22/10/2024,Tomato,78,Lucknow,FAQ,Lucknow,4400,4310,4360,Uttar Pradesh,Deshi
21/10/2024,Tomato,78,Lucknow,FAQ,Lucknow,4400,4300,4350,Uttar Pradesh,Deshi
20/10/2024,Tomato,78,Lucknow,FAQ,Lucknow,4400,4200,4300,Uttar Pradesh,Deshi
19/10/2024,Tomato,78,Lucknow,FAQ,Lucknow,4570,4470,4520,Uttar Pradesh,Deshi
18/10/2024,Tomato,78,Lucknow,FAQ,Lucknow,4550,4450,4500,Uttar Pradesh,Deshi
17/10/2024,Tomato,78,Lucknow,FAQ,Lucknow,4900,4800,4850,Uttar Pradesh,Deshi
16/10/2024,Tomato,78,Lucknow,FAQ,Lucknow,4950,4850,4900,Uttar Pradesh,Deshi
15/10/2024,Tomato,78,Lucknow,FAQ,Lucknow,4900,4800,4850,Uttar Pradesh,Deshi
14/10/2024,Tomato,78,Lucknow,FAQ,Lucknow,4900,4800,4850,Uttar Pradesh,Deshi
13/10/2024,Tomato,78,Lucknow,FAQ,Lucknow,4950,4750,4850,Uttar Pradesh,Deshi
12/10/2024,Tomato,78,Lucknow,FAQ,Lucknow,4800,4600,4700,Uttar Pradesh,Deshi
11/10/2024,Tomato,78,Lucknow,FAQ,Lucknow,4800,4600,4700,Uttar Pradesh,Deshi
10/10/2024,Tomato,78,Lucknow,FAQ,Lucknow,4700,4600,4650,Uttar Pradesh,Deshi
09/10/2024,Tomato,78,Lucknow,FAQ,Lucknow,4450,4350,4400,Uttar Pradesh,Deshi
08/10/2024,Tomato,78,Lucknow,FAQ,Lucknow,4460,4300,4350,Uttar Pradesh,Deshi
07/10/2024,Tomato,78,Lucknow,FAQ,Lucknow,4400,4200,4300,Uttar Pradesh,Deshi
06/10/2024,Tomato,78,Lucknow,FAQ,Lucknow,4020,3850,3950,Uttar Pradesh,Deshi
05/10/2024,Tomato,78,Lucknow,FAQ,Lucknow,4000,3900,3950,Uttar Pradesh,Deshi
04/10/2024,Tomato,78,Lucknow,FAQ,Lucknow,3925,3825,3875,Uttar Pradesh,Deshi
03/10/2024,Tomato,78,Lucknow,FAQ,Lucknow,3800,3700,3750,Uttar Pradesh,Deshi
02/10/2024,Tomato,78,Lucknow,FAQ,Lucknow,3800,3650,3720,Uttar Pradesh,Deshi
01/10/2024,Tomato,78,Lucknow,FAQ,Lucknow,3650,3550,3600,Uttar Pradesh,Deshi
30/09/2024,Tomato,78,Lucknow,FAQ,Lucknow,3550,3450,3500,Uttar Pradesh,Deshi
29/09/2024,Tomato,78,Lucknow,FAQ,Lucknow,3520,3350,3450,Uttar Pradesh,Deshi
28/09/2024,Tomato,78,Lucknow,FAQ,Lucknow,3500,3400,3450,Uttar Pradesh,Deshi
27/09/2024,Tomato,78,Lucknow,FAQ,Lucknow,3400,3300,3350,Uttar Pradesh,Deshi
26/09/2024,Tomato,78,Lucknow,FAQ,Lucknow,3350,3250,3300,Uttar Pradesh,Deshi
25/09/2024,Tomato,78,Lucknow,FAQ,Lucknow,3370,3270,3320,Uttar Pradesh,Deshi
24/09/2024,Tomato,78,Lucknow,FAQ,Lucknow,3450,3350,3400,Uttar Pradesh,Deshi
23/09/2024,Tomato,78,Lucknow,FAQ,Lucknow,2970,2870,2920,Uttar Pradesh,Deshi
22/09/2024,Tomato,78,Lucknow,FAQ,Lucknow,2750,2600,2670,Uttar Pradesh,Deshi
21/09/2024,Tomato,78,Lucknow,FAQ,Lucknow,2720,2620,2670,Uttar Pradesh,Deshi
20/09/2024,Tomato,78,Lucknow,FAQ,Lucknow,2700,2600,2650,Uttar Pradesh,Deshi
19/09/2024,Tomato,78,Lucknow,FAQ,Lucknow,2650,2550,2600,Uttar Pradesh,Deshi
18/09/2024,Tomato,78,Lucknow,FAQ,Lucknow,2590,2490,2540,Uttar Pradesh,Deshi
17/09/2024,Tomato,78,Lucknow,FAQ,Lucknow,2600,2500,2550,Uttar Pradesh,Deshi
16/09/2024,Tomato,78,Lucknow,FAQ,Lucknow,2550,2440,2500,Uttar Pradesh,Deshi
15/09/2024,Tomato,78,Lucknow,FAQ,Lucknow,2640,2500,2560,Uttar Pradesh,Deshi
14/09/2024,Tomato,78,Lucknow,FAQ,Lucknow,2600,2500,2550,Uttar Pradesh,Deshi
13/09/2024,Tomato,78,Lucknow,FAQ,Lucknow,2600,2500,2550,Uttar Pradesh,Deshi
12/09/2024,Tomato,78,Lucknow,FAQ,Lucknow,2650,2550,2600,Uttar Pradesh,Deshi
11/09/2024,Tomato,78,Lucknow,FAQ,Lucknow,2670,2570,2620,Uttar Pradesh,Deshi
10/09/2024,Tomato,78,Lucknow,FAQ,Lucknow,2700,2600,2640,Uttar Pradesh,Deshi
09/09/2024,Tomato,78,Lucknow,FAQ,Lucknow,2700,2600,2650,Uttar Pradesh,Deshi
08/09/2024,Tomato,78,Lucknow,FAQ,Lucknow,2750,2640,2700,Uttar Pradesh,Deshi
07/09/2024,Tomato,78,Lucknow,FAQ,Lucknow,2720,2620,2670,Uttar Pradesh,Deshi
06/09/2024,Tomato,78,Lucknow,FAQ,Lucknow,2750,2650,2700,Uttar Pradesh,Deshi
05/09/2024,Tomato,78,Lucknow,FAQ,Lucknow,2800,2700,2750,Uttar Pradesh,Deshi
04/09/2024,Tomato,78,Lucknow,FAQ,Lucknow,2830,2730,2780,Uttar Pradesh,Deshi
03/09/2024,Tomato,78,Lucknow,FAQ,Lucknow,2850,2750,2800,Uttar Pradesh,Deshi
02/09/2024,Tomato,78,Lucknow,FAQ,Lucknow,3000,2910,2960,Uttar Pradesh,Deshi
01/09/2024,Tomato,78,Lucknow,FAQ,Lucknow,3000,2900,2950,Uttar Pradesh,Deshi
31/08/2024,Tomato,78,Lucknow,FAQ,Lucknow,3000,2900,2950,Uttar Pradesh,Deshi
30/08/2024,Tomato,78,Lucknow,FAQ,Lucknow,3030,2830,2980,Uttar Pradesh,Deshi
29/08/2024,Tomato,78,Lucknow,FAQ,Lucknow,3050,2950,3000,Uttar Pradesh,Deshi
28/08/2024,Tomato,78,Lucknow,FAQ,Lucknow,3100,3000,3050,Uttar Pradesh,Deshi
27/08/2024,Tomato,78,Lucknow,FAQ,Lucknow,3220,3120,3170,Uttar Pradesh,Deshi
26/08/2024,Tomato,78,Lucknow,FAQ,Lucknow,3220,3050,3170,Uttar Pradesh,Deshi
25/08/2024,Tomato,78,Lucknow,FAQ,Lucknow,3200,3100,3150,Uttar Pradesh,Deshi
24/08/2024,Tomato,78,Lucknow,FAQ,Lucknow,3200,3100,3150,Uttar Pradesh,Deshi
23/08/2024,Tomato,78,Lucknow,FAQ,Lucknow,3150,3050,3100,Uttar Pradesh,Deshi
22/08/2024,Tomato,78,Lucknow,FAQ,Lucknow,3200,3100,3150,Uttar Pradesh,Deshi
21/08/2024,Tomato,78,Lucknow,FAQ,Lucknow,3200,3100,3150,Uttar Pradesh,Deshi
20/08/2024,Tomato,78,Lucknow,FAQ,Lucknow,3200,3000,3100,Uttar Pradesh,Deshi
19/08/2024,Tomato,78,Lucknow,FAQ,Lucknow,3250,3050,3150,Uttar Pradesh,Deshi
18/08/2024,Tomato,78,Lucknow,FAQ,Lucknow,3200,3000,3130,Uttar Pradesh,Deshi
17/08/2024,Tomato,78,Lucknow,FAQ,Lucknow,3200,3100,3150,Uttar Pradesh,Deshi
16/08/2024,Tomato,78,Lucknow,FAQ,Lucknow,3210,3110,3160,Uttar Pradesh,Deshi
14/08/2024,Tomato,78,Lucknow,FAQ,Lucknow,3200,3100,3150,Uttar Pradesh,Deshi
13/08/2024,Tomato,78,Lucknow,FAQ,Lucknow,3150,3050,3100,Uttar Pradesh,Deshi
12/08/2024,Tomato,78,Lucknow,FAQ,Lucknow,3150,2950,3100,Uttar Pradesh,Deshi
11/08/2024,Tomato,78,Lucknow,FAQ,Lucknow,3200,3000,3100,Uttar Pradesh,Deshi
10/08/2024,Tomato,78,Lucknow,FAQ,Lucknow,3200,3050,3150,Uttar Pradesh,Deshi
09/08/2024,Tomato,78,Lucknow,FAQ,Lucknow,3200,3100,3150,Uttar Pradesh,Deshi
08/08/2024,Tomato,78,Lucknow,FAQ,Lucknow,3350,3250,3300,Uttar Pradesh,Deshi
07/08/2024,Tomato,78,Lucknow,FAQ,Lucknow,3350,3250,3300,Uttar Pradesh,Deshi
06/08/2024,Tomato,78,Lucknow,FAQ,Lucknow,3550,3450,3500,Uttar Pradesh,Deshi
05/08/2024,Tomato,78,Lucknow,FAQ,Lucknow,3750,3650,3700,Uttar Pradesh,Deshi
04/08/2024,Tomato,78,Lucknow,FAQ,Lucknow,3900,3700,3800,Uttar Pradesh,Deshi
03/08/2024,Tomato,78,Lucknow,FAQ,Lucknow,3900,3800,3850,Uttar Pradesh,Deshi
02/08/2024,Tomato,78,Lucknow,FAQ,Lucknow,3950,3850,3900,Uttar Pradesh,Deshi
01/08/2024,Tomato,78,Lucknow,FAQ,Lucknow,4200,4100,4150,Uttar Pradesh,Deshi
31/07/2024,Tomato,78,Lucknow,FAQ,Lucknow,4250,4150,4200,Uttar Pradesh,Deshi
30/07/2024,Tomato,78,Lucknow,FAQ,Lucknow,4550,4450,4500,Uttar Pradesh,Deshi
29/07/2024,Tomato,78,Lucknow,FAQ,Lucknow,4600,4500,4550,Uttar Pradesh,Deshi
28/07/2024,Tomato,78,Lucknow,FAQ,Lucknow,4650,4450,4550,Uttar Pradesh,Deshi
27/07/2024,Tomato,78,Lucknow,FAQ,Lucknow,4650,4550,4600,Uttar Pradesh,Deshi
26/07/2024,Tomato,78,Lucknow,FAQ,Lucknow,4650,4550,4600,Uttar Pradesh,Deshi
25/07/2024,Tomato,78,Lucknow,FAQ,Lucknow,4800,4700,4750,Uttar Pradesh,Deshi
24/07/2024,Tomato,78,Lucknow,FAQ,Lucknow,4750,4650,4700,Uttar Pradesh,Deshi
23/07/2024,Tomato,78,Lucknow,FAQ,Lucknow,4810,4710,4760,Uttar Pradesh,Deshi
22/07/2024,Tomato,78,Lucknow,FAQ,Lucknow,4800,4700,4750,Uttar Pradesh,Deshi
20/07/2024,Tomato,78,Lucknow,FAQ,Lucknow,4830,4730,4780,Uttar Pradesh,Deshi
19/07/2024,Tomato,78,Lucknow,FAQ,Lucknow,4800,4650,4750,Uttar Pradesh,Deshi
18/07/2024,Tomato,78,Lucknow,FAQ,Lucknow,4750,4650,4700,Uttar Pradesh,Deshi
17/07/2024,Tomato,78,Lucknow,FAQ,Lucknow,4650,4550,4600,Uttar Pradesh,Deshi
16/07/2024,Tomato,78,Lucknow,FAQ,Lucknow,4650,4550,4600,Uttar Pradesh,Deshi
15/07/2024,Tomato,78,Lucknow,FAQ,Lucknow,4600,4500,4550,Uttar Pradesh,Deshi
13/07/2024,Tomato,78,Lucknow,FAQ,Lucknow,4450,4350,4400,Uttar Pradesh,Deshi
12/07/2024,Tomato,78,Lucknow,FAQ,Lucknow,4450,4350,4400,Uttar Pradesh,Deshi
11/07/2024,Tomato,78,Lucknow,FAQ,Lucknow,4350,4250,4300,Uttar Pradesh,Deshi
10/07/2024,Tomato,78,Lucknow,FAQ,Lucknow,4300,4200,4250,Uttar Pradesh,Deshi
09/07/2024,Tomato,78,Lucknow,FAQ,Lucknow,4000,3800,3900,Uttar Pradesh,Deshi
08/07/2024,Tomato,78,Lucknow,FAQ,Lucknow,3950,3850,3900,Uttar Pradesh,Deshi
06/07/2024,Tomato,78,Lucknow,FAQ,Lucknow,3800,3700,3750,Uttar Pradesh,Deshi
05/07/2024,Tomato,78,Lucknow,FAQ,Lucknow,3550,3450,3500,Uttar Pradesh,Deshi
04/07/2024,Tomato,78,Lucknow,FAQ,Lucknow,3350,3250,3300,Uttar Pradesh,Deshi
03/07/2024,Tomato,78,Lucknow,FAQ,Lucknow,3150,3050,3100,Uttar Pradesh,Deshi
02/07/2024,Tomato,78,Lucknow,FAQ,Lucknow,2600,2480,2560,Uttar Pradesh,Deshi
01/07/2024,Tomato,78,Lucknow,FAQ,Lucknow,2450,2350,2400,Uttar Pradesh,Deshi
29/06/2024,Tomato,78,Lucknow,FAQ,Lucknow,2250,2100,2200,Uttar Pradesh,Deshi
28/06/2024,Tomato,78,Lucknow,FAQ,Lucknow,2300,2200,2250,Uttar Pradesh,Deshi
27/06/2024,Tomato,78,Lucknow,FAQ,Lucknow,2300,2200,2250,Uttar Pradesh,Deshi
26/06/2024,Tomato,78,Lucknow,FAQ,Lucknow,2450,2350,2400,Uttar Pradesh,Deshi
25/06/2024,Tomato,78,Lucknow,FAQ,Lucknow,2400,2300,2350,Uttar Pradesh,Deshi
24/06/2024,Tomato,78,Lucknow,FAQ,Lucknow,2400,2300,2350,Uttar Pradesh,Deshi
23/06/2024,Tomato,78,Lucknow,FAQ,Lucknow,2150,1950,2050,Uttar Pradesh,Deshi
22/06/2024,Tomato,78,Lucknow,FAQ,Lucknow,2100,2000,2050,Uttar Pradesh,Deshi
21/06/2024,Tomato,78,Lucknow,FAQ,Lucknow,2000,1900,1950,Uttar Pradesh,Deshi
20/06/2024,Tomato,78,Lucknow,FAQ,Lucknow,1800,1700,1750,Uttar Pradesh,Deshi
19/06/2024,Tomato,78,Lucknow,FAQ,Lucknow,1650,1550,1600,Uttar Pradesh,Deshi
18/06/2024,Tomato,78,Lucknow,FAQ,Lucknow,1550,1450,1500,Uttar Pradesh,Deshi
17/06/2024,Tomato,78,Lucknow,FAQ,Lucknow,1550,1450,1500,Uttar Pradesh,Deshi
16/06/2024,Tomato,78,Lucknow,FAQ,Lucknow,1500,1400,1460,Uttar Pradesh,Deshi
15/06/2024,Tomato,78,Lucknow,FAQ,Lucknow,1420,1320,1370,Uttar Pradesh,Deshi
14/06/2024,Tomato,78,Lucknow,FAQ,Lucknow,1415,1315,1365,Uttar Pradesh,Deshi
13/06/2024,Tomato,78,Lucknow,FAQ,Lucknow,1400,1300,1350,Uttar Pradesh,Deshi
12/06/2024,Tomato,78,Lucknow,FAQ,Lucknow,1400,1300,1350,Uttar Pradesh,Deshi
11/06/2024,Tomato,78,Lucknow,FAQ,Lucknow,1410,1310,1360,Uttar Pradesh,Deshi
10/06/2024,Tomato,78,Lucknow,FAQ,Lucknow,1400,1300,1350,Uttar Pradesh,Deshi
08/06/2024,Tomato,78,Lucknow,FAQ,Lucknow,1400,1300,1350,Uttar Pradesh,Deshi
07/06/2024,Tomato,78,Lucknow,FAQ,Lucknow,1400,1300,1360,Uttar Pradesh,Deshi
06/06/2024,Tomato,78,Lucknow,FAQ,Lucknow,1440,1340,1390,Uttar Pradesh,Deshi
05/06/2024,Tomato,78,Lucknow,FAQ,Lucknow,1420,1320,1370,Uttar Pradesh,Deshi
04/06/2024,Tomato,78,Lucknow,FAQ,Lucknow,1410,1310,1360,Uttar Pradesh,Deshi
03/06/2024,Tomato,78,Lucknow,FAQ,Lucknow,1410,1310,1360,Uttar Pradesh,Deshi
01/06/2024,Tomato,78,Lucknow,FAQ,Lucknow,1420,1320,1370,Uttar Pradesh,Deshi
31/05/2024,Tomato,78,Lucknow,FAQ,Lucknow,1530,1430,1480,Uttar Pradesh,Deshi
30/05/2024,Tomato,78,Lucknow,FAQ,Lucknow,1520,1420,1470,Uttar Pradesh,Deshi
29/05/2024,Tomato,78,Lucknow,FAQ,Lucknow,1510,1410,1460,Uttar Pradesh,Deshi
28/05/2024,Tomato,78,Lucknow,FAQ,Lucknow,1500,1400,1450,Uttar Pradesh,Deshi
27/05/2024,Tomato,78,Lucknow,FAQ,Lucknow,1500,1400,1460,Uttar Pradesh,Deshi
26/05/2024,Tomato,78,Lucknow,FAQ,Lucknow,1500,1400,1450,Uttar Pradesh,Deshi
25/05/2024,Tomato,78,Lucknow,FAQ,Lucknow,1500,1400,1450,Uttar Pradesh,Deshi
24/05/2024,Tomato,78,Lucknow,FAQ,Lucknow,1570,1470,1520,Uttar Pradesh,Deshi
23/05/2024,Tomato,78,Lucknow,FAQ,Lucknow,1570,1470,1520,Uttar Pradesh,Deshi
22/05/2024,Tomato,78,Lucknow,FAQ,Lucknow,1600,1500,1550,Uttar Pradesh,Deshi
21/05/2024,Tomato,78,Lucknow,FAQ,Lucknow,1650,1550,1600,Uttar Pradesh,Deshi
18/05/2024,Tomato,78,Lucknow,FAQ,Lucknow,1730,1630,1680,Uttar Pradesh,Deshi
17/05/2024,Tomato,78,Lucknow,FAQ,Lucknow,1740,1640,1690,Uttar Pradesh,Deshi
16/05/2024,Tomato,78,Lucknow,FAQ,Lucknow,1750,1650,1700,Uttar Pradesh,Deshi
15/05/2024,Tomato,78,Lucknow,FAQ,Lucknow,1770,1670,1720,Uttar Pradesh,Deshi
14/05/2024,Tomato,78,Lucknow,FAQ,Lucknow,1780,1680,1730,Uttar Pradesh,Deshi
13/05/2024,Tomato,78,Lucknow,FAQ,Lucknow,1800,1700,1750,Uttar Pradesh,Deshi
12/05/2024,Tomato,78,Lucknow,FAQ,Lucknow,1800,1700,1760,Uttar Pradesh,Deshi
11/05/2024,Tomato,78,Lucknow,FAQ,Lucknow,1800,1700,1760,Uttar Pradesh,Deshi
10/05/2024,Tomato,78,Lucknow,FAQ,Lucknow,1800,1700,1750,Uttar Pradesh,Deshi
09/05/2024,Tomato,78,Lucknow,FAQ,Lucknow,1830,1730,1780,Uttar Pradesh,Deshi
08/05/2024,Tomato,78,Lucknow,FAQ,Lucknow,1890,1790,1840,Uttar Pradesh,Deshi
07/05/2024,Tomato,78,Lucknow,FAQ,Lucknow,1880,1780,1830,Uttar Pradesh,Deshi
06/05/2024,Tomato,78,Lucknow,FAQ,Lucknow,1880,1780,1830,Uttar Pradesh,Deshi
04/05/2024,Tomato,78,Lucknow,FAQ,Lucknow,1850,1750,1800,Uttar Pradesh,Deshi
03/05/2024,Tomato,78,Lucknow,FAQ,Lucknow,1850,1750,1800,Uttar Pradesh,Deshi
02/05/2024,Tomato,78,Lucknow,FAQ,Lucknow,1850,1750,1800,Uttar Pradesh,Deshi
01/05/2024,Tomato,78,Lucknow,FAQ,Lucknow,1900,1800,1850,Uttar Pradesh,Deshi
29/04/2024,Tomato,78,Lucknow,FAQ,Lucknow,1900,1800,1850,Uttar Pradesh,Deshi
28/04/2024,Tomato,78,Lucknow,FAQ,Lucknow,1850,1750,1800,Uttar Pradesh,Deshi
27/04/2024,Tomato,78,Lucknow,FAQ,Lucknow,1900,1800,1850,Uttar Pradesh,Deshi
26/04/2024,Tomato,78,Lucknow,FAQ,Lucknow,1900,1810,1860,Uttar Pradesh,Deshi
25/04/2024,Tomato,78,Lucknow,FAQ,Lucknow,1900,1800,1850,Uttar Pradesh,Deshi
24/04/2024,Tomato,78,Lucknow,FAQ,Lucknow,1900,1800,1850,Uttar Pradesh,Deshi
23/04/2024,Tomato,78,Lucknow,FAQ,Lucknow,1950,1850,1900,Uttar Pradesh,Deshi
22/04/2024,Tomato,78,Lucknow,FAQ,Lucknow,1950,1850,1900,Uttar Pradesh,Deshi
20/04/2024,Tomato,78,Lucknow,FAQ,Lucknow,1970,1870,1920,Uttar Pradesh,Deshi
19/04/2024,Tomato,78,Lucknow,FAQ,Lucknow,1950,1850,1900,Uttar Pradesh,Deshi
18/04/2024,Tomato,78,Lucknow,FAQ,Lucknow,1950,1850,1900,Uttar Pradesh,Deshi
16/04/2024,Tomato,78,Lucknow,FAQ,Lucknow,2000,1900,1950,Uttar Pradesh,Deshi
15/04/2024,Tomato,78,Lucknow,FAQ,Lucknow,2030,1930,1980,Uttar Pradesh,Deshi
14/04/2024,Tomato,78,Lucknow,FAQ,Lucknow,2000,1900,1950,Uttar Pradesh,Deshi
13/04/2024,Tomato,78,Lucknow,FAQ,Lucknow,2000,1900,1950,Uttar Pradesh,Deshi
12/04/2024,Tomato,78,Lucknow,FAQ,Lucknow,1970,1870,1920,Uttar Pradesh,Deshi
11/04/2024,Tomato,78,Lucknow,FAQ,Lucknow,2000,1900,1950,Uttar Pradesh,Deshi
10/04/2024,Tomato,78,Lucknow,FAQ,Lucknow,1980,1880,1930,Uttar Pradesh,Deshi
09/04/2024,Tomato,78,Lucknow,FAQ,Lucknow,1950,1850,1900,Uttar Pradesh,Deshi
08/04/2024,Tomato,78,Lucknow,FAQ,Lucknow,1970,1870,1920,Uttar Pradesh,Deshi
07/04/2024,Tomato,78,Lucknow,FAQ,Lucknow,1950,1850,1900,Uttar Pradesh,Deshi
06/04/2024,Tomato,78,Lucknow,FAQ,Lucknow,2020,1900,1950,Uttar Pradesh,Deshi
05/04/2024,Tomato,78,Lucknow,FAQ,Lucknow,2000,1900,1950,Uttar Pradesh,Deshi
04/04/2024,Tomato,78,Lucknow,FAQ,Lucknow,2000,1900,1950,Uttar Pradesh,Deshi
03/04/2024,Tomato,78,Lucknow,FAQ,Lucknow,2050,1950,2000,Uttar Pradesh,Deshi
02/04/2024,Tomato,78,Lucknow,FAQ,Lucknow,2100,2000,2050,Uttar Pradesh,Deshi
01/04/2024,Tomato,78,Lucknow,FAQ,Lucknow,2200,2100,2150,Uttar Pradesh,Deshi
31/03/2024,Tomato,78,Lucknow,FAQ,Lucknow,2060,1900,2000,Uttar Pradesh,Deshi
30/03/2024,Tomato,78,Lucknow,FAQ,Lucknow,2150,2050,2100,Uttar Pradesh,Deshi
29/03/2024,Tomato,78,Lucknow,FAQ,Lucknow,2190,2100,2140,Uttar Pradesh,Deshi
28/03/2024,Tomato,78,Lucknow,FAQ,Lucknow,2190,2100,2140,Uttar Pradesh,Deshi
27/03/2024,Tomato,78,Lucknow,FAQ,Lucknow,2200,2100,2150,Uttar Pradesh,Deshi
26/03/2024,Tomato,78,Lucknow,FAQ,Lucknow,2180,2080,2130,Uttar Pradesh,Deshi
25/03/2024,Tomato,78,Lucknow,FAQ,Lucknow,2280,2200,2240,Uttar Pradesh,Deshi
22/03/2024,Tomato,78,Lucknow,FAQ,Lucknow,2270,2150,2220,Uttar Pradesh,Deshi
21/03/2024,Tomato,78,Lucknow,FAQ,Lucknow,2300,2200,2250,Uttar Pradesh,Deshi
20/03/2024,Tomato,78,Lucknow,FAQ,Lucknow,2300,2200,2260,Uttar Pradesh,Deshi
19/03/2024,Tomato,78,Lucknow,FAQ,Lucknow,2320,2200,2240,Uttar Pradesh,Deshi
18/03/2024,Tomato,78,Lucknow,FAQ,Lucknow,2320,2200,2260,Uttar Pradesh,Deshi
17/03/2024,Tomato,78,Lucknow,FAQ,Lucknow,2300,2150,2250,Uttar Pradesh,Deshi
16/03/2024,Tomato,78,Lucknow,FAQ,Lucknow,2300,2200,2250,Uttar Pradesh,Deshi
14/03/2024,Tomato,78,Lucknow,FAQ,Lucknow,2200,2100,2150,Uttar Pradesh,Deshi
13/03/2024,Tomato,78,Lucknow,FAQ,Lucknow,2250,2150,2200,Uttar Pradesh,Deshi
12/03/2024,Tomato,78,Lucknow,FAQ,Lucknow,2150,2050,2100,Uttar Pradesh,Deshi
11/03/2024,Tomato,78,Lucknow,FAQ,Lucknow,2150,2050,2100,Uttar Pradesh,Deshi
09/03/2024,Tomato,78,Lucknow,FAQ,Lucknow,2100,2000,2050,Uttar Pradesh,Deshi
08/03/2024,Tomato,78,Lucknow,FAQ,Lucknow,2000,1900,1950,Uttar Pradesh,Deshi
07/03/2024,Tomato,78,Lucknow,FAQ,Lucknow,2030,1930,1980,Uttar Pradesh,Deshi
06/03/2024,Tomato,78,Lucknow,FAQ,Lucknow,1990,1900,1940,Uttar Pradesh,Deshi
05/03/2024,Tomato,78,Lucknow,FAQ,Lucknow,1980,1880,1930,Uttar Pradesh,Deshi
04/03/2024,Tomato,78,Lucknow,FAQ,Lucknow,2050,1950,2000,Uttar Pradesh,Deshi
03/03/2024,Tomato,78,Lucknow,FAQ,Lucknow,1930,1850,1880,Uttar Pradesh,Deshi
02/03/2024,Tomato,78,Lucknow,FAQ,Lucknow,1920,1820,1870,Uttar Pradesh,Deshi
01/03/2024,Tomato,78,Lucknow,FAQ,Lucknow,1900,1800,1850,Uttar Pradesh,Deshi
29/02/2024,Tomato,78,Lucknow,FAQ,Lucknow,1900,1800,1850,Uttar Pradesh,Deshi
28/02/2024,Tomato,78,Lucknow,FAQ,Lucknow,1925,1825,1875,Uttar Pradesh,Deshi
27/02/2024,Tomato,78,Lucknow,FAQ,Lucknow,1925,1825,1875,Uttar Pradesh,Deshi
26/02/2024,Tomato,78,Lucknow,FAQ,Lucknow,1900,1800,1850,Uttar Pradesh,Deshi
25/02/2024,Tomato,78,Lucknow,FAQ,Lucknow,1870,1770,1810,Uttar Pradesh,Deshi
24/02/2024,Tomato,78,Lucknow,FAQ,Lucknow,1870,1770,1820,Uttar Pradesh,Deshi
23/02/2024,Tomato,78,Lucknow,FAQ,Lucknow,1850,1750,1800,Uttar Pradesh,Deshi
22/02/2024,Tomato,78,Lucknow,FAQ,Lucknow,1850,1750,1800,Uttar Pradesh,Deshi
21/02/2024,Tomato,78,Lucknow,FAQ,Lucknow,1870,1770,1820,Uttar Pradesh,Deshi
20/02/2024,Tomato,78,Lucknow,FAQ,Lucknow,1850,1750,1800,Uttar Pradesh,Deshi
19/02/2024,Tomato,78,Lucknow,FAQ,Lucknow,1850,1750,1800,Uttar Pradesh,Deshi
18/02/2024,Tomato,78,Lucknow,FAQ,Lucknow,1870,1780,1820,Uttar Pradesh,Deshi
17/02/2024,Tomato,78,Lucknow,FAQ,Lucknow,1850,1750,1800,Uttar Pradesh,Deshi
16/02/2024,Tomato,78,Lucknow,FAQ,Lucknow,1700,1600,1650,Uttar Pradesh,Deshi
15/02/2024,Tomato,78,Lucknow,FAQ,Lucknow,1610,1510,1545,Uttar Pradesh,Deshi
14/02/2024,Tomato,78,Lucknow,FAQ,Lucknow,1600,1500,1550,Uttar Pradesh,Deshi
13/02/2024,Tomato,78,Lucknow,FAQ,Lucknow,1600,1500,1550,Uttar Pradesh,Deshi
12/02/2024,Tomato,78,Lucknow,FAQ,Lucknow,1550,1450,1500,Uttar Pradesh,Deshi
10/02/2024,Tomato,78,Lucknow,FAQ,Lucknow,1650,1550,1600,Uttar Pradesh,Deshi
09/02/2024,Tomato,78,Lucknow,FAQ,Lucknow,1800,1700,1750,Uttar Pradesh,Deshi
08/02/2024,Tomato,78,Lucknow,FAQ,Lucknow,1850,1750,1800,Uttar Pradesh,Deshi
07/02/2024,Tomato,78,Lucknow,FAQ,Lucknow,1800,1700,1750,Uttar Pradesh,Deshi
06/02/2024,Tomato,78,Lucknow,FAQ,Lucknow,1800,1700,1750,Uttar Pradesh,Deshi
05/02/2024,Tomato,78,Lucknow,FAQ,Lucknow,1850,1750,1800,Uttar Pradesh,Deshi
03/02/2024,Tomato,78,Lucknow,FAQ,Lucknow,2000,1900,1950,Uttar Pradesh,Deshi
02/02/2024,Tomato,78,Lucknow,FAQ,Lucknow,1910,1810,1860,Uttar Pradesh,Deshi
01/02/2024,Tomato,78,Lucknow,FAQ,Lucknow,1850,1750,1800,Uttar Pradesh,Deshi
31/01/2024,Tomato,78,Lucknow,FAQ,Lucknow,1800,1700,1750,Uttar Pradesh,Deshi
30/01/2024,Tomato,78,Lucknow,FAQ,Lucknow,1750,1650,1700,Uttar Pradesh,Deshi
29/01/2024,Tomato,78,Lucknow,FAQ,Lucknow,1700,1600,1650,Uttar Pradesh,Deshi
28/01/2024,Tomato,78,Lucknow,FAQ,Lucknow,1650,1550,1600,Uttar Pradesh,Deshi
27/01/2024,Tomato,78,Lucknow,FAQ,Lucknow,1650,1550,1600,Uttar Pradesh,Deshi
26/01/2024,Tomato,78,Lucknow,FAQ,Lucknow,1600,1500,1520,Uttar Pradesh,Deshi
24/01/2024,Tomato,78,Lucknow,FAQ,Lucknow,1600,1500,1550,Uttar Pradesh,Deshi
23/01/2024,Tomato,78,Lucknow,FAQ,Lucknow,1525,1425,1475,Uttar Pradesh,Deshi
22/01/2024,Tomato,78,Lucknow,FAQ,Lucknow,1500,1400,1450,Uttar Pradesh,Deshi
20/01/2024,Tomato,78,Lucknow,FAQ,Lucknow,1500,1400,1450,Uttar Pradesh,Deshi
19/01/2024,Tomato,78,Lucknow,FAQ,Lucknow,1500,1400,1450,Uttar Pradesh,Deshi
18/01/2024,Tomato,78,Lucknow,FAQ,Lucknow,1350,1250,1300,Uttar Pradesh,Deshi
17/01/2024,Tomato,78,Lucknow,FAQ,Lucknow,1350,1250,1300,Uttar Pradesh,Deshi
16/01/2024,Tomato,78,Lucknow,FAQ,Lucknow,1350,1250,1300,Uttar Pradesh,Deshi
15/01/2024,Tomato,78,Lucknow,FAQ,Lucknow,1350,1250,1300,Uttar Pradesh,Deshi
14/01/2024,Tomato,78,Lucknow,FAQ,Lucknow,1325,1225,1270,Uttar Pradesh,Deshi
13/01/2024,Tomato,78,Lucknow,FAQ,Lucknow,1325,1225,1275,Uttar Pradesh,Deshi
12/01/2024,Tomato,78,Lucknow,FAQ,Lucknow,1325,1225,1275,Uttar Pradesh,Deshi
11/01/2024,Tomato,78,Lucknow,FAQ,Lucknow,1325,1225,1275,Uttar Pradesh,Deshi
10/01/2024,Tomato,78,Lucknow,FAQ,Lucknow,1325,1225,1275,Uttar Pradesh,Deshi
09/01/2024,Tomato,78,Lucknow,FAQ,Lucknow,1300,1200,1250,Uttar Pradesh,Deshi
08/01/2024,Tomato,78,Lucknow,FAQ,Lucknow,1250,1150,1200,Uttar Pradesh,Deshi
06/01/2024,Tomato,78,Lucknow,FAQ,Lucknow,1300,1200,1250,Uttar Pradesh,Deshi
05/01/2024,Tomato,78,Lucknow,FAQ,Lucknow,1500,1400,1450,Uttar Pradesh,Deshi
04/01/2024,Tomato,78,Lucknow,FAQ,Lucknow,1550,1450,1500,Uttar Pradesh,Deshi
03/01/2024,Tomato,78,Lucknow,FAQ,Lucknow,1650,1550,1600,Uttar Pradesh,Deshi
02/01/2024,Tomato,78,Lucknow,FAQ,Lucknow,1300,1200,1250,Uttar Pradesh,Deshi
01/01/2024,Tomato,78,Lucknow,FAQ,Lucknow,1250,1150,1200,Uttar Pradesh,Deshi
30/12/2023,Tomato,78,Lucknow,FAQ,Lucknow,1260,1150,1220,Uttar Pradesh,Deshi
29/12/2023,Tomato,78,Lucknow,FAQ,Lucknow,1200,1100,1150,Uttar Pradesh,Deshi
28/12/2023,Tomato,78,Lucknow,FAQ,Lucknow,1250,1150,1200,Uttar Pradesh,Deshi
27/12/2023,Tomato,78,Lucknow,FAQ,Lucknow,1250,1150,1200,Uttar Pradesh,Deshi
26/12/2023,Tomato,78,Lucknow,FAQ,Lucknow,1250,1150,1200,Uttar Pradesh,Deshi
23/12/2023,Tomato,78,Lucknow,FAQ,Lucknow,1250,1150,1200,Uttar Pradesh,Deshi
22/12/2023,Tomato,78,Lucknow,FAQ,Lucknow,1250,1150,1200,Uttar Pradesh,Deshi
21/12/2023,Tomato,78,Lucknow,FAQ,Lucknow,1230,1130,1180,Uttar Pradesh,Deshi
20/12/2023,Tomato,78,Lucknow,FAQ,Lucknow,1250,1150,1200,Uttar Pradesh,Deshi
19/12/2023,Tomato,78,Lucknow,FAQ,Lucknow,1300,1200,1250,Uttar Pradesh,Deshi
18/12/2023,Tomato,78,Lucknow,FAQ,Lucknow,1400,1300,1350,Uttar Pradesh,Deshi
16/12/2023,Tomato,78,Lucknow,FAQ,Lucknow,1450,1350,1400,Uttar Pradesh,Deshi
15/12/2023,Tomato,78,Lucknow,FAQ,Lucknow,1500,1400,1450,Uttar Pradesh,Deshi
14/12/2023,Tomato,78,Lucknow,FAQ,Lucknow,1500,1400,1450,Uttar Pradesh,Deshi
13/12/2023,Tomato,78,Lucknow,FAQ,Lucknow,1650,1550,1600,Uttar Pradesh,Deshi
12/12/2023,Tomato,78,Lucknow,FAQ,Lucknow,1850,1750,1800,Uttar Pradesh,Deshi
11/12/2023,Tomato,78,Lucknow,FAQ,Lucknow,2050,1950,2000,Uttar Pradesh,Deshi
10/12/2023,Tomato,78,Lucknow,FAQ,Lucknow,2350,2150,2250,Uttar Pradesh,Deshi
09/12/2023,Tomato,78,Lucknow,FAQ,Lucknow,2300,2200,2250,Uttar Pradesh,Deshi
08/12/2023,Tomato,78,Lucknow,FAQ,Lucknow,2400,2300,2350,Uttar Pradesh,Deshi
07/12/2023,Tomato,78,Lucknow,FAQ,Lucknow,2400,2300,2350,Uttar Pradesh,Deshi
06/12/2023,Tomato,78,Lucknow,FAQ,Lucknow,2600,2500,2550,Uttar Pradesh,Deshi
05/12/2023,Tomato,78,Lucknow,FAQ,Lucknow,2600,2500,2550,Uttar Pradesh,Deshi
04/12/2023,Tomato,78,Lucknow,FAQ,Lucknow,2600,2550,2550,Uttar Pradesh,Deshi
03/12/2023,Tomato,78,Lucknow,FAQ,Lucknow,2550,2400,2500,Uttar Pradesh,Deshi
02/12/2023,Tomato,78,Lucknow,FAQ,Lucknow,2600,2500,2550,Uttar Pradesh,Deshi
01/12/2023,Tomato,78,Lucknow,FAQ,Lucknow,2550,2450,2500,Uttar Pradesh,Deshi
30/11/2023,Tomato,78,Lucknow,FAQ,Lucknow,2550,2450,2500,Uttar Pradesh,Deshi
29/11/2023,Tomato,78,Lucknow,FAQ,Lucknow,2600,2500,2550,Uttar Pradesh,Deshi
28/11/2023,Tomato,78,Lucknow,FAQ,Lucknow,2600,2500,2550,Uttar Pradesh,Deshi
27/11/2023,Tomato,78,Lucknow,FAQ,Lucknow,2550,2450,2500,Uttar Pradesh,Deshi
26/11/2023,Tomato,78,Lucknow,FAQ,Lucknow,2650,2450,2550,Uttar Pradesh,Deshi
25/11/2023,Tomato,78,Lucknow,FAQ,Lucknow,2550,2450,2500,Uttar Pradesh,Deshi
24/11/2023,Tomato,78,Lucknow,FAQ,Lucknow,2550,2450,2500,Uttar Pradesh,Deshi
23/11/2023,Tomato,78,Lucknow,FAQ,Lucknow,2600,2500,2550,Uttar Pradesh,Deshi
22/11/2023,Tomato,78,Lucknow,FAQ,Lucknow,2600,2500,2550,Uttar Pradesh,Deshi
21/11/2023,Tomato,78,Lucknow,FAQ,Lucknow,2600,2500,2550,Uttar Pradesh,Deshi
20/11/2023,Tomato,78,Lucknow,FAQ,Lucknow,2750,2650,2700,Uttar Pradesh,Deshi
19/11/2023,Tomato,78,Lucknow,FAQ,Lucknow,2850,2700,2800,Uttar Pradesh,Deshi
18/11/2023,Tomato,78,Lucknow,FAQ,Lucknow,2850,2750,2800,Uttar Pradesh,Deshi
17/11/2023,Tomato,78,Lucknow,FAQ,Lucknow,2650,2550,2600,Uttar Pradesh,Deshi
16/11/2023,Tomato,78,Lucknow,FAQ,Lucknow,2610,2510,2560,Uttar Pradesh,Deshi
15/11/2023,Tomato,78,Lucknow,FAQ,Lucknow,2600,2500,2550,Uttar Pradesh,Deshi
14/11/2023,Tomato,78,Lucknow,FAQ,Lucknow,2600,2500,2550,Uttar Pradesh,Deshi
13/11/2023,Tomato,78,Lucknow,FAQ,Lucknow,2650,2550,2600,Uttar Pradesh,Deshi
12/11/2023,Tomato,78,Lucknow,FAQ,Lucknow,2600,2400,2500,Uttar Pradesh,Deshi
11/11/2023,Tomato,78,Lucknow,FAQ,Lucknow,2450,2300,2400,Uttar Pradesh,Deshi
10/11/2023,Tomato,78,Lucknow,FAQ,Lucknow,2200,2100,2150,Uttar Pradesh,Deshi
09/11/2023,Tomato,78,Lucknow,FAQ,Lucknow,2100,2000,2050,Uttar Pradesh,Deshi
08/11/2023,Tomato,78,Lucknow,FAQ,Lucknow,2050,1950,2000,Uttar Pradesh,Deshi
07/11/2023,Tomato,78,Lucknow,FAQ,Lucknow,2050,1950,2000,Uttar Pradesh,Deshi
06/11/2023,Tomato,78,Lucknow,FAQ,Lucknow,1850,1750,1800,Uttar Pradesh,Deshi
05/11/2023,Tomato,78,Lucknow,FAQ,Lucknow,1800,1700,1750,Uttar Pradesh,Deshi
04/11/2023,Tomato,78,Lucknow,FAQ,Lucknow,1800,1700,1750,Uttar Pradesh,Deshi
03/11/2023,Tomato,78,Lucknow,FAQ,Lucknow,1700,1600,1650,Uttar Pradesh,Deshi
02/11/2023,Tomato,78,Lucknow,FAQ,Lucknow,1700,1600,1650,Uttar Pradesh,Deshi
31/10/2023,Tomato,78,Lucknow,FAQ,Lucknow,1680,1550,1620,Uttar Pradesh,Deshi
30/10/2023,Tomato,78,Lucknow,FAQ,Lucknow,1650,1550,1600,Uttar Pradesh,Deshi
28/10/2023,Tomato,78,Lucknow,FAQ,Lucknow,1570,1470,1520,Uttar Pradesh,Deshi
27/10/2023,Tomato,78,Lucknow,FAQ,Lucknow,1570,1470,1520,Uttar Pradesh,Deshi
26/10/2023,Tomato,78,Lucknow,FAQ,Lucknow,1500,1400,1450,Uttar Pradesh,Deshi
25/10/2023,Tomato,78,Lucknow,FAQ,Lucknow,1330,1230,1280,Uttar Pradesh,Deshi
24/10/2023,Tomato,78,Lucknow,FAQ,Lucknow,1300,1200,1260,Uttar Pradesh,Deshi
23/10/2023,Tomato,78,Lucknow,FAQ,Lucknow,1280,1200,1240,Uttar Pradesh,Deshi
20/10/2023,Tomato,78,Lucknow,FAQ,Lucknow,1270,1170,1220,Uttar Pradesh,Deshi
19/10/2023,Tomato,78,Lucknow,FAQ,Lucknow,1300,1200,1250,Uttar Pradesh,Deshi
18/10/2023,Tomato,78,Lucknow,FAQ,Lucknow,1320,1220,1270,Uttar Pradesh,Deshi
17/10/2023,Tomato,78,Lucknow,FAQ,Lucknow,1300,1200,1250,Uttar Pradesh,Deshi
16/10/2023,Tomato,78,Lucknow,FAQ,Lucknow,1300,1200,1250,Uttar Pradesh,Deshi
15/10/2023,Tomato,78,Lucknow,FAQ,Lucknow,1320,1220,1270,Uttar Pradesh,Deshi
14/10/2023,Tomato,78,Lucknow,FAQ,Lucknow,1320,1220,1270,Uttar Pradesh,Deshi
13/10/2023,Tomato,78,Lucknow,FAQ,Lucknow,1320,1220,1280,Uttar Pradesh,Deshi
12/10/2023,Tomato,78,Lucknow,FAQ,Lucknow,1300,1200,1250,Uttar Pradesh,Deshi
11/10/2023,Tomato,78,Lucknow,FAQ,Lucknow,1300,1200,1250,Uttar Pradesh,Deshi
10/10/2023,Tomato,78,Lucknow,FAQ,Lucknow,1300,1200,1250,Uttar Pradesh,Deshi
09/10/2023,Tomato,78,Lucknow,FAQ,Lucknow,1250,1150,1200,Uttar Pradesh,Deshi
08/10/2023,Tomato,78,Lucknow,FAQ,Lucknow,1300,1200,1250,Uttar Pradesh,Deshi
07/10/2023,Tomato,78,Lucknow,FAQ,Lucknow,1250,1150,1200,Uttar Pradesh,Deshi
06/10/2023,Tomato,78,Lucknow,FAQ,Lucknow,1250,1150,1200,Uttar Pradesh,Deshi
05/10/2023,Tomato,78,Lucknow,FAQ,Lucknow,1300,1200,1250,Uttar Pradesh,Deshi
03/10/2023,Tomato,78,Lucknow,FAQ,Lucknow,1300,1200,1250,Uttar Pradesh,Deshi
02/10/2023,Tomato,78,Lucknow,FAQ,Lucknow,1350,1250,1300,Uttar Pradesh,Deshi
01/10/2023,Tomato,78,Lucknow,FAQ,Lucknow,1350,1250,1300,Uttar Pradesh,Deshi
30/09/2023,Tomato,78,Lucknow,FAQ,Lucknow,1400,1300,1350,Uttar Pradesh,Deshi
29/09/2023,Tomato,78,Lucknow,FAQ,Lucknow,1400,1300,1350,Uttar Pradesh,Deshi
28/09/2023,Tomato,78,Lucknow,FAQ,Lucknow,1350,1250,1300,Uttar Pradesh,Deshi
27/09/2023,Tomato,78,Lucknow,FAQ,Lucknow,1350,1250,1300,Uttar Pradesh,Deshi
26/09/2023,Tomato,78,Lucknow,FAQ,Lucknow,1450,1350,1400,Uttar Pradesh,Deshi
23/09/2023,Tomato,78,Lucknow,FAQ,Lucknow,1550,1450,1500,Uttar Pradesh,Deshi
22/09/2023,Tomato,78,Lucknow,FAQ,Lucknow,1600,1500,1550,Uttar Pradesh,Deshi
21/09/2023,Tomato,78,Lucknow,FAQ,Lucknow,1600,1500,1550,Uttar Pradesh,Deshi
20/09/2023,Tomato,78,Lucknow,FAQ,Lucknow,1700,1600,1650,Uttar Pradesh,Deshi
19/09/2023,Tomato,78,Lucknow,FAQ,Lucknow,1800,1700,1750,Uttar Pradesh,Deshi
18/09/2023,Tomato,78,Lucknow,FAQ,Lucknow,1800,1700,1750,Uttar Pradesh,Deshi
16/09/2023,Tomato,78,Lucknow,FAQ,Lucknow,1800,1700,1750,Uttar Pradesh,Deshi
15/09/2023,Tomato,78,Lucknow,FAQ,Lucknow,1850,1750,1800,Uttar Pradesh,Deshi
14/09/2023,Tomato,78,Lucknow,FAQ,Lucknow,1900,1800,1850,Uttar Pradesh,Deshi
13/09/2023,Tomato,78,Lucknow,FAQ,Lucknow,1950,1850,1900,Uttar Pradesh,Deshi
12/09/2023,Tomato,78,Lucknow,FAQ,Lucknow,1900,1800,1850,Uttar Pradesh,Deshi
11/09/2023,Tomato,78,Lucknow,FAQ,Lucknow,2225,2125,2175,Uttar Pradesh,Deshi
10/09/2023,Tomato,78,Lucknow,FAQ,Lucknow,2200,2100,2150,Uttar Pradesh,Deshi
09/09/2023,Tomato,78,Lucknow,FAQ,Lucknow,2250,2150,2200,Uttar Pradesh,Deshi
08/09/2023,Tomato,78,Lucknow,FAQ,Lucknow,2250,2150,2200,Uttar Pradesh,Deshi
07/09/2023,Tomato,78,Lucknow,FAQ,Lucknow,2250,2150,2200,Uttar Pradesh,Deshi
06/09/2023,Tomato,78,Lucknow,FAQ,Lucknow,2350,2250,2300,Uttar Pradesh,Deshi
04/09/2023,Tomato,78,Lucknow,FAQ,Lucknow,2550,2450,2500,Uttar Pradesh,Deshi
03/09/2023,Tomato,78,Lucknow,FAQ,Lucknow,2750,2650,2700,Uttar Pradesh,Deshi
02/09/2023,Tomato,78,Lucknow,FAQ,Lucknow,2850,2750,2800,Uttar Pradesh,Deshi
01/09/2023,Tomato,78,Lucknow,FAQ,Lucknow,2950,2850,2900,Uttar Pradesh,Deshi
31/08/2023,Tomato,78,Lucknow,FAQ,Lucknow,3150,3050,3100,Uttar Pradesh,Deshi
30/08/2023,Tomato,78,Lucknow,FAQ,Lucknow,3150,3050,3100,Uttar Pradesh,Deshi
29/08/2023,Tomato,78,Lucknow,FAQ,Lucknow,3250,3150,3200,Uttar Pradesh,Deshi
28/08/2023,Tomato,78,Lucknow,FAQ,Lucknow,3700,3500,3600,Uttar Pradesh,Deshi
26/08/2023,Tomato,78,Lucknow,FAQ,Lucknow,3700,3500,3600,Uttar Pradesh,Deshi
25/08/2023,Tomato,78,Lucknow,FAQ,Lucknow,4000,3850,3900,Uttar Pradesh,Deshi
24/08/2023,Tomato,78,Lucknow,FAQ,Lucknow,4250,4150,4200,Uttar Pradesh,Deshi
23/08/2023,Tomato,78,Lucknow,FAQ,Lucknow,4850,4750,4800,Uttar Pradesh,Deshi
22/08/2023,Tomato,78,Lucknow,FAQ,Lucknow,4850,4750,4800,Uttar Pradesh,Deshi
21/08/2023,Tomato,78,Lucknow,FAQ,Lucknow,5550,5450,5500,Uttar Pradesh,Deshi
20/08/2023,Tomato,78,Lucknow,FAQ,Lucknow,5600,5400,5500,Uttar Pradesh,Deshi
19/08/2023,Tomato,78,Lucknow,FAQ,Lucknow,5750,5650,5700,Uttar Pradesh,Deshi
18/08/2023,Tomato,78,Lucknow,FAQ,Lucknow,6050,5950,6000,Uttar Pradesh,Deshi
17/08/2023,Tomato,78,Lucknow,FAQ,Lucknow,6650,6550,6600,Uttar Pradesh,Deshi
16/08/2023,Tomato,78,Lucknow,FAQ,Lucknow,6650,6550,6600,Uttar Pradesh,Deshi
31/07/2023,Tomato,78,Lucknow,FAQ,Lucknow,8050,7950,8000,Uttar Pradesh,Deshi
30/07/2023,Tomato,78,Lucknow,FAQ,Lucknow,8000,7800,7900,Uttar Pradesh,Deshi
29/07/2023,Tomato,78,Lucknow,FAQ,Lucknow,7950,7850,7900,Uttar Pradesh,Deshi
28/07/2023,Tomato,78,Lucknow,FAQ,Lucknow,7950,7850,7900,Uttar Pradesh,Deshi
27/07/2023,Tomato,78,Lucknow,FAQ,Lucknow,7850,7750,7800,Uttar Pradesh,Deshi
26/07/2023,Tomato,78,Lucknow,FAQ,Lucknow,7950,7750,7800,Uttar Pradesh,Deshi
25/07/2023,Tomato,78,Lucknow,FAQ,Lucknow,7650,7550,7600,Uttar Pradesh,Deshi
24/07/2023,Tomato,78,Lucknow,FAQ,Lucknow,7650,7550,7600,Uttar Pradesh,Deshi
22/07/2023,Tomato,78,Lucknow,FAQ,Lucknow,7700,7500,7600,Uttar Pradesh,Deshi
21/07/2023,Tomato,78,Lucknow,FAQ,Lucknow,7700,7500,7600,Uttar Pradesh,Deshi
20/07/2023,Tomato,78,Lucknow,FAQ,Lucknow,7900,7700,7800,Uttar Pradesh,Deshi
19/07/2023,Tomato,78,Lucknow,FAQ,Lucknow,7900,7500,7700,Uttar Pradesh,Deshi
18/07/2023,Tomato,78,Lucknow,FAQ,Lucknow,7800,7600,7700,Uttar Pradesh,Deshi
17/07/2023,Tomato,78,Lucknow,FAQ,Lucknow,8000,7500,7700,Uttar Pradesh,Deshi
15/07/2023,Tomato,78,Lucknow,FAQ,Lucknow,7550,7400,7500,Uttar Pradesh,Deshi
14/07/2023,Tomato,78,Lucknow,FAQ,Lucknow,7450,7300,7400,Uttar Pradesh,Deshi
13/07/2023,Tomato,78,Lucknow,FAQ,Lucknow,7400,7000,7300,Uttar Pradesh,Deshi
12/07/2023,Tomato,78,Lucknow,FAQ,Lucknow,7400,7000,7300,Uttar Pradesh,Deshi
11/07/2023,Tomato,78,Lucknow,FAQ,Lucknow,7500,7100,7300,Uttar Pradesh,Deshi
10/07/2023,Tomato,78,Lucknow,FAQ,Lucknow,7500,7100,7300,Uttar Pradesh,Deshi
08/07/2023,Tomato,78,Lucknow,FAQ,Lucknow,7400,7000,7200,Uttar Pradesh,Deshi
07/07/2023,Tomato,78,Lucknow,FAQ,Lucknow,7400,7000,7200,Uttar Pradesh,Deshi
06/07/2023,Tomato,78,Lucknow,FAQ,Lucknow,7300,6800,7000,Uttar Pradesh,Deshi
05/07/2023,Tomato,78,Lucknow,FAQ,Lucknow,7200,6700,6800,Uttar Pradesh,Deshi
04/07/2023,Tomato,78,Lucknow,FAQ,Lucknow,6700,6500,6600,Uttar Pradesh,Deshi
03/07/2023,Tomato,78,Lucknow,FAQ,Lucknow,6700,6500,6600,Uttar Pradesh,Deshi
30/06/2023,Tomato,78,Lucknow,FAQ,Lucknow,6200,5700,6000,Uttar Pradesh,Deshi
28/06/2023,Tomato,78,Lucknow,FAQ,Lucknow,5600,5000,5300,Uttar Pradesh,Deshi
27/06/2023,Tomato,78,Lucknow,FAQ,Lucknow,4500,4000,4200,Uttar Pradesh,Deshi
26/06/2023,Tomato,78,Lucknow,FAQ,Lucknow,2900,2700,2800,Uttar Pradesh,Deshi
24/06/2023,Tomato,78,Lucknow,FAQ,Lucknow,1950,1800,1900,Uttar Pradesh,Deshi
23/06/2023,Tomato,78,Lucknow,FAQ,Lucknow,1950,1800,1900,Uttar Pradesh,Deshi
22/06/2023,Tomato,78,Lucknow,FAQ,Lucknow,1850,1750,1800,Uttar Pradesh,Deshi
21/06/2023,Tomato,78,Lucknow,FAQ,Lucknow,1850,1750,1800,Uttar Pradesh,Deshi
20/06/2023,Tomato,78,Lucknow,FAQ,Lucknow,1700,1600,1650,Uttar Pradesh,Deshi
19/06/2023,Tomato,78,Lucknow,FAQ,Lucknow,1560,1460,1510,Uttar Pradesh,Deshi
17/06/2023,Tomato,78,Lucknow,FAQ,Lucknow,1530,1400,1470,Uttar Pradesh,Deshi
16/06/2023,Tomato,78,Lucknow,FAQ,Lucknow,1550,1400,1470,Uttar Pradesh,Deshi
15/06/2023,Tomato,78,Lucknow,FAQ,Lucknow,1550,1400,1450,Uttar Pradesh,Deshi
14/06/2023,Tomato,78,Lucknow,FAQ,Lucknow,1470,1350,1430,Uttar Pradesh,Deshi
13/06/2023,Tomato,78,Lucknow,FAQ,Lucknow,1430,1340,1380,Uttar Pradesh,Deshi
12/06/2023,Tomato,78,Lucknow,FAQ,Lucknow,1320,1220,1270,Uttar Pradesh,Deshi
10/06/2023,Tomato,78,Lucknow,FAQ,Lucknow,1300,1200,1250,Uttar Pradesh,Deshi
09/06/2023,Tomato,78,Lucknow,FAQ,Lucknow,1250,1150,1200,Uttar Pradesh,Deshi
08/06/2023,Tomato,78,Lucknow,FAQ,Lucknow,1110,1010,1060,Uttar Pradesh,Deshi
07/06/2023,Tomato,78,Lucknow,FAQ,Lucknow,1090,1000,1050,Uttar Pradesh,Deshi
06/06/2023,Tomato,78,Lucknow,FAQ,Lucknow,1090,1000,1040,Uttar Pradesh,Deshi
05/06/2023,Tomato,78,Lucknow,FAQ,Lucknow,1090,1000,1040,Uttar Pradesh,Deshi
03/06/2023,Tomato,78,Lucknow,FAQ,Lucknow,1070,970,1020,Uttar Pradesh,Deshi
02/06/2023,Tomato,78,Lucknow,FAQ,Lucknow,1070,970,1020,Uttar Pradesh,Deshi
01/06/2023,Tomato,78,Lucknow,FAQ,Lucknow,1060,960,1010,Uttar Pradesh,Deshi
31/05/2023,Tomato,78,Lucknow,FAQ,Lucknow,1060,960,1010,Uttar Pradesh,Deshi
30/05/2023,Tomato,78,Lucknow,FAQ,Lucknow,1070,970,1020,Uttar Pradesh,Deshi
29/05/2023,Tomato,78,Lucknow,FAQ,Lucknow,1050,950,1000,Uttar Pradesh,Deshi
28/05/2023,Tomato,78,Lucknow,FAQ,Lucknow,1070,970,1020,Uttar Pradesh,Deshi
27/05/2023,Tomato,78,Lucknow,FAQ,Lucknow,1070,970,1020,Uttar Pradesh,Deshi
26/05/2023,Tomato,78,Lucknow,FAQ,Lucknow,1100,900,1000,Uttar Pradesh,Deshi
25/05/2023,Tomato,78,Lucknow,FAQ,Lucknow,1060,960,1010,Uttar Pradesh,Deshi
24/05/2023,Tomato,78,Lucknow,FAQ,Lucknow,1060,960,1010,Uttar Pradesh,Deshi
23/05/2023,Tomato,78,Lucknow,FAQ,Lucknow,1100,990,1040,Uttar Pradesh,Deshi
22/05/2023,Tomato,78,Lucknow,FAQ,Lucknow,1100,1000,1050,Uttar Pradesh,Deshi
21/05/2023,Tomato,78,Lucknow,FAQ,Lucknow,1110,1010,1060,Uttar Pradesh,Deshi
20/05/2023,Tomato,78,Lucknow,FAQ,Lucknow,1100,1000,1050,Uttar Pradesh,Deshi
19/05/2023,Tomato,78,Lucknow,FAQ,Lucknow,1090,990,1040,Uttar Pradesh,Deshi
18/05/2023,Tomato,78,Lucknow,FAQ,Lucknow,1080,980,1030,Uttar Pradesh,Deshi
17/05/2023,Tomato,78,Lucknow,FAQ,Lucknow,1100,950,1000,Uttar Pradesh,Deshi
16/05/2023,Tomato,78,Lucknow,FAQ,Lucknow,1030,930,990,Uttar Pradesh,Deshi
15/05/2023,Tomato,78,Lucknow,FAQ,Lucknow,1030,930,980,Uttar Pradesh,Deshi
14/05/2023,Tomato,78,Lucknow,FAQ,Lucknow,990,890,940,Uttar Pradesh,Deshi
13/05/2023,Tomato,78,Lucknow,FAQ,Lucknow,1000,900,940,Uttar Pradesh,Deshi
12/05/2023,Tomato,78,Lucknow,FAQ,Lucknow,980,880,930,Uttar Pradesh,Deshi
11/05/2023,Tomato,78,Lucknow,FAQ,Lucknow,970,870,920,Uttar Pradesh,Deshi
10/05/2023,Tomato,78,Lucknow,FAQ,Lucknow,900,800,850,Uttar Pradesh,Deshi
09/05/2023,Tomato,78,Lucknow,FAQ,Lucknow,910,810,860,Uttar Pradesh,Deshi
08/05/2023,Tomato,78,Lucknow,FAQ,Lucknow,900,800,850,Uttar Pradesh,Deshi
07/05/2023,Tomato,78,Lucknow,FAQ,Lucknow,900,800,850,Uttar Pradesh,Deshi
06/05/2023,Tomato,78,Lucknow,FAQ,Lucknow,930,840,890,Uttar Pradesh,Deshi
05/05/2023,Tomato,78,Lucknow,FAQ,Lucknow,930,840,890,Uttar Pradesh,Deshi
03/05/2023,Tomato,78,Lucknow,FAQ,Lucknow,930,830,880,Uttar Pradesh,Deshi
02/05/2023,Tomato,78,Lucknow,FAQ,Lucknow,950,850,900,Uttar Pradesh,Deshi
30/04/2023,Tomato,78,Lucknow,FAQ,Lucknow,970,870,920,Uttar Pradesh,Deshi
29/04/2023,Tomato,78,Lucknow,FAQ,Lucknow,1080,970,1020,Uttar Pradesh,Deshi
28/04/2023,Tomato,78,Lucknow,FAQ,Lucknow,1130,1000,1050,Uttar Pradesh,Deshi
27/04/2023,Tomato,78,Lucknow,FAQ,Lucknow,1130,1000,1050,Uttar Pradesh,Deshi
26/04/2023,Tomato,78,Lucknow,FAQ,Lucknow,1130,1000,1070,Uttar Pradesh,Deshi
25/04/2023,Tomato,78,Lucknow,FAQ,Lucknow,1130,1000,1070,Uttar Pradesh,Deshi
24/04/2023,Tomato,78,Lucknow,FAQ,Lucknow,1150,1050,1100,Uttar Pradesh,Deshi
23/04/2023,Tomato,78,Lucknow,FAQ,Lucknow,1150,1050,1100,Uttar Pradesh,Deshi
22/04/2023,Tomato,78,Lucknow,FAQ,Lucknow,1150,1050,1100,Uttar Pradesh,Deshi
21/04/2023,Tomato,78,Lucknow,FAQ,Lucknow,1150,1050,1100,Uttar Pradesh,Deshi
20/04/2023,Tomato,78,Lucknow,FAQ,Lucknow,1150,1050,1100,Uttar Pradesh,Deshi
19/04/2023,Tomato,78,Lucknow,FAQ,Lucknow,1150,1050,1100,Uttar Pradesh,Deshi
18/04/2023,Tomato,78,Lucknow,FAQ,Lucknow,1150,1050,1100,Uttar Pradesh,Deshi
17/04/2023,Tomato,78,Lucknow,FAQ,Lucknow,1160,1080,1120,Uttar Pradesh,Deshi
16/04/2023,Tomato,78,Lucknow,FAQ,Lucknow,1150,1050,1100,Uttar Pradesh,Deshi
15/04/2023,Tomato,78,Lucknow,FAQ,Lucknow,1130,1010,1080,Uttar Pradesh,Deshi
14/04/2023,Tomato,78,Lucknow,FAQ,Lucknow,1150,1000,1100,Uttar Pradesh,Deshi
13/04/2023,Tomato,78,Lucknow,FAQ,Lucknow,1160,1050,1110,Uttar Pradesh,Deshi
12/04/2023,Tomato,78,Lucknow,FAQ,Lucknow,1150,1000,1100,Uttar Pradesh,Deshi
11/04/2023,Tomato,78,Lucknow,FAQ,Lucknow,1150,1050,1100,Uttar Pradesh,Deshi
10/04/2023,Tomato,78,Lucknow,FAQ,Lucknow,1110,1010,1080,Uttar Pradesh,Deshi
09/04/2023,Tomato,78,Lucknow,FAQ,Lucknow,1120,1020,1070,Uttar Pradesh,Deshi
08/04/2023,Tomato,78,Lucknow,FAQ,Lucknow,1130,1030,1080,Uttar Pradesh,Deshi
07/04/2023,Tomato,78,Lucknow,FAQ,Lucknow,1130,1030,1080,Uttar Pradesh,Deshi
06/04/2023,Tomato,78,Lucknow,FAQ,Lucknow,1140,1040,1090,Uttar Pradesh,Deshi
05/04/2023,Tomato,78,Lucknow,FAQ,Lucknow,1130,1030,1080,Uttar Pradesh,Deshi
04/04/2023,Tomato,78,Lucknow,FAQ,Lucknow,1130,1030,1080,Uttar Pradesh,Deshi
03/04/2023,Tomato,78,Lucknow,FAQ,Lucknow,1140,1040,1090,Uttar Pradesh,Deshi
02/04/2023,Tomato,78,Lucknow,FAQ,Lucknow,1140,1040,1090,Uttar Pradesh,Deshi
01/04/2023,Tomato,78,Lucknow,FAQ,Lucknow,1110,1010,1060,Uttar Pradesh,Deshi
31/03/2023,Tomato,78,Lucknow,FAQ,Lucknow,1050,900,1000,Uttar Pradesh,Deshi
30/03/2023,Tomato,78,Lucknow,FAQ,Lucknow,1070,970,1020,Uttar Pradesh,Deshi
29/03/2023,Tomato,78,Lucknow,FAQ,Lucknow,1050,900,1000,Uttar Pradesh,Deshi
28/03/2023,Tomato,78,Lucknow,FAQ,Lucknow,1100,900,1000,Uttar Pradesh,Deshi
27/03/2023,Tomato,78,Lucknow,FAQ,Lucknow,1060,900,1010,Uttar Pradesh,Deshi
26/03/2023,Tomato,78,Lucknow,FAQ,Lucknow,1050,950,1000,Uttar Pradesh,Deshi
25/03/2023,Tomato,78,Lucknow,FAQ,Lucknow,1100,900,1000,Uttar Pradesh,Deshi
24/03/2023,Tomato,78,Lucknow,FAQ,Lucknow,950,850,900,Uttar Pradesh,Deshi
23/03/2023,Tomato,78,Lucknow,FAQ,Lucknow,920,810,870,Uttar Pradesh,Deshi
22/03/2023,Tomato,78,Lucknow,FAQ,Lucknow,910,800,850,Uttar Pradesh,Deshi
21/03/2023,Tomato,78,Lucknow,FAQ,Lucknow,820,700,770,Uttar Pradesh,Deshi
20/03/2023,Tomato,78,Lucknow,FAQ,Lucknow,800,650,750,Uttar Pradesh,Deshi
19/03/2023,Tomato,78,Lucknow,FAQ,Lucknow,820,720,770,Uttar Pradesh,Deshi
18/03/2023,Tomato,78,Lucknow,FAQ,Lucknow,820,700,760,Uttar Pradesh,Deshi
17/03/2023,Tomato,78,Lucknow,FAQ,Lucknow,820,700,760,Uttar Pradesh,Deshi
16/03/2023,Tomato,78,Lucknow,FAQ,Lucknow,760,660,710,Uttar Pradesh,Deshi
15/03/2023,Tomato,78,Lucknow,FAQ,Lucknow,750,650,700,Uttar Pradesh,Deshi
14/03/2023,Tomato,78,Lucknow,FAQ,Lucknow,750,600,700,Uttar Pradesh,Deshi
13/03/2023,Tomato,78,Lucknow,FAQ,Lucknow,770,650,720,Uttar Pradesh,Deshi
12/03/2023,Tomato,78,Lucknow,FAQ,Lucknow,800,700,750,Uttar Pradesh,Deshi
11/03/2023,Tomato,78,Lucknow,FAQ,Lucknow,790,690,740,Uttar Pradesh,Deshi
10/03/2023,Tomato,78,Lucknow,FAQ,Lucknow,850,650,750,Uttar Pradesh,Deshi
09/03/2023,Tomato,78,Lucknow,FAQ,Lucknow,870,770,820,Uttar Pradesh,Deshi
07/03/2023,Tomato,78,Lucknow,FAQ,Lucknow,950,850,900,Uttar Pradesh,Deshi
06/03/2023,Tomato,78,Lucknow,FAQ,Lucknow,920,820,870,Uttar Pradesh,Deshi
05/03/2023,Tomato,78,Lucknow,FAQ,Lucknow,940,840,890,Uttar Pradesh,Deshi
04/03/2023,Tomato,78,Lucknow,FAQ,Lucknow,920,820,870,Uttar Pradesh,Deshi
03/03/2023,Tomato,78,Lucknow,FAQ,Lucknow,910,810,860,Uttar Pradesh,Deshi
02/03/2023,Tomato,78,Lucknow,FAQ,Lucknow,950,850,900,Uttar Pradesh,Deshi
28/02/2023,Tomato,78,Lucknow,FAQ,Lucknow,890,800,840,Uttar Pradesh,Deshi
27/02/2023,Tomato,78,Lucknow,FAQ,Lucknow,890,780,830,Uttar Pradesh,Deshi
26/02/2023,Tomato,78,Lucknow,FAQ,Lucknow,890,790,840,Uttar Pradesh,Deshi
25/02/2023,Tomato,78,Lucknow,FAQ,Lucknow,900,800,850,Uttar Pradesh,Deshi
24/02/2023,Tomato,78,Lucknow,FAQ,Lucknow,890,790,840,Uttar Pradesh,Deshi
23/02/2023,Tomato,78,Lucknow,FAQ,Lucknow,880,780,830,Uttar Pradesh,Deshi
22/02/2023,Tomato,78,Lucknow,FAQ,Lucknow,900,800,850,Uttar Pradesh,Deshi
21/02/2023,Tomato,78,Lucknow,FAQ,Lucknow,900,800,850,Uttar Pradesh,Deshi
20/02/2023,Tomato,78,Lucknow,FAQ,Lucknow,920,820,870,Uttar Pradesh,Deshi
19/02/2023,Tomato,78,Lucknow,FAQ,Lucknow,940,840,890,Uttar Pradesh,Deshi
18/02/2023,Tomato,78,Lucknow,FAQ,Lucknow,930,830,880,Uttar Pradesh,Deshi
17/02/2023,Tomato,78,Lucknow,FAQ,Lucknow,940,840,890,Uttar Pradesh,Deshi
16/02/2023,Tomato,78,Lucknow,FAQ,Lucknow,930,830,880,Uttar Pradesh,Deshi
15/02/2023,Tomato,78,Lucknow,FAQ,Lucknow,930,830,880,Uttar Pradesh,Deshi
14/02/2023,Tomato,78,Lucknow,FAQ,Lucknow,920,820,870,Uttar Pradesh,Deshi
13/02/2023,Tomato,78,Lucknow,FAQ,Lucknow,910,810,860,Uttar Pradesh,Deshi
12/02/2023,Tomato,78,Lucknow,FAQ,Lucknow,930,830,880,Uttar Pradesh,Deshi
11/02/2023,Tomato,78,Lucknow,FAQ,Lucknow,940,840,890,Uttar Pradesh,Deshi
10/02/2023,Tomato,78,Lucknow,FAQ,Lucknow,930,830,880,Uttar Pradesh,Deshi
09/02/2023,Tomato,78,Lucknow,FAQ,Lucknow,950,850,900,Uttar Pradesh,Deshi
08/02/2023,Tomato,78,Lucknow,FAQ,Lucknow,940,840,890,Uttar Pradesh,Deshi
07/02/2023,Tomato,78,Lucknow,FAQ,Lucknow,940,840,890,Uttar Pradesh,Deshi
06/02/2023,Tomato,78,Lucknow,FAQ,Lucknow,950,850,900,Uttar Pradesh,Deshi
05/02/2023,Tomato,78,Lucknow,FAQ,Lucknow,970,870,920,Uttar Pradesh,Deshi
04/02/2023,Tomato,78,Lucknow,FAQ,Lucknow,950,850,900,Uttar Pradesh,Deshi
03/02/2023,Tomato,78,Lucknow,FAQ,Lucknow,950,850,900,Uttar Pradesh,Deshi
02/02/2023,Tomato,78,Lucknow,FAQ,Lucknow,1020,920,970,Uttar Pradesh,Deshi
01/02/2023,Tomato,78,Lucknow,FAQ,Lucknow,1020,920,970,Uttar Pradesh,Deshi
30/01/2023,Tomato,78,Lucknow,FAQ,Lucknow,1020,920,970,Uttar Pradesh,Deshi
29/01/2023,Tomato,78,Lucknow,FAQ,Lucknow,1020,920,970,Uttar Pradesh,Deshi
28/01/2023,Tomato,78,Lucknow,FAQ,Lucknow,1020,920,970,Uttar Pradesh,Deshi
27/01/2023,Tomato,78,Lucknow,FAQ,Lucknow,1000,900,950,Uttar Pradesh,Deshi
25/01/2023,Tomato,78,Lucknow,FAQ,Lucknow,1010,910,960,Uttar Pradesh,Deshi
24/01/2023,Tomato,78,Lucknow,FAQ,Lucknow,1000,890,950,Uttar Pradesh,Deshi
23/01/2023,Tomato,78,Lucknow,FAQ,Lucknow,990,890,940,Uttar Pradesh,Deshi
22/01/2023,Tomato,78,Lucknow,FAQ,Lucknow,970,870,920,Uttar Pradesh,Deshi
21/01/2023,Tomato,78,Lucknow,FAQ,Lucknow,950,850,900,Uttar Pradesh,Deshi
20/01/2023,Tomato,78,Lucknow,FAQ,Lucknow,1010,910,960,Uttar Pradesh,Deshi
19/01/2023,Tomato,78,Lucknow,FAQ,Lucknow,1000,900,950,Uttar Pradesh,Deshi
18/01/2023,Tomato,78,Lucknow,FAQ,Lucknow,970,870,920,Uttar Pradesh,Deshi
17/01/2023,Tomato,78,Lucknow,FAQ,Lucknow,950,860,900,Uttar Pradesh,Deshi
16/01/2023,Tomato,78,Lucknow,FAQ,Lucknow,950,850,900,Uttar Pradesh,Deshi
15/01/2023,Tomato,78,Lucknow,FAQ,Lucknow,970,870,920,Uttar Pradesh,Deshi
14/01/2023,Tomato,78,Lucknow,FAQ,Lucknow,950,850,900,Uttar Pradesh,Deshi
13/01/2023,Tomato,78,Lucknow,FAQ,Lucknow,960,860,910,Uttar Pradesh,Deshi
12/01/2023,Tomato,78,Lucknow,FAQ,Lucknow,970,870,920,Uttar Pradesh,Deshi
11/01/2023,Tomato,78,Lucknow,FAQ,Lucknow,950,860,910,Uttar Pradesh,Deshi
10/01/2023,Tomato,78,Lucknow,FAQ,Lucknow,950,860,910,Uttar Pradesh,Deshi
09/01/2023,Tomato,78,Lucknow,FAQ,Lucknow,950,850,900,Uttar Pradesh,Deshi
08/01/2023,Tomato,78,Lucknow,FAQ,Lucknow,950,850,900,Uttar Pradesh,Deshi
07/01/2023,Tomato,78,Lucknow,FAQ,Lucknow,950,850,900,Uttar Pradesh,Deshi
06/01/2023,Tomato,78,Lucknow,FAQ,Lucknow,950,850,900,Uttar Pradesh,Deshi
05/01/2023,Tomato,78,Lucknow,FAQ,Lucknow,970,870,920,Uttar Pradesh,Deshi
04/01/2023,Tomato,78,Lucknow,FAQ,Lucknow,990,890,940,Uttar Pradesh,Deshi
03/01/2023,Tomato,78,Lucknow,FAQ,Lucknow,990,880,930,Uttar Pradesh,Deshi
02/01/2023,Tomato,78,Lucknow,FAQ,Lucknow,1010,910,960,Uttar Pradesh,Deshi
01/01/2023,Tomato,78,Lucknow,FAQ,Lucknow,1000,900,950,Uttar Pradesh,Deshi
30/12/2022,Tomato,78,Lucknow,FAQ,Lucknow,1000,900,950,Uttar Pradesh,Deshi
29/12/2022,Tomato,78,Lucknow,FAQ,Lucknow,1000,900,950,Uttar Pradesh,Deshi
28/12/2022,Tomato,78,Lucknow,FAQ,Lucknow,1000,900,940,Uttar Pradesh,Deshi
27/12/2022,Tomato,78,Lucknow,FAQ,Lucknow,1000,900,950,Uttar Pradesh,Deshi
26/12/2022,Tomato,78,Lucknow,FAQ,Lucknow,1000,900,950,Uttar Pradesh,Deshi
25/12/2022,Tomato,78,Lucknow,FAQ,Lucknow,1140,1020,1090,Uttar Pradesh,Deshi
24/12/2022,Tomato,78,Lucknow,FAQ,Lucknow,1140,1000,1090,Uttar Pradesh,Deshi
23/12/2022,Tomato,78,Lucknow,FAQ,Lucknow,1150,1000,1080,Uttar Pradesh,Deshi
22/12/2022,Tomato,78,Lucknow,FAQ,Lucknow,1150,1000,1100,Uttar Pradesh,Deshi
21/12/2022,Tomato,78,Lucknow,FAQ,Lucknow,1300,1100,1200,Uttar Pradesh,Deshi
20/12/2022,Tomato,78,Lucknow,FAQ,Lucknow,1250,1100,1200,Uttar Pradesh,Deshi
19/12/2022,Tomato,78,Lucknow,FAQ,Lucknow,1250,1150,1200,Uttar Pradesh,Deshi
18/12/2022,Tomato,78,Lucknow,FAQ,Lucknow,1330,1200,1280,Uttar Pradesh,Deshi
17/12/2022,Tomato,78,Lucknow,FAQ,Lucknow,1340,1150,1290,Uttar Pradesh,Deshi
16/12/2022,Tomato,78,Lucknow,FAQ,Lucknow,1400,1300,1350,Uttar Pradesh,Deshi
15/12/2022,Tomato,78,Lucknow,FAQ,Lucknow,1350,1100,1300,Uttar Pradesh,Deshi
14/12/2022,Tomato,78,Lucknow,FAQ,Lucknow,1450,1300,1420,Uttar Pradesh,Deshi
13/12/2022,Tomato,78,Lucknow,FAQ,Lucknow,1500,1380,1450,Uttar Pradesh,Deshi
12/12/2022,Tomato,78,Lucknow,FAQ,Lucknow,1500,1380,1450,Uttar Pradesh,Deshi
11/12/2022,Tomato,78,Lucknow,FAQ,Lucknow,1490,1390,1440,Uttar Pradesh,Deshi
10/12/2022,Tomato,78,Lucknow,FAQ,Lucknow,1480,1380,1430,Uttar Pradesh,Deshi
09/12/2022,Tomato,78,Lucknow,FAQ,Lucknow,1500,1350,1450,Uttar Pradesh,Deshi
08/12/2022,Tomato,78,Lucknow,FAQ,Lucknow,1500,1400,1450,Uttar Pradesh,Deshi
07/12/2022,Tomato,78,Lucknow,FAQ,Lucknow,1570,1470,1520,Uttar Pradesh,Deshi
06/12/2022,Tomato,78,Lucknow,FAQ,Lucknow,1570,1470,1520,Uttar Pradesh,Deshi
05/12/2022,Tomato,78,Lucknow,FAQ,Lucknow,1540,1400,1490,Uttar Pradesh,Deshi
04/12/2022,Tomato,78,Lucknow,FAQ,Lucknow,1480,1390,1440,Uttar Pradesh,Deshi
03/12/2022,Tomato,78,Lucknow,FAQ,Lucknow,1500,1350,1430,Uttar Pradesh,Deshi
02/12/2022,Tomato,78,Lucknow,FAQ,Lucknow,1500,1350,1450,Uttar Pradesh,Deshi
01/12/2022,Tomato,78,Lucknow,FAQ,Lucknow,1530,1430,1480,Uttar Pradesh,Deshi
29/11/2022,Tomato,78,Lucknow,FAQ,Lucknow,1460,1360,1410,Uttar Pradesh,Deshi
28/11/2022,Tomato,78,Lucknow,FAQ,Lucknow,1450,1200,1400,Uttar Pradesh,Deshi
27/11/2022,Tomato,78,Lucknow,FAQ,Lucknow,1480,1370,1420,Uttar Pradesh,Deshi
26/11/2022,Tomato,78,Lucknow,FAQ,Lucknow,1450,1200,1400,Uttar Pradesh,Deshi
25/11/2022,Tomato,78,Lucknow,FAQ,Lucknow,1550,1300,1500,Uttar Pradesh,Deshi
24/11/2022,Tomato,78,Lucknow,FAQ,Lucknow,1600,1400,1500,Uttar Pradesh,Deshi
23/11/2022,Tomato,78,Lucknow,FAQ,Lucknow,1350,1200,1300,Uttar Pradesh,Deshi
22/11/2022,Tomato,78,Lucknow,FAQ,Lucknow,1500,1400,1450,Uttar Pradesh,Deshi
21/11/2022,Tomato,78,Lucknow,FAQ,Lucknow,1720,1620,1670,Uttar Pradesh,Deshi
20/11/2022,Tomato,78,Lucknow,FAQ,Lucknow,1730,1630,1680,Uttar Pradesh,Deshi
19/11/2022,Tomato,78,Lucknow,FAQ,Lucknow,1760,1660,1710,Uttar Pradesh,Deshi
18/11/2022,Tomato,78,Lucknow,FAQ,Lucknow,2010,1910,1940,Uttar Pradesh,Deshi
17/11/2022,Tomato,78,Lucknow,FAQ,Lucknow,2000,1900,1950,Uttar Pradesh,Deshi
16/11/2022,Tomato,78,Lucknow,FAQ,Lucknow,2200,2100,2150,Uttar Pradesh,Deshi
15/11/2022,Tomato,78,Lucknow,FAQ,Lucknow,2240,2130,2180,Uttar Pradesh,Deshi
14/11/2022,Tomato,78,Lucknow,FAQ,Lucknow,2240,2140,2190,Uttar Pradesh,Deshi
13/11/2022,Tomato,78,Lucknow,FAQ,Lucknow,2100,1900,2000,Uttar Pradesh,Deshi
12/11/2022,Tomato,78,Lucknow,FAQ,Lucknow,2100,2000,2050,Uttar Pradesh,Deshi
11/11/2022,Tomato,78,Lucknow,FAQ,Lucknow,2200,2100,2150,Uttar Pradesh,Deshi
10/11/2022,Tomato,78,Lucknow,FAQ,Lucknow,2350,2250,2300,Uttar Pradesh,Deshi
09/11/2022,Tomato,78,Lucknow,FAQ,Lucknow,2540,2410,2490,Uttar Pradesh,Deshi
08/11/2022,Tomato,78,Lucknow,FAQ,Lucknow,2560,2440,2510,Uttar Pradesh,Deshi
07/11/2022,Tomato,78,Lucknow,FAQ,Lucknow,2750,2650,2700,Uttar Pradesh,Deshi
06/11/2022,Tomato,78,Lucknow,FAQ,Lucknow,2850,2700,2800,Uttar Pradesh,Deshi
05/11/2022,Tomato,78,Lucknow,FAQ,Lucknow,3030,2930,2980,Uttar Pradesh,Deshi
04/11/2022,Tomato,78,Lucknow,FAQ,Lucknow,3100,2900,3000,Uttar Pradesh,Deshi
03/11/2022,Tomato,78,Lucknow,FAQ,Lucknow,3250,3150,3200,Uttar Pradesh,Deshi
02/11/2022,Tomato,78,Lucknow,FAQ,Lucknow,3450,3350,3400,Uttar Pradesh,Deshi
01/11/2022,Tomato,78,Lucknow,FAQ,Lucknow,3380,3280,3330,Uttar Pradesh,Deshi
30/10/2022,Tomato,78,Lucknow,FAQ,Lucknow,3350,3250,3300,Uttar Pradesh,Deshi
29/10/2022,Tomato,78,Lucknow,FAQ,Lucknow,3280,3180,3230,Uttar Pradesh,Deshi
28/10/2022,Tomato,78,Lucknow,FAQ,Lucknow,3220,3120,3170,Uttar Pradesh,Deshi
27/10/2022,Tomato,78,Lucknow,FAQ,Lucknow,3210,3110,3160,Uttar Pradesh,Deshi
26/10/2022,Tomato,78,Lucknow,FAQ,Lucknow,3200,3100,3150,Uttar Pradesh,Deshi
24/10/2022,Tomato,78,Lucknow,FAQ,Lucknow,3250,3150,3200,Uttar Pradesh,Deshi
23/10/2022,Tomato,78,Lucknow,FAQ,Lucknow,3200,3100,3150,Uttar Pradesh,Deshi
22/10/2022,Tomato,78,Lucknow,FAQ,Lucknow,3200,3100,3140,Uttar Pradesh,Deshi
21/10/2022,Tomato,78,Lucknow,FAQ,Lucknow,3120,3020,3070,Uttar Pradesh,Deshi
20/10/2022,Tomato,78,Lucknow,FAQ,Lucknow,3100,2950,3000,Uttar Pradesh,Deshi
19/10/2022,Tomato,78,Lucknow,FAQ,Lucknow,3020,2920,2970,Uttar Pradesh,Deshi
18/10/2022,Tomato,78,Lucknow,FAQ,Lucknow,3030,2930,2980,Uttar Pradesh,Deshi
17/10/2022,Tomato,78,Lucknow,FAQ,Lucknow,3000,2900,2950,Uttar Pradesh,Deshi
16/10/2022,Tomato,78,Lucknow,FAQ,Lucknow,2960,2860,2910,Uttar Pradesh,Deshi
15/10/2022,Tomato,78,Lucknow,FAQ,Lucknow,2960,2860,2915,Uttar Pradesh,Deshi
14/10/2022,Tomato,78,Lucknow,FAQ,Lucknow,2960,2860,2910,Uttar Pradesh,Deshi
13/10/2022,Tomato,78,Lucknow,FAQ,Lucknow,2950,2850,2900,Uttar Pradesh,Deshi
12/10/2022,Tomato,78,Lucknow,FAQ,Lucknow,2930,2830,2880,Uttar Pradesh,Deshi
11/10/2022,Tomato,78,Lucknow,FAQ,Lucknow,2880,2780,2830,Uttar Pradesh,Deshi
10/10/2022,Tomato,78,Lucknow,FAQ,Lucknow,2850,2750,2820,Uttar Pradesh,Deshi
09/10/2022,Tomato,78,Lucknow,FAQ,Lucknow,2850,2750,2800,Uttar Pradesh,Deshi
08/10/2022,Tomato,78,Lucknow,FAQ,Lucknow,2840,2740,2790,Uttar Pradesh,Deshi
07/10/2022,Tomato,78,Lucknow,FAQ,Lucknow,2810,2710,2760,Uttar Pradesh,Deshi
06/10/2022,Tomato,78,Lucknow,FAQ,Lucknow,2800,2700,2750,Uttar Pradesh,Deshi
05/10/2022,Tomato,78,Lucknow,FAQ,Lucknow,2800,2700,2750,Uttar Pradesh,Deshi
04/10/2022,Tomato,78,Lucknow,FAQ,Lucknow,2800,2700,2750,Uttar Pradesh,Deshi
03/10/2022,Tomato,78,Lucknow,FAQ,Lucknow,2760,2660,2700,Uttar Pradesh,Deshi
01/10/2022,Tomato,78,Lucknow,FAQ,Lucknow,2750,2650,2700,Uttar Pradesh,Deshi
29/09/2022,Tomato,78,Lucknow,FAQ,Lucknow,2740,2640,2690,Uttar Pradesh,Deshi
28/09/2022,Tomato,78,Lucknow,FAQ,Lucknow,2800,2600,2700,Uttar Pradesh,Deshi
27/09/2022,Tomato,78,Lucknow,FAQ,Lucknow,3050,2950,3000,Uttar Pradesh,Deshi
26/09/2022,Tomato,78,Lucknow,FAQ,Lucknow,3100,2950,3000,Uttar Pradesh,Deshi
25/09/2022,Tomato,78,Lucknow,FAQ,Lucknow,3100,2900,3000,Uttar Pradesh,Deshi
24/09/2022,Tomato,78,Lucknow,FAQ,Lucknow,3000,2900,2950,Uttar Pradesh,Deshi
23/09/2022,Tomato,78,Lucknow,FAQ,Lucknow,3020,2920,2970,Uttar Pradesh,Deshi
22/09/2022,Tomato,78,Lucknow,FAQ,Lucknow,3000,2900,2950,Uttar Pradesh,Deshi
21/09/2022,Tomato,78,Lucknow,FAQ,Lucknow,2950,2850,2900,Uttar Pradesh,Deshi
20/09/2022,Tomato,78,Lucknow,FAQ,Lucknow,2850,2750,2800,Uttar Pradesh,Deshi
19/09/2022,Tomato,78,Lucknow,FAQ,Lucknow,2650,2450,2600,Uttar Pradesh,Deshi
18/09/2022,Tomato,78,Lucknow,FAQ,Lucknow,2600,2500,2550,Uttar Pradesh,Deshi
17/09/2022,Tomato,78,Lucknow,FAQ,Lucknow,2650,2550,2600,Uttar Pradesh,Deshi
16/09/2022,Tomato,78,Lucknow,FAQ,Lucknow,2650,2550,2600,Uttar Pradesh,Deshi
15/09/2022,Tomato,78,Lucknow,FAQ,Lucknow,2630,2520,2570,Uttar Pradesh,Deshi
14/09/2022,Tomato,78,Lucknow,FAQ,Lucknow,2630,2530,2580,Uttar Pradesh,Deshi
13/09/2022,Tomato,78,Lucknow,FAQ,Lucknow,2600,2500,2540,Uttar Pradesh,Deshi
12/09/2022,Tomato,78,Lucknow,FAQ,Lucknow,2410,2310,2360,Uttar Pradesh,Deshi
11/09/2022,Tomato,78,Lucknow,FAQ,Lucknow,2410,2310,2360,Uttar Pradesh,Deshi
10/09/2022,Tomato,78,Lucknow,FAQ,Lucknow,2420,2320,2370,Uttar Pradesh,Deshi
09/09/2022,Tomato,78,Lucknow,FAQ,Lucknow,2410,2300,2360,Uttar Pradesh,Deshi
08/09/2022,Tomato,78,Lucknow,FAQ,Lucknow,2410,2310,2360,Uttar Pradesh,Deshi
07/09/2022,Tomato,78,Lucknow,FAQ,Lucknow,2400,2300,2350,Uttar Pradesh,Deshi
06/09/2022,Tomato,78,Lucknow,FAQ,Lucknow,2400,2300,2350,Uttar Pradesh,Deshi
05/09/2022,Tomato,78,Lucknow,FAQ,Lucknow,2400,2300,2350,Uttar Pradesh,Deshi
04/09/2022,Tomato,78,Lucknow,FAQ,Lucknow,2400,2300,2350,Uttar Pradesh,Deshi
03/09/2022,Tomato,78,Lucknow,FAQ,Lucknow,2410,2310,2360,Uttar Pradesh,Deshi
02/09/2022,Tomato,78,Lucknow,FAQ,Lucknow,2400,2300,2350,Uttar Pradesh,Deshi
30/08/2022,Tomato,78,Lucknow,FAQ,Lucknow,2360,2260,2310,Uttar Pradesh,Deshi
29/08/2022,Tomato,78,Lucknow,FAQ,Lucknow,2350,2250,2300,Uttar Pradesh,Deshi
28/08/2022,Tomato,78,Lucknow,FAQ,Lucknow,2310,2210,2260,Uttar Pradesh,Deshi
27/08/2022,Tomato,78,Lucknow,FAQ,Lucknow,2300,2200,2250,Uttar Pradesh,Deshi
26/08/2022,Tomato,78,Lucknow,FAQ,Lucknow,2260,2160,2210,Uttar Pradesh,Deshi
25/08/2022,Tomato,78,Lucknow,FAQ,Lucknow,2250,2150,2200,Uttar Pradesh,Deshi
24/08/2022,Tomato,78,Lucknow,FAQ,Lucknow,2420,2320,2370,Uttar Pradesh,Deshi
23/08/2022,Tomato,78,Lucknow,FAQ,Lucknow,2420,2320,2370,Uttar Pradesh,Deshi
22/08/2022,Tomato,78,Lucknow,FAQ,Lucknow,2430,2330,2380,Uttar Pradesh,Deshi
21/08/2022,Tomato,78,Lucknow,FAQ,Lucknow,2440,2340,2390,Uttar Pradesh,Deshi
20/08/2022,Tomato,78,Lucknow,FAQ,Lucknow,2440,2340,2390,Uttar Pradesh,Deshi
19/08/2022,Tomato,78,Lucknow,FAQ,Lucknow,2420,2320,2370,Uttar Pradesh,Deshi
18/08/2022,Tomato,78,Lucknow,FAQ,Lucknow,2400,2300,2350,Uttar Pradesh,Deshi
17/08/2022,Tomato,78,Lucknow,FAQ,Lucknow,2380,2280,2330,Uttar Pradesh,Deshi
16/08/2022,Tomato,78,Lucknow,FAQ,Lucknow,2330,2230,2280,Uttar Pradesh,Deshi
14/08/2022,Tomato,78,Lucknow,FAQ,Lucknow,2320,2220,2270,Uttar Pradesh,Deshi
13/08/2022,Tomato,78,Lucknow,FAQ,Lucknow,2340,2240,2290,Uttar Pradesh,Deshi
12/08/2022,Tomato,78,Lucknow,FAQ,Lucknow,2340,2240,2290,Uttar Pradesh,Deshi
10/08/2022,Tomato,78,Lucknow,FAQ,Lucknow,2340,2240,2290,Uttar Pradesh,Deshi
09/08/2022,Tomato,78,Lucknow,FAQ,Lucknow,2300,2200,2250,Uttar Pradesh,Deshi
08/08/2022,Tomato,78,Lucknow,FAQ,Lucknow,2280,2180,2230,Uttar Pradesh,Deshi
07/08/2022,Tomato,78,Lucknow,FAQ,Lucknow,2250,2150,2200,Uttar Pradesh,Deshi
06/08/2022,Tomato,78,Lucknow,FAQ,Lucknow,2210,2110,2160,Uttar Pradesh,Deshi
05/08/2022,Tomato,78,Lucknow,FAQ,Lucknow,2210,2110,2160,Uttar Pradesh,Deshi
04/08/2022,Tomato,78,Lucknow,FAQ,Lucknow,2230,2130,2180,Uttar Pradesh,Deshi
03/08/2022,Tomato,78,Lucknow,FAQ,Lucknow,2220,2120,2170,Uttar Pradesh,Deshi
02/08/2022,Tomato,78,Lucknow,FAQ,Lucknow,2200,2100,2150,Uttar Pradesh,Deshi
01/08/2022,Tomato,78,Lucknow,FAQ,Lucknow,2150,2050,2100,Uttar Pradesh,Deshi
30/07/2022,Tomato,78,Lucknow,FAQ,Lucknow,2180,2080,2130,Uttar Pradesh,Deshi
29/07/2022,Tomato,78,Lucknow,FAQ,Lucknow,2170,2070,2120,Uttar Pradesh,Deshi
28/07/2022,Tomato,78,Lucknow,FAQ,Lucknow,2150,2050,2100,Uttar Pradesh,Deshi
27/07/2022,Tomato,78,Lucknow,FAQ,Lucknow,2200,2100,2150,Uttar Pradesh,Deshi
26/07/2022,Tomato,78,Lucknow,FAQ,Lucknow,2150,2050,2100,Uttar Pradesh,Deshi
25/07/2022,Tomato,78,Lucknow,FAQ,Lucknow,2100,2000,2050,Uttar Pradesh,Deshi
24/07/2022,Tomato,78,Lucknow,FAQ,Lucknow,2240,2140,2190,Uttar Pradesh,Deshi
23/07/2022,Tomato,78,Lucknow,FAQ,Lucknow,2450,2350,2400,Uttar Pradesh,Deshi
22/07/2022,Tomato,78,Lucknow,FAQ,Lucknow,2580,2480,2530,Uttar Pradesh,Deshi
21/07/2022,Tomato,78,Lucknow,FAQ,Lucknow,2600,2480,2550,Uttar Pradesh,Deshi
20/07/2022,Tomato,78,Lucknow,FAQ,Lucknow,2590,2490,2540,Uttar Pradesh,Deshi
19/07/2022,Tomato,78,Lucknow,FAQ,Lucknow,2600,2500,2550,Uttar Pradesh,Deshi
18/07/2022,Tomato,78,Lucknow,FAQ,Lucknow,2680,2580,2630,Uttar Pradesh,Deshi
17/07/2022,Tomato,78,Lucknow,FAQ,Lucknow,2670,2570,2620,Uttar Pradesh,Deshi
16/07/2022,Tomato,78,Lucknow,FAQ,Lucknow,2920,2830,2870,Uttar Pradesh,Deshi
15/07/2022,Tomato,78,Lucknow,FAQ,Lucknow,2950,2830,2880,Uttar Pradesh,Deshi
14/07/2022,Tomato,78,Lucknow,FAQ,Lucknow,2950,2850,2900,Uttar Pradesh,Deshi
13/07/2022,Tomato,78,Lucknow,FAQ,Lucknow,2980,2880,2930,Uttar Pradesh,Deshi
12/07/2022,Tomato,78,Lucknow,FAQ,Lucknow,3000,2900,2950,Uttar Pradesh,Deshi
11/07/2022,Tomato,78,Lucknow,FAQ,Lucknow,3150,2950,3100,Uttar Pradesh,Deshi
09/07/2022,Tomato,78,Lucknow,FAQ,Lucknow,3100,2900,3000,Uttar Pradesh,Deshi
08/07/2022,Tomato,78,Lucknow,FAQ,Lucknow,3350,3250,3300,Uttar Pradesh,Deshi
07/07/2022,Tomato,78,Lucknow,FAQ,Lucknow,3700,3600,3650,Uttar Pradesh,Deshi
06/07/2022,Tomato,78,Lucknow,FAQ,Lucknow,3800,3700,3750,Uttar Pradesh,Deshi
05/07/2022,Tomato,78,Lucknow,FAQ,Lucknow,3820,3700,3750,Uttar Pradesh,Deshi
04/07/2022,Tomato,78,Lucknow,FAQ,Lucknow,3840,3660,3740,Uttar Pradesh,Deshi
03/07/2022,Tomato,78,Lucknow,FAQ,Lucknow,3820,3700,3740,Uttar Pradesh,Deshi
01/07/2022,Tomato,78,Lucknow,FAQ,Lucknow,3800,3700,3750,Uttar Pradesh,Deshi
29/06/2022,Tomato,78,Lucknow,FAQ,Lucknow,3780,3700,3740,Uttar Pradesh,Deshi
28/06/2022,Tomato,78,Lucknow,FAQ,Lucknow,3750,3650,3700,Uttar Pradesh,Deshi
27/06/2022,Tomato,78,Lucknow,FAQ,Lucknow,3350,3250,3300,Uttar Pradesh,Deshi
26/06/2022,Tomato,78,Lucknow,FAQ,Lucknow,3400,3300,3350,Uttar Pradesh,Deshi
25/06/2022,Tomato,78,Lucknow,FAQ,Lucknow,3380,3300,3340,Uttar Pradesh,Deshi
24/06/2022,Tomato,78,Lucknow,FAQ,Lucknow,3400,3300,3350,Uttar Pradesh,Deshi
23/06/2022,Tomato,78,Lucknow,FAQ,Lucknow,3450,3350,3400,Uttar Pradesh,Deshi
22/06/2022,Tomato,78,Lucknow,FAQ,Lucknow,3450,3350,3400,Uttar Pradesh,Deshi
21/06/2022,Tomato,78,Lucknow,FAQ,Lucknow,3550,3450,3500,Uttar Pradesh,Deshi
20/06/2022,Tomato,78,Lucknow,FAQ,Lucknow,3600,3500,3550,Uttar Pradesh,Deshi
19/06/2022,Tomato,78,Lucknow,FAQ,Lucknow,3580,3500,3540,Uttar Pradesh,Deshi
18/06/2022,Tomato,78,Lucknow,FAQ,Lucknow,3600,3500,3550,Uttar Pradesh,Deshi
17/06/2022,Tomato,78,Lucknow,FAQ,Lucknow,3580,3500,3540,Uttar Pradesh,Deshi
16/06/2022,Tomato,78,Lucknow,FAQ,Lucknow,3600,3500,3550,Uttar Pradesh,Deshi
15/06/2022,Tomato,78,Lucknow,FAQ,Lucknow,3500,3300,3450,Uttar Pradesh,Deshi
14/06/2022,Tomato,78,Lucknow,FAQ,Lucknow,3400,3300,3350,Uttar Pradesh,Deshi
13/06/2022,Tomato,78,Lucknow,FAQ,Lucknow,3400,3300,3350,Uttar Pradesh,Deshi
12/06/2022,Tomato,78,Lucknow,FAQ,Lucknow,3400,3300,3350,Uttar Pradesh,Deshi
11/06/2022,Tomato,78,Lucknow,FAQ,Lucknow,3360,3260,3310,Uttar Pradesh,Deshi
10/06/2022,Tomato,78,Lucknow,FAQ,Lucknow,3350,3250,3300,Uttar Pradesh,Deshi
09/06/2022,Tomato,78,Lucknow,FAQ,Lucknow,3360,3260,3310,Uttar Pradesh,Deshi
08/06/2022,Tomato,78,Lucknow,FAQ,Lucknow,3350,3250,3300,Uttar Pradesh,Deshi
07/06/2022,Tomato,78,Lucknow,FAQ,Lucknow,3360,3260,3310,Uttar Pradesh,Deshi
06/06/2022,Tomato,78,Lucknow,FAQ,Lucknow,3350,3250,3300,Uttar Pradesh,Deshi
05/06/2022,Tomato,78,Lucknow,FAQ,Lucknow,3300,3200,3240,Uttar Pradesh,Deshi
04/06/2022,Tomato,78,Lucknow,FAQ,Lucknow,3300,3200,3250,Uttar Pradesh,Deshi
03/06/2022,Tomato,78,Lucknow,FAQ,Lucknow,3310,3210,3260,Uttar Pradesh,Deshi
02/06/2022,Tomato,78,Lucknow,FAQ,Lucknow,3300,3200,3250,Uttar Pradesh,Deshi
01/06/2022,Tomato,78,Lucknow,FAQ,Lucknow,3300,3200,3250,Uttar Pradesh,Deshi
30/05/2022,Tomato,78,Lucknow,FAQ,Lucknow,3100,3000,3050,Uttar Pradesh,Deshi
29/05/2022,Tomato,78,Lucknow,FAQ,Lucknow,2950,2850,2900,Uttar Pradesh,Deshi
28/05/2022,Tomato,78,Lucknow,FAQ,Lucknow,2950,2850,2900,Uttar Pradesh,Deshi
27/05/2022,Tomato,78,Lucknow,FAQ,Lucknow,2900,2800,2850,Uttar Pradesh,Deshi
26/05/2022,Tomato,78,Lucknow,FAQ,Lucknow,2900,2800,2850,Uttar Pradesh,Deshi
25/05/2022,Tomato,78,Lucknow,FAQ,Lucknow,2470,2390,2430,Uttar Pradesh,Deshi
24/05/2022,Tomato,78,Lucknow,FAQ,Lucknow,2580,2500,2540,Uttar Pradesh,Deshi
23/05/2022,Tomato,78,Lucknow,FAQ,Lucknow,2550,2450,2500,Uttar Pradesh,Deshi
22/05/2022,Tomato,78,Lucknow,FAQ,Lucknow,2350,2150,2300,Uttar Pradesh,Deshi
21/05/2022,Tomato,78,Lucknow,FAQ,Lucknow,2150,2050,2100,Uttar Pradesh,Deshi
20/05/2022,Tomato,78,Lucknow,FAQ,Lucknow,2100,1900,2000,Uttar Pradesh,Deshi
19/05/2022,Tomato,78,Lucknow,FAQ,Lucknow,1600,1500,1550,Uttar Pradesh,Deshi
18/05/2022,Tomato,78,Lucknow,FAQ,Lucknow,1620,1510,1560,Uttar Pradesh,Deshi
17/05/2022,Tomato,78,Lucknow,FAQ,Lucknow,1600,1500,1550,Uttar Pradesh,Deshi
16/05/2022,Tomato,78,Lucknow,FAQ,Lucknow,1600,1500,1540,Uttar Pradesh,Deshi
13/05/2022,Tomato,78,Lucknow,FAQ,Lucknow,1550,1450,1500,Uttar Pradesh,Deshi
12/05/2022,Tomato,78,Lucknow,FAQ,Lucknow,1550,1450,1500,Uttar Pradesh,Deshi
11/05/2022,Tomato,78,Lucknow,FAQ,Lucknow,1450,1350,1400,Uttar Pradesh,Deshi
10/05/2022,Tomato,78,Lucknow,FAQ,Lucknow,1500,1400,1450,Uttar Pradesh,Deshi
09/05/2022,Tomato,78,Lucknow,FAQ,Lucknow,1530,1430,1480,Uttar Pradesh,Deshi
08/05/2022,Tomato,78,Lucknow,FAQ,Lucknow,1510,1430,1470,Uttar Pradesh,Deshi
07/05/2022,Tomato,78,Lucknow,FAQ,Lucknow,1540,1440,1490,Uttar Pradesh,Deshi
06/05/2022,Tomato,78,Lucknow,FAQ,Lucknow,1550,1450,1500,Uttar Pradesh,Deshi
05/05/2022,Tomato,78,Lucknow,FAQ,Lucknow,1580,1500,1540,Uttar Pradesh,Deshi
04/05/2022,Tomato,78,Lucknow,FAQ,Lucknow,1560,1460,1510,Uttar Pradesh,Deshi
02/05/2022,Tomato,78,Lucknow,FAQ,Lucknow,1550,1450,1500,Uttar Pradesh,Deshi
01/05/2022,Tomato,78,Lucknow,FAQ,Lucknow,1540,1420,1480,Uttar Pradesh,Deshi
29/04/2022,Tomato,78,Lucknow,FAQ,Lucknow,1570,1480,1520,Uttar Pradesh,Deshi
28/04/2022,Tomato,78,Lucknow,FAQ,Lucknow,1550,1450,1500,Uttar Pradesh,Deshi
27/04/2022,Tomato,78,Lucknow,FAQ,Lucknow,1550,1450,1500,Uttar Pradesh,Deshi
26/04/2022,Tomato,78,Lucknow,FAQ,Lucknow,1650,1550,1600,Uttar Pradesh,Deshi
25/04/2022,Tomato,78,Lucknow,FAQ,Lucknow,1650,1550,1600,Uttar Pradesh,Deshi
24/04/2022,Tomato,78,Lucknow,FAQ,Lucknow,1650,1550,1600,Uttar Pradesh,Deshi
23/04/2022,Tomato,78,Lucknow,FAQ,Lucknow,1600,1500,1550,Uttar Pradesh,Deshi
22/04/2022,Tomato,78,Lucknow,FAQ,Lucknow,1630,1530,1580,Uttar Pradesh,Deshi
21/04/2022,Tomato,78,Lucknow,FAQ,Lucknow,1580,1490,1530,Uttar Pradesh,Deshi
20/04/2022,Tomato,78,Lucknow,FAQ,Lucknow,1500,1400,1450,Uttar Pradesh,Deshi
19/04/2022,Tomato,78,Lucknow,FAQ,Lucknow,1400,1300,1350,Uttar Pradesh,Deshi
18/04/2022,Tomato,78,Lucknow,FAQ,Lucknow,1350,1250,1300,Uttar Pradesh,Deshi
17/04/2022,Tomato,78,Lucknow,FAQ,Lucknow,1340,1240,1280,Uttar Pradesh,Deshi
16/04/2022,Tomato,78,Lucknow,FAQ,Lucknow,1340,1240,1290,Uttar Pradesh,Deshi
15/04/2022,Tomato,78,Lucknow,FAQ,Lucknow,1300,1200,1250,Uttar Pradesh,Deshi
14/04/2022,Tomato,78,Lucknow,FAQ,Lucknow,1300,1200,1250,Uttar Pradesh,Deshi
13/04/2022,Tomato,78,Lucknow,FAQ,Lucknow,1300,1200,1260,Uttar Pradesh,Deshi
12/04/2022,Tomato,78,Lucknow,FAQ,Lucknow,1310,1200,1240,Uttar Pradesh,Deshi
11/04/2022,Tomato,78,Lucknow,FAQ,Lucknow,1280,1200,1240,Uttar Pradesh,Deshi
10/04/2022,Tomato,78,Lucknow,FAQ,Lucknow,1270,1170,1220,Uttar Pradesh,Deshi
09/04/2022,Tomato,78,Lucknow,FAQ,Lucknow,1190,1090,1130,Uttar Pradesh,Deshi
08/04/2022,Tomato,78,Lucknow,FAQ,Lucknow,1180,1090,1130,Uttar Pradesh,Deshi
07/04/2022,Tomato,78,Lucknow,FAQ,Lucknow,1180,1100,1140,Uttar Pradesh,Deshi
06/04/2022,Tomato,78,Lucknow,FAQ,Lucknow,1200,1100,1150,Uttar Pradesh,Deshi
05/04/2022,Tomato,78,Lucknow,FAQ,Lucknow,1200,1100,1150,Uttar Pradesh,Deshi
04/04/2022,Tomato,78,Lucknow,FAQ,Lucknow,1200,1100,1140,Uttar Pradesh,Deshi
03/04/2022,Tomato,78,Lucknow,FAQ,Lucknow,1200,1100,1150,Uttar Pradesh,Deshi
02/04/2022,Tomato,78,Lucknow,FAQ,Lucknow,1200,1100,1140,Uttar Pradesh,Deshi
01/04/2022,Tomato,78,Lucknow,FAQ,Lucknow,1200,1100,1150,Uttar Pradesh,Deshi
30/03/2022,Tomato,78,Lucknow,FAQ,Lucknow,1200,1100,1150,Uttar Pradesh,Deshi
29/03/2022,Tomato,78,Lucknow,FAQ,Lucknow,1190,1100,1140,Uttar Pradesh,Deshi
28/03/2022,Tomato,78,Lucknow,FAQ,Lucknow,1200,1100,1150,Uttar Pradesh,Deshi
27/03/2022,Tomato,78,Lucknow,FAQ,Lucknow,1160,1100,1130,Uttar Pradesh,Deshi
26/03/2022,Tomato,78,Lucknow,FAQ,Lucknow,1200,1100,1150,Uttar Pradesh,Deshi
25/03/2022,Tomato,78,Lucknow,FAQ,Lucknow,1300,1200,1250,Uttar Pradesh,Deshi
24/03/2022,Tomato,78,Lucknow,FAQ,Lucknow,1280,1200,1240,Uttar Pradesh,Deshi
23/03/2022,Tomato,78,Lucknow,FAQ,Lucknow,1280,1190,1230,Uttar Pradesh,Deshi
22/03/2022,Tomato,78,Lucknow,FAQ,Lucknow,1280,1200,1240,Uttar Pradesh,Deshi
21/03/2022,Tomato,78,Lucknow,FAQ,Lucknow,1300,1200,1240,Uttar Pradesh,Deshi
20/03/2022,Tomato,78,Lucknow,FAQ,Lucknow,1340,1240,1280,Uttar Pradesh,Deshi
19/03/2022,Tomato,78,Lucknow,FAQ,Lucknow,1280,1200,1240,Uttar Pradesh,Deshi
16/03/2022,Tomato,78,Lucknow,FAQ,Lucknow,1340,1240,1280,Uttar Pradesh,Deshi
15/03/2022,Tomato,78,Lucknow,FAQ,Lucknow,1330,1230,1280,Uttar Pradesh,Deshi
14/03/2022,Tomato,78,Lucknow,FAQ,Lucknow,1370,1290,1330,Uttar Pradesh,Deshi
13/03/2022,Tomato,78,Lucknow,FAQ,Lucknow,1380,1300,1340,Uttar Pradesh,Deshi
12/03/2022,Tomato,78,Lucknow,FAQ,Lucknow,1400,1300,1350,Uttar Pradesh,Deshi
11/03/2022,Tomato,78,Lucknow,FAQ,Lucknow,1390,1300,1340,Uttar Pradesh,Deshi
10/03/2022,Tomato,78,Lucknow,FAQ,Lucknow,1370,1260,1320,Uttar Pradesh,Deshi
09/03/2022,Tomato,78,Lucknow,FAQ,Lucknow,1350,1250,1300,Uttar Pradesh,Deshi
08/03/2022,Tomato,78,Lucknow,FAQ,Lucknow,1350,1250,1300,Uttar Pradesh,Deshi
07/03/2022,Tomato,78,Lucknow,FAQ,Lucknow,1350,1250,1300,Uttar Pradesh,Deshi
06/03/2022,Tomato,78,Lucknow,FAQ,Lucknow,1300,1200,1250,Uttar Pradesh,Deshi
05/03/2022,Tomato,78,Lucknow,FAQ,Lucknow,1340,1240,1290,Uttar Pradesh,Deshi
04/03/2022,Tomato,78,Lucknow,FAQ,Lucknow,1320,1220,1270,Uttar Pradesh,Deshi
03/03/2022,Tomato,78,Lucknow,FAQ,Lucknow,1330,1230,1270,Uttar Pradesh,Deshi
02/03/2022,Tomato,78,Lucknow,FAQ,Lucknow,1310,1210,1260,Uttar Pradesh,Deshi
01/03/2022,Tomato,78,Lucknow,FAQ,Lucknow,1300,1200,1250,Uttar Pradesh,Deshi
27/02/2022,Tomato,78,Lucknow,FAQ,Lucknow,1290,1200,1240,Uttar Pradesh,Deshi
26/02/2022,Tomato,78,Lucknow,FAQ,Lucknow,1310,1200,1250,Uttar Pradesh,Deshi
25/02/2022,Tomato,78,Lucknow,FAQ,Lucknow,1260,1160,1210,Uttar Pradesh,Deshi
24/02/2022,Tomato,78,Lucknow,FAQ,Lucknow,1250,1150,1200,Uttar Pradesh,Deshi
22/02/2022,Tomato,78,Lucknow,FAQ,Lucknow,1250,1150,1200,Uttar Pradesh,Deshi
21/02/2022,Tomato,78,Lucknow,FAQ,Lucknow,1090,990,1030,Uttar Pradesh,Deshi
20/02/2022,Tomato,78,Lucknow,FAQ,Lucknow,1070,980,1020,Uttar Pradesh,Deshi
19/02/2022,Tomato,78,Lucknow,FAQ,Lucknow,1310,1210,1260,Uttar Pradesh,Deshi
18/02/2022,Tomato,78,Lucknow,FAQ,Lucknow,1080,970,1020,Uttar Pradesh,Deshi
17/02/2022,Tomato,78,Lucknow,FAQ,Lucknow,1030,940,980,Uttar Pradesh,Deshi
16/02/2022,Tomato,78,Lucknow,FAQ,Lucknow,1040,930,980,Uttar Pradesh,Deshi
15/02/2022,Tomato,78,Lucknow,FAQ,Lucknow,1050,950,1000,Uttar Pradesh,Deshi
14/02/2022,Tomato,78,Lucknow,FAQ,Lucknow,1050,950,1000,Uttar Pradesh,Deshi
13/02/2022,Tomato,78,Lucknow,FAQ,Lucknow,1050,950,1000,Uttar Pradesh,Deshi
12/02/2022,Tomato,78,Lucknow,FAQ,Lucknow,1050,950,1000,Uttar Pradesh,Deshi
11/02/2022,Tomato,78,Lucknow,FAQ,Lucknow,1050,950,1000,Uttar Pradesh,Deshi
10/02/2022,Tomato,78,Lucknow,FAQ,Lucknow,1100,900,1000,Uttar Pradesh,Deshi
09/02/2022,Tomato,78,Lucknow,FAQ,Lucknow,1050,950,1000,Uttar Pradesh,Deshi
08/02/2022,Tomato,78,Lucknow,FAQ,Lucknow,1050,950,1000,Uttar Pradesh,Deshi
07/02/2022,Tomato,78,Lucknow,FAQ,Lucknow,1050,950,1000,Uttar Pradesh,Deshi
06/02/2022,Tomato,78,Lucknow,FAQ,Lucknow,1050,950,1000,Uttar Pradesh,Deshi
05/02/2022,Tomato,78,Lucknow,FAQ,Lucknow,1110,1010,1060,Uttar Pradesh,Deshi
04/02/2022,Tomato,78,Lucknow,FAQ,Lucknow,1120,1020,1070,Uttar Pradesh,Deshi
03/02/2022,Tomato,78,Lucknow,FAQ,Lucknow,1110,1010,1060,Uttar Pradesh,Deshi
02/02/2022,Tomato,78,Lucknow,FAQ,Lucknow,1150,1050,1100,Uttar Pradesh,Deshi
01/02/2022,Tomato,78,Lucknow,FAQ,Lucknow,1140,1000,1090,Uttar Pradesh,Deshi
30/01/2022,Tomato,78,Lucknow,FAQ,Lucknow,1150,1050,1100,Uttar Pradesh,Deshi
29/01/2022,Tomato,78,Lucknow,FAQ,Lucknow,1150,1000,1100,Uttar Pradesh,Deshi
28/01/2022,Tomato,78,Lucknow,FAQ,Lucknow,1150,1050,1100,Uttar Pradesh,Deshi
27/01/2022,Tomato,78,Lucknow,FAQ,Lucknow,1150,1050,1100,Uttar Pradesh,Deshi
25/01/2022,Tomato,78,Lucknow,FAQ,Lucknow,1180,1060,1120,Uttar Pradesh,Deshi
24/01/2022,Tomato,78,Lucknow,FAQ,Lucknow,1250,1100,1200,Uttar Pradesh,Deshi
23/01/2022,Tomato,78,Lucknow,FAQ,Lucknow,1350,1250,1300,Uttar Pradesh,Deshi
22/01/2022,Tomato,78,Lucknow,FAQ,Lucknow,1460,1350,1410,Uttar Pradesh,Deshi
21/01/2022,Tomato,78,Lucknow,FAQ,Lucknow,1450,1350,1400,Uttar Pradesh,Deshi
20/01/2022,Tomato,78,Lucknow,FAQ,Lucknow,1460,1350,1410,Uttar Pradesh,Deshi
19/01/2022,Tomato,78,Lucknow,FAQ,Lucknow,1450,1350,1400,Uttar Pradesh,Deshi
18/01/2022,Tomato,78,Lucknow,FAQ,Lucknow,1460,1360,1410,Uttar Pradesh,Deshi
17/01/2022,Tomato,78,Lucknow,FAQ,Lucknow,1450,1350,1400,Uttar Pradesh,Deshi
16/01/2022,Tomato,78,Lucknow,FAQ,Lucknow,1530,1430,1480,Uttar Pradesh,Deshi
15/01/2022,Tomato,78,Lucknow,FAQ,Lucknow,1550,1450,1500,Uttar Pradesh,Deshi
14/01/2022,Tomato,78,Lucknow,FAQ,Lucknow,1650,1550,1600,Uttar Pradesh,Deshi
13/01/2022,Tomato,78,Lucknow,FAQ,Lucknow,1740,1630,1700,Uttar Pradesh,Deshi
12/01/2022,Tomato,78,Lucknow,FAQ,Lucknow,1940,1840,1880,Uttar Pradesh,Deshi
11/01/2022,Tomato,78,Lucknow,FAQ,Lucknow,1940,1840,1890,Uttar Pradesh,Deshi
10/01/2022,Tomato,78,Lucknow,FAQ,Lucknow,2040,1940,1990,Uttar Pradesh,Deshi
09/01/2022,Tomato,78,Lucknow,FAQ,Lucknow,2100,1950,2000,Uttar Pradesh,Deshi
08/01/2022,Tomato,78,Lucknow,FAQ,Lucknow,2110,2000,2040,Uttar Pradesh,Deshi
07/01/2022,Tomato,78,Lucknow,FAQ,Lucknow,2100,2000,2050,Uttar Pradesh,Deshi
06/01/2022,Tomato,78,Lucknow,FAQ,Lucknow,2160,2020,2080,Uttar Pradesh,Deshi
05/01/2022,Tomato,78,Lucknow,FAQ,Lucknow,2260,2160,2200,Uttar Pradesh,Deshi
04/01/2022,Tomato,78,Lucknow,FAQ,Lucknow,2170,2070,2120,Uttar Pradesh,Deshi
03/01/2022,Tomato,78,Lucknow,FAQ,Lucknow,2170,2060,2110,Uttar Pradesh,Deshi
02/01/2022,Tomato,78,Lucknow,FAQ,Lucknow,2200,2000,2100,Uttar Pradesh,Deshi
01/01/2022,Tomato,78,Lucknow,FAQ,Lucknow,2100,2000,2050,Uttar Pradesh,Deshi
30/12/2021,Tomato,78,Lucknow,FAQ,Lucknow,2180,2080,2130,Uttar Pradesh,Deshi
29/12/2021,Tomato,78,Lucknow,FAQ,Lucknow,2200,2100,2140,Uttar Pradesh,Deshi
28/12/2021,Tomato,78,Lucknow,FAQ,Lucknow,2100,2000,2050,Uttar Pradesh,Deshi
27/12/2021,Tomato,78,Lucknow,FAQ,Lucknow,2190,2070,2130,Uttar Pradesh,Deshi
26/12/2021,Tomato,78,Lucknow,FAQ,Lucknow,2180,2060,2120,Uttar Pradesh,Deshi
25/12/2021,Tomato,78,Lucknow,FAQ,Lucknow,2170,2070,2130,Uttar Pradesh,Deshi
24/12/2021,Tomato,78,Lucknow,FAQ,Lucknow,2180,2080,2130,Uttar Pradesh,Deshi
23/12/2021,Tomato,78,Lucknow,FAQ,Lucknow,2190,2080,2130,Uttar Pradesh,Deshi
22/12/2021,Tomato,78,Lucknow,FAQ,Lucknow,2180,2100,2140,Uttar Pradesh,Deshi
21/12/2021,Tomato,78,Lucknow,FAQ,Lucknow,2200,2100,2150,Uttar Pradesh,Deshi
20/12/2021,Tomato,78,Lucknow,FAQ,Lucknow,2400,2200,2300,Uttar Pradesh,Deshi
19/12/2021,Tomato,78,Lucknow,FAQ,Lucknow,2400,2200,2300,Uttar Pradesh,Deshi
18/12/2021,Tomato,78,Lucknow,FAQ,Lucknow,2400,2200,2300,Uttar Pradesh,Deshi
17/12/2021,Tomato,78,Lucknow,FAQ,Lucknow,2450,2350,2400,Uttar Pradesh,Deshi
16/12/2021,Tomato,78,Lucknow,FAQ,Lucknow,2450,2350,2400,Uttar Pradesh,Deshi
15/12/2021,Tomato,78,Lucknow,FAQ,Lucknow,2480,2400,2440,Uttar Pradesh,Deshi
14/12/2021,Tomato,78,Lucknow,FAQ,Lucknow,2500,2400,2450,Uttar Pradesh,Deshi
13/12/2021,Tomato,78,Lucknow,FAQ,Lucknow,2550,2450,2500,Uttar Pradesh,Deshi
12/12/2021,Tomato,78,Lucknow,FAQ,Lucknow,2650,2550,2600,Uttar Pradesh,Deshi
11/12/2021,Tomato,78,Lucknow,FAQ,Lucknow,2780,2650,2700,Uttar Pradesh,Deshi
10/12/2021,Tomato,78,Lucknow,FAQ,Lucknow,3000,2700,2800,Uttar Pradesh,Deshi
09/12/2021,Tomato,78,Lucknow,FAQ,Lucknow,3050,2950,3000,Uttar Pradesh,Deshi
08/12/2021,Tomato,78,Lucknow,FAQ,Lucknow,3100,2900,3000,Uttar Pradesh,Deshi
07/12/2021,Tomato,78,Lucknow,FAQ,Lucknow,3100,2900,3000,Uttar Pradesh,Deshi
06/12/2021,Tomato,78,Lucknow,FAQ,Lucknow,3300,3100,3200,Uttar Pradesh,Deshi
05/12/2021,Tomato,78,Lucknow,FAQ,Lucknow,3400,3300,3350,Uttar Pradesh,Deshi
04/12/2021,Tomato,78,Lucknow,FAQ,Lucknow,3700,3600,3650,Uttar Pradesh,Deshi
03/12/2021,Tomato,78,Lucknow,FAQ,Lucknow,3800,3600,3700,Uttar Pradesh,Deshi
02/12/2021,Tomato,78,Lucknow,FAQ,Lucknow,3800,3600,3700,Uttar Pradesh,Deshi
01/12/2021,Tomato,78,Lucknow,FAQ,Lucknow,3900,3700,3800,Uttar Pradesh,Deshi
29/11/2021,Tomato,78,Lucknow,FAQ,Lucknow,4100,3900,4000,Uttar Pradesh,Deshi
28/11/2021,Tomato,78,Lucknow,FAQ,Lucknow,4050,3950,4000,Uttar Pradesh,Deshi
27/11/2021,Tomato,78,Lucknow,FAQ,Lucknow,4050,3950,4000,Uttar Pradesh,Deshi
26/11/2021,Tomato,78,Lucknow,FAQ,Lucknow,4100,3900,4000,Uttar Pradesh,Deshi
25/11/2021,Tomato,78,Lucknow,FAQ,Lucknow,4050,3900,3950,Uttar Pradesh,Deshi
24/11/2021,Tomato,78,Lucknow,FAQ,Lucknow,4050,3900,3950,Uttar Pradesh,Deshi
23/11/2021,Tomato,78,Lucknow,FAQ,Lucknow,3950,3800,3850,Uttar Pradesh,Deshi
22/11/2021,Tomato,78,Lucknow,FAQ,Lucknow,3850,3650,3750,Uttar Pradesh,Deshi
21/11/2021,Tomato,78,Lucknow,FAQ,Lucknow,3900,3700,3800,Uttar Pradesh,Deshi
18/11/2021,Tomato,78,Lucknow,FAQ,Lucknow,3810,3710,3750,Uttar Pradesh,Deshi
17/11/2021,Tomato,78,Lucknow,FAQ,Lucknow,3800,3700,3750,Uttar Pradesh,Deshi
16/11/2021,Tomato,78,Lucknow,FAQ,Lucknow,3850,3640,3750,Uttar Pradesh,Deshi
15/11/2021,Tomato,78,Lucknow,FAQ,Lucknow,3850,3650,3750,Uttar Pradesh,Deshi
14/11/2021,Tomato,78,Lucknow,FAQ,Lucknow,3800,3600,3700,Uttar Pradesh,Deshi
13/11/2021,Tomato,78,Lucknow,FAQ,Lucknow,3700,3550,3650,Uttar Pradesh,Deshi
12/11/2021,Tomato,78,Lucknow,FAQ,Lucknow,3680,3500,3600,Uttar Pradesh,Deshi
11/11/2021,Tomato,78,Lucknow,FAQ,Lucknow,3650,3500,3600,Uttar Pradesh,Deshi
10/11/2021,Tomato,78,Lucknow,FAQ,Lucknow,3600,3440,3560,Uttar Pradesh,Deshi
09/11/2021,Tomato,78,Lucknow,FAQ,Lucknow,3550,3450,3500,Uttar Pradesh,Deshi
08/11/2021,Tomato,78,Lucknow,FAQ,Lucknow,3540,3440,3490,Uttar Pradesh,Deshi
07/11/2021,Tomato,78,Lucknow,FAQ,Lucknow,3500,3400,3450,Uttar Pradesh,Deshi
06/11/2021,Tomato,78,Lucknow,FAQ,Lucknow,3530,3420,3490,Uttar Pradesh,Deshi
03/11/2021,Tomato,78,Lucknow,FAQ,Lucknow,3550,3300,3480,Uttar Pradesh,Deshi
02/11/2021,Tomato,78,Lucknow,FAQ,Lucknow,3500,3300,3450,Uttar Pradesh,Deshi
01/11/2021,Tomato,78,Lucknow,FAQ,Lucknow,3460,3300,3400,Uttar Pradesh,Deshi
30/10/2021,Tomato,78,Lucknow,FAQ,Lucknow,3550,3350,3450,Uttar Pradesh,Deshi
29/10/2021,Tomato,78,Lucknow,FAQ,Lucknow,3450,3250,3350,Uttar Pradesh,Deshi
28/10/2021,Tomato,78,Lucknow,FAQ,Lucknow,3350,3200,3300,Uttar Pradesh,Deshi
27/10/2021,Tomato,78,Lucknow,FAQ,Lucknow,3400,3100,3250,Uttar Pradesh,Deshi
26/10/2021,Tomato,78,Lucknow,FAQ,Lucknow,3050,2900,2990,Uttar Pradesh,Deshi
25/10/2021,Tomato,78,Lucknow,FAQ,Lucknow,3100,2900,3000,Uttar Pradesh,Deshi
24/10/2021,Tomato,78,Lucknow,FAQ,Lucknow,3100,2900,3000,Uttar Pradesh,Deshi
23/10/2021,Tomato,78,Lucknow,FAQ,Lucknow,3000,2910,2970,Uttar Pradesh,Deshi
22/10/2021,Tomato,78,Lucknow,FAQ,Lucknow,3050,2920,2980,Uttar Pradesh,Deshi
21/10/2021,Tomato,78,Lucknow,FAQ,Lucknow,3000,2900,2950,Uttar Pradesh,Deshi
20/10/2021,Tomato,78,Lucknow,FAQ,Lucknow,3100,2900,3000,Uttar Pradesh,Deshi
19/10/2021,Tomato,78,Lucknow,FAQ,Lucknow,3100,3000,3050,Uttar Pradesh,Deshi
18/10/2021,Tomato,78,Lucknow,FAQ,Lucknow,3270,2970,3190,Uttar Pradesh,Deshi
17/10/2021,Tomato,78,Lucknow,FAQ,Lucknow,3250,2950,3170,Uttar Pradesh,Deshi
16/10/2021,Tomato,78,Lucknow,FAQ,Lucknow,3260,2960,3180,Uttar Pradesh,Deshi
15/10/2021,Tomato,78,Lucknow,FAQ,Lucknow,3200,3000,3100,Uttar Pradesh,Deshi
14/10/2021,Tomato,78,Lucknow,FAQ,Lucknow,3250,2950,3150,Uttar Pradesh,Deshi
13/10/2021,Tomato,78,Lucknow,FAQ,Lucknow,3000,2900,2940,Uttar Pradesh,Deshi
12/10/2021,Tomato,78,Lucknow,FAQ,Lucknow,3100,2900,2950,Uttar Pradesh,Deshi
11/10/2021,Tomato,78,Lucknow,FAQ,Lucknow,3200,2900,3000,Uttar Pradesh,Deshi
10/10/2021,Tomato,78,Lucknow,FAQ,Lucknow,3000,2750,2800,Uttar Pradesh,Deshi
09/10/2021,Tomato,78,Lucknow,FAQ,Lucknow,2800,2500,2600,Uttar Pradesh,Deshi
08/10/2021,Tomato,78,Lucknow,FAQ,Lucknow,2450,2350,2400,Uttar Pradesh,Deshi
07/10/2021,Tomato,78,Lucknow,FAQ,Lucknow,2400,2300,2350,Uttar Pradesh,Deshi
06/10/2021,Tomato,78,Lucknow,FAQ,Lucknow,2400,2200,2350,Uttar Pradesh,Deshi
05/10/2021,Tomato,78,Lucknow,FAQ,Lucknow,2300,2000,2200,Uttar Pradesh,Deshi
04/10/2021,Tomato,78,Lucknow,FAQ,Lucknow,2200,2000,2100,Uttar Pradesh,Deshi
03/10/2021,Tomato,78,Lucknow,FAQ,Lucknow,2040,1940,1980,Uttar Pradesh,Deshi
01/10/2021,Tomato,78,Lucknow,FAQ,Lucknow,1970,1880,1920,Uttar Pradesh,Deshi
29/09/2021,Tomato,78,Lucknow,FAQ,Lucknow,1950,1800,1900,Uttar Pradesh,Deshi
28/09/2021,Tomato,78,Lucknow,FAQ,Lucknow,1860,1750,1810,Uttar Pradesh,Deshi
27/09/2021,Tomato,78,Lucknow,FAQ,Lucknow,1870,1740,1810,Uttar Pradesh,Deshi
26/09/2021,Tomato,78,Lucknow,FAQ,Lucknow,1860,1750,1810,Uttar Pradesh,Deshi
25/09/2021,Tomato,78,Lucknow,FAQ,Lucknow,1900,1700,1800,Uttar Pradesh,Deshi
24/09/2021,Tomato,78,Lucknow,FAQ,Lucknow,1900,1700,1800,Uttar Pradesh,Deshi
23/09/2021,Tomato,78,Lucknow,FAQ,Lucknow,1900,1700,1800,Uttar Pradesh,Deshi
22/09/2021,Tomato,78,Lucknow,FAQ,Lucknow,1850,1750,1800,Uttar Pradesh,Deshi
21/09/2021,Tomato,78,Lucknow,FAQ,Lucknow,1900,1700,1800,Uttar Pradesh,Deshi
20/09/2021,Tomato,78,Lucknow,FAQ,Lucknow,1800,1700,1750,Uttar Pradesh,Deshi
19/09/2021,Tomato,78,Lucknow,FAQ,Lucknow,1800,1720,1760,Uttar Pradesh,Deshi
18/09/2021,Tomato,78,Lucknow,FAQ,Lucknow,1800,1700,1750,Uttar Pradesh,Deshi
17/09/2021,Tomato,78,Lucknow,FAQ,Lucknow,1800,1700,1740,Uttar Pradesh,Deshi
16/09/2021,Tomato,78,Lucknow,FAQ,Lucknow,1800,1600,1700,Uttar Pradesh,Deshi
15/09/2021,Tomato,78,Lucknow,FAQ,Lucknow,2000,1800,1900,Uttar Pradesh,Deshi
14/09/2021,Tomato,78,Lucknow,FAQ,Lucknow,1950,1800,1900,Uttar Pradesh,Deshi
13/09/2021,Tomato,78,Lucknow,FAQ,Lucknow,2000,1800,1900,Uttar Pradesh,Deshi
12/09/2021,Tomato,78,Lucknow,FAQ,Lucknow,1900,1800,1850,Uttar Pradesh,Deshi
11/09/2021,Tomato,78,Lucknow,FAQ,Lucknow,1900,1780,1830,Uttar Pradesh,Deshi
10/09/2021,Tomato,78,Lucknow,FAQ,Lucknow,1900,1800,1840,Uttar Pradesh,Deshi
09/09/2021,Tomato,78,Lucknow,FAQ,Lucknow,1900,1700,1800,Uttar Pradesh,Deshi
08/09/2021,Tomato,78,Lucknow,FAQ,Lucknow,1900,1700,1800,Uttar Pradesh,Deshi
07/09/2021,Tomato,78,Lucknow,FAQ,Lucknow,1800,1700,1750,Uttar Pradesh,Deshi
06/09/2021,Tomato,78,Lucknow,FAQ,Lucknow,1900,1700,1800,Uttar Pradesh,Deshi
05/09/2021,Tomato,78,Lucknow,FAQ,Lucknow,1900,1800,1840,Uttar Pradesh,Deshi
04/09/2021,Tomato,78,Lucknow,FAQ,Lucknow,1900,1800,1850,Uttar Pradesh,Deshi
03/09/2021,Tomato,78,Lucknow,FAQ,Lucknow,1920,1810,1870,Uttar Pradesh,Deshi
02/09/2021,Tomato,78,Lucknow,FAQ,Lucknow,1960,1850,1900,Uttar Pradesh,Deshi
01/09/2021,Tomato,78,Lucknow,FAQ,Lucknow,2000,1900,1950,Uttar Pradesh,Deshi
30/08/2021,Tomato,78,Lucknow,FAQ,Lucknow,2200,1900,2000,Uttar Pradesh,Deshi
29/08/2021,Tomato,78,Lucknow,FAQ,Lucknow,2300,2100,2200,Uttar Pradesh,Deshi
27/08/2021,Tomato,78,Lucknow,FAQ,Lucknow,2200,2000,2100,Uttar Pradesh,Deshi
26/08/2021,Tomato,78,Lucknow,FAQ,Lucknow,2300,2100,2200,Uttar Pradesh,Deshi
25/08/2021,Tomato,78,Lucknow,FAQ,Lucknow,2310,2200,2250,Uttar Pradesh,Deshi
24/08/2021,Tomato,78,Lucknow,FAQ,Lucknow,2300,2100,2200,Uttar Pradesh,Deshi
23/08/2021,Tomato,78,Lucknow,FAQ,Lucknow,3200,3000,3100,Uttar Pradesh,Deshi
21/08/2021,Tomato,78,Lucknow,FAQ,Lucknow,2300,2200,2250,Uttar Pradesh,Deshi
20/08/2021,Tomato,78,Lucknow,FAQ,Lucknow,2350,2250,2300,Uttar Pradesh,Deshi
19/08/2021,Tomato,78,Lucknow,FAQ,Lucknow,2500,2300,2400,Uttar Pradesh,Deshi
18/08/2021,Tomato,78,Lucknow,FAQ,Lucknow,2500,2400,2450,Uttar Pradesh,Deshi
17/08/2021,Tomato,78,Lucknow,FAQ,Lucknow,2500,2300,2400,Uttar Pradesh,Deshi
16/08/2021,Tomato,78,Lucknow,FAQ,Lucknow,2500,2400,2450,Uttar Pradesh,Deshi
14/08/2021,Tomato,78,Lucknow,FAQ,Lucknow,2500,2300,2400,Uttar Pradesh,Deshi
13/08/2021,Tomato,78,Lucknow,FAQ,Lucknow,2400,2200,2300,Uttar Pradesh,Deshi
12/08/2021,Tomato,78,Lucknow,FAQ,Lucknow,2300,2100,2200,Uttar Pradesh,Deshi
11/08/2021,Tomato,78,Lucknow,FAQ,Lucknow,2400,2200,2300,Uttar Pradesh,Deshi
10/08/2021,Tomato,78,Lucknow,FAQ,Lucknow,2500,2300,2400,Uttar Pradesh,Deshi
09/08/2021,Tomato,78,Lucknow,FAQ,Lucknow,2500,2300,2400,Uttar Pradesh,Deshi
08/08/2021,Tomato,78,Lucknow,FAQ,Lucknow,2520,2400,2440,Uttar Pradesh,Deshi
07/08/2021,Tomato,78,Lucknow,FAQ,Lucknow,2500,2400,2450,Uttar Pradesh,Deshi
06/08/2021,Tomato,78,Lucknow,FAQ,Lucknow,2510,2400,2440,Uttar Pradesh,Deshi
05/08/2021,Tomato,78,Lucknow,FAQ,Lucknow,2500,2400,2450,Uttar Pradesh,Deshi
04/08/2021,Tomato,78,Lucknow,FAQ,Lucknow,2500,2380,2430,Uttar Pradesh,Deshi
03/08/2021,Tomato,78,Lucknow,FAQ,Lucknow,2500,2380,2430,Uttar Pradesh,Deshi
02/08/2021,Tomato,78,Lucknow,FAQ,Lucknow,2500,2380,2430,Uttar Pradesh,Deshi
01/08/2021,Tomato,78,Lucknow,FAQ,Lucknow,2500,2380,2430,Uttar Pradesh,Deshi
30/07/2021,Tomato,78,Lucknow,FAQ,Lucknow,2500,2380,2430,Uttar Pradesh,Deshi
29/07/2021,Tomato,78,Lucknow,FAQ,Lucknow,2500,2380,2430,Uttar Pradesh,Deshi
28/07/2021,Tomato,78,Lucknow,FAQ,Lucknow,2500,2380,2430,Uttar Pradesh,Deshi
27/07/2021,Tomato,78,Lucknow,FAQ,Lucknow,2500,2370,2420,Uttar Pradesh,Deshi
26/07/2021,Tomato,78,Lucknow,FAQ,Lucknow,2500,2370,2420,Uttar Pradesh,Deshi
25/07/2021,Tomato,78,Lucknow,FAQ,Lucknow,2500,2300,2400,Uttar Pradesh,Deshi
24/07/2021,Tomato,78,Lucknow,FAQ,Lucknow,2450,2250,2350,Uttar Pradesh,Deshi
23/07/2021,Tomato,78,Lucknow,FAQ,Lucknow,2400,2200,2300,Uttar Pradesh,Deshi
22/07/2021,Tomato,78,Lucknow,FAQ,Lucknow,2500,2200,2300,Uttar Pradesh,Deshi
21/07/2021,Tomato,78,Lucknow,FAQ,Lucknow,2400,2200,2300,Uttar Pradesh,Deshi
20/07/2021,Tomato,78,Lucknow,FAQ,Lucknow,2300,2100,2200,Uttar Pradesh,Deshi
19/07/2021,Tomato,78,Lucknow,FAQ,Lucknow,2350,2100,2275,Uttar Pradesh,Deshi
18/07/2021,Tomato,78,Lucknow,FAQ,Lucknow,2350,2100,2250,Uttar Pradesh,Deshi
17/07/2021,Tomato,78,Lucknow,FAQ,Lucknow,2400,2100,2200,Uttar Pradesh,Deshi
16/07/2021,Tomato,78,Lucknow,FAQ,Lucknow,2250,2000,2150,Uttar Pradesh,Deshi
15/07/2021,Tomato,78,Lucknow,FAQ,Lucknow,2400,2100,2250,Uttar Pradesh,Deshi
13/07/2021,Tomato,78,Lucknow,FAQ,Lucknow,2500,2300,2400,Uttar Pradesh,Deshi
12/07/2021,Tomato,78,Lucknow,FAQ,Lucknow,2500,2000,2260,Uttar Pradesh,Deshi
11/07/2021,Tomato,78,Lucknow,FAQ,Lucknow,2100,1800,2000,Uttar Pradesh,Deshi
10/07/2021,Tomato,78,Lucknow,FAQ,Lucknow,2100,1800,2000,Uttar Pradesh,Deshi
09/07/2021,Tomato,78,Lucknow,FAQ,Lucknow,2200,2000,2100,Uttar Pradesh,Deshi
08/07/2021,Tomato,78,Lucknow,FAQ,Lucknow,2200,1800,2000,Uttar Pradesh,Deshi
07/07/2021,Tomato,78,Lucknow,FAQ,Lucknow,2050,1800,1925,Uttar Pradesh,Deshi
06/07/2021,Tomato,78,Lucknow,FAQ,Lucknow,2000,1800,1900,Uttar Pradesh,Deshi
05/07/2021,Tomato,78,Lucknow,FAQ,Lucknow,1900,1600,1800,Uttar Pradesh,Deshi
04/07/2021,Tomato,78,Lucknow,FAQ,Lucknow,2000,1600,1800,Uttar Pradesh,Deshi
03/07/2021,Tomato,78,Lucknow,FAQ,Lucknow,2000,1600,1800,Uttar Pradesh,Deshi
02/07/2021,Tomato,78,Lucknow,FAQ,Lucknow,1700,1500,1600,Uttar Pradesh,Deshi
01/07/2021,Tomato,78,Lucknow,FAQ,Lucknow,1650,1310,1430,Uttar Pradesh,Deshi
29/06/2021,Tomato,78,Lucknow,FAQ,Lucknow,1400,1200,1300,Uttar Pradesh,Deshi
28/06/2021,Tomato,78,Lucknow,FAQ,Lucknow,1400,1200,1300,Uttar Pradesh,Deshi
27/06/2021,Tomato,78,Lucknow,FAQ,Lucknow,1400,1200,1300,Uttar Pradesh,Deshi
26/06/2021,Tomato,78,Lucknow,FAQ,Lucknow,1350,1200,1250,Uttar Pradesh,Deshi
25/06/2021,Tomato,78,Lucknow,FAQ,Lucknow,1400,1200,1300,Uttar Pradesh,Deshi
24/06/2021,Tomato,78,Lucknow,FAQ,Lucknow,1350,1100,1250,Uttar Pradesh,Deshi
23/06/2021,Tomato,78,Lucknow,FAQ,Lucknow,1300,1000,1200,Uttar Pradesh,Deshi
22/06/2021,Tomato,78,Lucknow,FAQ,Lucknow,1350,1100,1250,Uttar Pradesh,Deshi
21/06/2021,Tomato,78,Lucknow,FAQ,Lucknow,1320,1100,1200,Uttar Pradesh,Deshi
20/06/2021,Tomato,78,Lucknow,FAQ,Lucknow,1300,1100,1200,Uttar Pradesh,Deshi
19/06/2021,Tomato,78,Lucknow,FAQ,Lucknow,1210,1000,1100,Uttar Pradesh,Deshi
18/06/2021,Tomato,78,Lucknow,FAQ,Lucknow,1200,900,1000,Uttar Pradesh,Deshi
17/06/2021,Tomato,78,Lucknow,FAQ,Lucknow,1040,910,980,Uttar Pradesh,Deshi
16/06/2021,Tomato,78,Lucknow,FAQ,Lucknow,1050,900,975,Uttar Pradesh,Deshi
15/06/2021,Tomato,78,Lucknow,FAQ,Lucknow,1000,900,940,Uttar Pradesh,Deshi
14/06/2021,Tomato,78,Lucknow,FAQ,Lucknow,1000,800,950,Uttar Pradesh,Deshi
13/06/2021,Tomato,78,Lucknow,FAQ,Lucknow,1100,900,1000,Uttar Pradesh,Deshi
12/06/2021,Tomato,78,Lucknow,FAQ,Lucknow,1100,900,1000,Uttar Pradesh,Deshi
11/06/2021,Tomato,78,Lucknow,FAQ,Lucknow,1000,900,950,Uttar Pradesh,Deshi
10/06/2021,Tomato,78,Lucknow,FAQ,Lucknow,1000,800,900,Uttar Pradesh,Deshi
09/06/2021,Tomato,78,Lucknow,FAQ,Lucknow,950,800,850,Uttar Pradesh,Deshi
08/06/2021,Tomato,78,Lucknow,FAQ,Lucknow,900,700,800,Uttar Pradesh,Deshi
07/06/2021,Tomato,78,Lucknow,FAQ,Lucknow,1200,900,1000,Uttar Pradesh,Deshi
06/06/2021,Tomato,78,Lucknow,FAQ,Lucknow,1200,900,1000,Uttar Pradesh,Deshi
05/06/2021,Tomato,78,Lucknow,FAQ,Lucknow,1200,900,1000,Uttar Pradesh,Deshi
04/06/2021,Tomato,78,Lucknow,FAQ,Lucknow,1200,900,1000,Uttar Pradesh,Deshi
03/06/2021,Tomato,78,Lucknow,FAQ,Lucknow,1100,900,1000,Uttar Pradesh,Deshi
02/06/2021,Tomato,78,Lucknow,FAQ,Lucknow,1100,900,1000,Uttar Pradesh,Deshi
01/06/2021,Tomato,78,Lucknow,FAQ,Lucknow,1200,900,1000,Uttar Pradesh,Deshi
30/05/2021,Tomato,78,Lucknow,FAQ,Lucknow,1000,800,900,Uttar Pradesh,Deshi
29/05/2021,Tomato,78,Lucknow,FAQ,Lucknow,900,800,850,Uttar Pradesh,Deshi
28/05/2021,Tomato,78,Lucknow,FAQ,Lucknow,950,750,850,Uttar Pradesh,Deshi
27/05/2021,Tomato,78,Lucknow,FAQ,Lucknow,900,700,800,Uttar Pradesh,Deshi
26/05/2021,Tomato,78,Lucknow,FAQ,Lucknow,900,800,840,Uttar Pradesh,Deshi
25/05/2021,Tomato,78,Lucknow,FAQ,Lucknow,830,710,770,Uttar Pradesh,Deshi
24/05/2021,Tomato,78,Lucknow,FAQ,Lucknow,850,650,775,Uttar Pradesh,Deshi
23/05/2021,Tomato,78,Lucknow,FAQ,Lucknow,900,700,800,Uttar Pradesh,Deshi
22/05/2021,Tomato,78,Lucknow,FAQ,Lucknow,800,700,750,Uttar Pradesh,Deshi
21/05/2021,Tomato,78,Lucknow,FAQ,Lucknow,800,600,700,Uttar Pradesh,Deshi
20/05/2021,Tomato,78,Lucknow,FAQ,Lucknow,800,700,750,Uttar Pradesh,Deshi
19/05/2021,Tomato,78,Lucknow,FAQ,Lucknow,850,700,750,Uttar Pradesh,Deshi
18/05/2021,Tomato,78,Lucknow,FAQ,Lucknow,910,800,840,Uttar Pradesh,Deshi
17/05/2021,Tomato,78,Lucknow,FAQ,Lucknow,900,700,800,Uttar Pradesh,Deshi
15/05/2021,Tomato,78,Lucknow,FAQ,Lucknow,870,720,790,Uttar Pradesh,Deshi
13/05/2021,Tomato,78,Lucknow,FAQ,Lucknow,850,700,760,Uttar Pradesh,Deshi
12/05/2021,Tomato,78,Lucknow,FAQ,Lucknow,850,700,750,Uttar Pradesh,Deshi
11/05/2021,Tomato,78,Lucknow,FAQ,Lucknow,900,740,800,Uttar Pradesh,Deshi
10/05/2021,Tomato,78,Lucknow,FAQ,Lucknow,1150,950,1050,Uttar Pradesh,Deshi
08/05/2021,Tomato,78,Lucknow,FAQ,Lucknow,1200,900,1000,Uttar Pradesh,Deshi
07/05/2021,Tomato,78,Lucknow,FAQ,Lucknow,1200,1000,1100,Uttar Pradesh,Deshi
06/05/2021,Tomato,78,Lucknow,FAQ,Lucknow,1100,900,1000,Uttar Pradesh,Deshi
05/05/2021,Tomato,78,Lucknow,FAQ,Lucknow,1200,900,1000,Uttar Pradesh,Deshi
04/05/2021,Tomato,78,Lucknow,FAQ,Lucknow,1100,900,1000,Uttar Pradesh,Deshi
30/04/2021,Tomato,78,Lucknow,FAQ,Lucknow,1200,900,1000,Uttar Pradesh,Deshi
29/04/2021,Tomato,78,Lucknow,FAQ,Lucknow,1100,900,1000,Uttar Pradesh,Deshi
28/04/2021,Tomato,78,Lucknow,FAQ,Lucknow,1200,900,1000,Uttar Pradesh,Deshi
27/04/2021,Tomato,78,Lucknow,FAQ,Lucknow,1100,900,1000,Uttar Pradesh,Deshi
26/04/2021,Tomato,78,Lucknow,FAQ,Lucknow,1200,900,1000,Uttar Pradesh,Deshi
23/04/2021,Tomato,78,Lucknow,FAQ,Lucknow,1000,800,900,Uttar Pradesh,Deshi
22/04/2021,Tomato,78,Lucknow,FAQ,Lucknow,1200,900,1000,Uttar Pradesh,Deshi
21/04/2021,Tomato,78,Lucknow,FAQ,Lucknow,1200,900,1000,Uttar Pradesh,Deshi
20/04/2021,Tomato,78,Lucknow,FAQ,Lucknow,1200,900,1000,Uttar Pradesh,Deshi
17/04/2021,Tomato,78,Lucknow,FAQ,Lucknow,1200,1000,1040,Uttar Pradesh,Deshi
16/04/2021,Tomato,78,Lucknow,FAQ,Lucknow,1200,900,1000,Uttar Pradesh,Deshi
15/04/2021,Tomato,78,Lucknow,FAQ,Lucknow,1010,890,940,Uttar Pradesh,Deshi
14/04/2021,Tomato,78,Lucknow,FAQ,Lucknow,1050,900,970,Uttar Pradesh,Deshi
13/04/2021,Tomato,78,Lucknow,FAQ,Lucknow,1100,850,950,Uttar Pradesh,Deshi
12/04/2021,Tomato,78,Lucknow,FAQ,Lucknow,1000,800,900,Uttar Pradesh,Deshi
11/04/2021,Tomato,78,Lucknow,FAQ,Lucknow,1000,800,900,Uttar Pradesh,Deshi
10/04/2021,Tomato,78,Lucknow,FAQ,Lucknow,1000,800,900,Uttar Pradesh,Deshi
09/04/2021,Tomato,78,Lucknow,FAQ,Lucknow,1000,750,850,Uttar Pradesh,Deshi
08/04/2021,Tomato,78,Lucknow,FAQ,Lucknow,900,700,800,Uttar Pradesh,Deshi
07/04/2021,Tomato,78,Lucknow,FAQ,Lucknow,900,700,800,Uttar Pradesh,Deshi
06/04/2021,Tomato,78,Lucknow,FAQ,Lucknow,800,600,700,Uttar Pradesh,Deshi
05/04/2021,Tomato,78,Lucknow,FAQ,Lucknow,800,600,700,Uttar Pradesh,Deshi
04/04/2021,Tomato,78,Lucknow,FAQ,Lucknow,800,600,700,Uttar Pradesh,Deshi
03/04/2021,Tomato,78,Lucknow,FAQ,Lucknow,800,600,700,Uttar Pradesh,Deshi
02/04/2021,Tomato,78,Lucknow,FAQ,Lucknow,800,600,700,Uttar Pradesh,Deshi
01/04/2021,Tomato,78,Lucknow,FAQ,Lucknow,750,600,650,Uttar Pradesh,Deshi
28/03/2021,Tomato,78,Lucknow,FAQ,Lucknow,700,600,650,Uttar Pradesh,Deshi
27/03/2021,Tomato,78,Lucknow,FAQ,Lucknow,700,600,650,Uttar Pradesh,Deshi
26/03/2021,Tomato,78,Lucknow,FAQ,Lucknow,700,600,650,Uttar Pradesh,Deshi
25/03/2021,Tomato,78,Lucknow,FAQ,Lucknow,750,550,650,Uttar Pradesh,Deshi
24/03/2021,Tomato,78,Lucknow,FAQ,Lucknow,700,560,620,Uttar Pradesh,Deshi
23/03/2021,Tomato,78,Lucknow,FAQ,Lucknow,700,500,600,Uttar Pradesh,Deshi
22/03/2021,Tomato,78,Lucknow,FAQ,Lucknow,600,450,525,Uttar Pradesh,Deshi
21/03/2021,Tomato,78,Lucknow,FAQ,Lucknow,600,400,500,Uttar Pradesh,Deshi
20/03/2021,Tomato,78,Lucknow,FAQ,Lucknow,600,400,500,Uttar Pradesh,Deshi
19/03/2021,Tomato,78,Lucknow,FAQ,Lucknow,600,400,500,Uttar Pradesh,Deshi
18/03/2021,Tomato,78,Lucknow,FAQ,Lucknow,600,500,550,Uttar Pradesh,Deshi
17/03/2021,Tomato,78,Lucknow,FAQ,Lucknow,740,550,630,Uttar Pradesh,Deshi
16/03/2021,Tomato,78,Lucknow,FAQ,Lucknow,700,500,600,Uttar Pradesh,Deshi
15/03/2021,Tomato,78,Lucknow,FAQ,Lucknow,700,500,600,Uttar Pradesh,Deshi
14/03/2021,Tomato,78,Lucknow,FAQ,Lucknow,700,500,600,Uttar Pradesh,Deshi
13/03/2021,Tomato,78,Lucknow,FAQ,Lucknow,700,600,650,Uttar Pradesh,Deshi
12/03/2021,Tomato,78,Lucknow,FAQ,Lucknow,750,600,675,Uttar Pradesh,Deshi
11/03/2021,Tomato,78,Lucknow,FAQ,Lucknow,750,600,650,Uttar Pradesh,Deshi
10/03/2021,Tomato,78,Lucknow,FAQ,Lucknow,800,600,700,Uttar Pradesh,Deshi
09/03/2021,Tomato,78,Lucknow,FAQ,Lucknow,800,600,725,Uttar Pradesh,Deshi
08/03/2021,Tomato,78,Lucknow,FAQ,Lucknow,790,630,710,Uttar Pradesh,Deshi
07/03/2021,Tomato,78,Lucknow,FAQ,Lucknow,800,600,700,Uttar Pradesh,Deshi
06/03/2021,Tomato,78,Lucknow,FAQ,Lucknow,800,600,700,Uttar Pradesh,Deshi
05/03/2021,Tomato,78,Lucknow,FAQ,Lucknow,800,600,700,Uttar Pradesh,Deshi
04/03/2021,Tomato,78,Lucknow,FAQ,Lucknow,850,700,800,Uttar Pradesh,Deshi
03/03/2021,Tomato,78,Lucknow,FAQ,Lucknow,850,700,800,Uttar Pradesh,Deshi
02/03/2021,Tomato,78,Lucknow,FAQ,Lucknow,1000,800,900,Uttar Pradesh,Deshi
01/03/2021,Tomato,78,Lucknow,FAQ,Lucknow,1000,800,900,Uttar Pradesh,Deshi
27/02/2021,Tomato,78,Lucknow,FAQ,Lucknow,1100,900,950,Uttar Pradesh,Deshi
26/02/2021,Tomato,78,Lucknow,FAQ,Lucknow,1000,800,900,Uttar Pradesh,Deshi
25/02/2021,Tomato,78,Lucknow,FAQ,Lucknow,900,700,800,Uttar Pradesh,Deshi
24/02/2021,Tomato,78,Lucknow,FAQ,Lucknow,900,700,800,Uttar Pradesh,Deshi
23/02/2021,Tomato,78,Lucknow,FAQ,Lucknow,950,800,850,Uttar Pradesh,Deshi
22/02/2021,Tomato,78,Lucknow,FAQ,Lucknow,1000,800,900,Uttar Pradesh,Deshi
21/02/2021,Tomato,78,Lucknow,FAQ,Lucknow,900,700,800,Uttar Pradesh,Deshi
20/02/2021,Tomato,78,Lucknow,FAQ,Lucknow,1000,700,800,Uttar Pradesh,Deshi
19/02/2021,Tomato,78,Lucknow,FAQ,Lucknow,1000,800,900,Uttar Pradesh,Deshi
18/02/2021,Tomato,78,Lucknow,FAQ,Lucknow,1000,800,900,Uttar Pradesh,Deshi
17/02/2021,Tomato,78,Lucknow,FAQ,Lucknow,1000,800,900,Uttar Pradesh,Deshi
16/02/2021,Tomato,78,Lucknow,FAQ,Lucknow,1200,950,1000,Uttar Pradesh,Deshi
15/02/2021,Tomato,78,Lucknow,FAQ,Lucknow,1100,900,1000,Uttar Pradesh,Deshi
14/02/2021,Tomato,78,Lucknow,FAQ,Lucknow,1100,900,1000,Uttar Pradesh,Deshi
13/02/2021,Tomato,78,Lucknow,FAQ,Lucknow,1100,900,1000,Uttar Pradesh,Deshi
12/02/2021,Tomato,78,Lucknow,FAQ,Lucknow,900,600,800,Uttar Pradesh,Deshi
11/02/2021,Tomato,78,Lucknow,FAQ,Lucknow,1000,800,900,Uttar Pradesh,Deshi
10/02/2021,Tomato,78,Lucknow,FAQ,Lucknow,1000,800,900,Uttar Pradesh,Deshi
09/02/2021,Tomato,78,Lucknow,FAQ,Lucknow,1100,900,950,Uttar Pradesh,Deshi
08/02/2021,Tomato,78,Lucknow,FAQ,Lucknow,1000,800,900,Uttar Pradesh,Deshi
07/02/2021,Tomato,78,Lucknow,FAQ,Lucknow,1100,900,1000,Uttar Pradesh,Deshi
06/02/2021,Tomato,78,Lucknow,FAQ,Lucknow,1100,850,950,Uttar Pradesh,Deshi
05/02/2021,Tomato,78,Lucknow,FAQ,Lucknow,1200,900,1000,Uttar Pradesh,Deshi
04/02/2021,Tomato,78,Lucknow,FAQ,Lucknow,1200,900,1000,Uttar Pradesh,Deshi
03/02/2021,Tomato,78,Lucknow,FAQ,Lucknow,1250,1000,1100,Uttar Pradesh,Deshi
01/02/2021,Tomato,78,Lucknow,FAQ,Lucknow,1250,1000,1075,Uttar Pradesh,Deshi
30/01/2021,Tomato,78,Lucknow,FAQ,Lucknow,1200,900,1000,Uttar Pradesh,Deshi
29/01/2021,Tomato,78,Lucknow,FAQ,Lucknow,1200,900,1000,Uttar Pradesh,Deshi
28/01/2021,Tomato,78,Lucknow,FAQ,Lucknow,1200,900,1000,Uttar Pradesh,Deshi
27/01/2021,Tomato,78,Lucknow,FAQ,Lucknow,1200,1000,1050,Uttar Pradesh,Deshi
25/01/2021,Tomato,78,Lucknow,FAQ,Lucknow,1200,900,1000,Uttar Pradesh,Deshi
24/01/2021,Tomato,78,Lucknow,FAQ,Lucknow,1200,900,1000,Uttar Pradesh,Deshi
23/01/2021,Tomato,78,Lucknow,FAQ,Lucknow,1200,900,1000,Uttar Pradesh,Deshi
22/01/2021,Tomato,78,Lucknow,FAQ,Lucknow,1100,900,950,Uttar Pradesh,Deshi
21/01/2021,Tomato,78,Lucknow,FAQ,Lucknow,960,810,890,Uttar Pradesh,Deshi
20/01/2021,Tomato,78,Lucknow,FAQ,Lucknow,1000,800,900,Uttar Pradesh,Deshi
19/01/2021,Tomato,78,Lucknow,FAQ,Lucknow,1000,800,900,Uttar Pradesh,Deshi
18/01/2021,Tomato,78,Lucknow,FAQ,Lucknow,1100,800,975,Uttar Pradesh,Deshi
17/01/2021,Tomato,78,Lucknow,FAQ,Lucknow,1200,900,1000,Uttar Pradesh,Deshi
16/01/2021,Tomato,78,Lucknow,FAQ,Lucknow,1100,900,1000,Uttar Pradesh,Deshi
15/01/2021,Tomato,78,Lucknow,FAQ,Lucknow,1200,900,1000,Uttar Pradesh,Deshi
14/01/2021,Tomato,78,Lucknow,FAQ,Lucknow,1100,900,1000,Uttar Pradesh,Deshi
13/01/2021,Tomato,78,Lucknow,FAQ,Lucknow,1300,1000,1200,Uttar Pradesh,Deshi
12/01/2021,Tomato,78,Lucknow,FAQ,Lucknow,1400,1200,1300,Uttar Pradesh,Deshi
11/01/2021,Tomato,78,Lucknow,FAQ,Lucknow,1300,1000,1200,Uttar Pradesh,Deshi
10/01/2021,Tomato,78,Lucknow,FAQ,Lucknow,1400,1200,1300,Uttar Pradesh,Deshi
09/01/2021,Tomato,78,Lucknow,FAQ,Lucknow,1500,1300,1400,Uttar Pradesh,Deshi
08/01/2021,Tomato,78,Lucknow,FAQ,Lucknow,1500,1300,1450,Uttar Pradesh,Deshi
07/01/2021,Tomato,78,Lucknow,FAQ,Lucknow,1500,1300,1400,Uttar Pradesh,Deshi
06/01/2021,Tomato,78,Lucknow,FAQ,Lucknow,1600,1400,1500,Uttar Pradesh,Deshi
05/01/2021,Tomato,78,Lucknow,FAQ,Lucknow,1700,1500,1600,Uttar Pradesh,Deshi
04/01/2021,Tomato,78,Lucknow,FAQ,Lucknow,1800,1500,1600,Uttar Pradesh,Deshi
03/01/2021,Tomato,78,Lucknow,FAQ,Lucknow,1700,1500,1600,Uttar Pradesh,Deshi
02/01/2021,Tomato,78,Lucknow,FAQ,Lucknow,1750,1500,1550,Uttar Pradesh,Deshi
01/01/2021,Tomato,78,Lucknow,FAQ,Lucknow,1600,1400,1500,Uttar Pradesh,Deshi
30/12/2020,Tomato,78,Lucknow,FAQ,Lucknow,1700,1500,1600,Uttar Pradesh,Deshi
29/12/2020,Tomato,78,Lucknow,FAQ,Lucknow,1600,1500,1540,Uttar Pradesh,Deshi
28/12/2020,Tomato,78,Lucknow,FAQ,Lucknow,1600,1400,1500,Uttar Pradesh,Deshi
27/12/2020,Tomato,78,Lucknow,FAQ,Lucknow,1600,1400,1500,Uttar Pradesh,Deshi
26/12/2020,Tomato,78,Lucknow,FAQ,Lucknow,1500,1400,1450,Uttar Pradesh,Deshi
25/12/2020,Tomato,78,Lucknow,FAQ,Lucknow,1540,1420,1480,Uttar Pradesh,Deshi
24/12/2020,Tomato,78,Lucknow,FAQ,Lucknow,1600,1400,1500,Uttar Pradesh,Deshi
23/12/2020,Tomato,78,Lucknow,FAQ,Lucknow,1500,1300,1400,Uttar Pradesh,Deshi
22/12/2020,Tomato,78,Lucknow,FAQ,Lucknow,1500,1300,1400,Uttar Pradesh,Deshi
21/12/2020,Tomato,78,Lucknow,FAQ,Lucknow,1600,1400,1500,Uttar Pradesh,Deshi
20/12/2020,Tomato,78,Lucknow,FAQ,Lucknow,1700,1500,1600,Uttar Pradesh,Deshi
19/12/2020,Tomato,78,Lucknow,FAQ,Lucknow,1700,1500,1650,Uttar Pradesh,Deshi
18/12/2020,Tomato,78,Lucknow,FAQ,Lucknow,2000,1800,1900,Uttar Pradesh,Deshi
17/12/2020,Tomato,78,Lucknow,FAQ,Lucknow,2000,1800,1850,Uttar Pradesh,Deshi
16/12/2020,Tomato,78,Lucknow,FAQ,Lucknow,2000,1600,1800,Uttar Pradesh,Deshi
15/12/2020,Tomato,78,Lucknow,FAQ,Lucknow,2200,1800,2000,Uttar Pradesh,Deshi
14/12/2020,Tomato,78,Lucknow,FAQ,Lucknow,2600,2200,2400,Uttar Pradesh,Deshi
13/12/2020,Tomato,78,Lucknow,FAQ,Lucknow,2500,2300,2400,Uttar Pradesh,Deshi
12/12/2020,Tomato,78,Lucknow,FAQ,Lucknow,2500,2200,2300,Uttar Pradesh,Deshi
11/12/2020,Tomato,78,Lucknow,FAQ,Lucknow,2600,2300,2400,Uttar Pradesh,Deshi
10/12/2020,Tomato,78,Lucknow,FAQ,Lucknow,2300,2100,2250,Uttar Pradesh,Deshi
09/12/2020,Tomato,78,Lucknow,FAQ,Lucknow,2250,2100,2200,Uttar Pradesh,Deshi
08/12/2020,Tomato,78,Lucknow,FAQ,Lucknow,2400,2100,2200,Uttar Pradesh,Deshi
07/12/2020,Tomato,78,Lucknow,FAQ,Lucknow,2250,2000,2150,Uttar Pradesh,Deshi
06/12/2020,Tomato,78,Lucknow,FAQ,Lucknow,2200,2000,2100,Uttar Pradesh,Deshi
05/12/2020,Tomato,78,Lucknow,FAQ,Lucknow,2300,2100,2200,Uttar Pradesh,Deshi
04/12/2020,Tomato,78,Lucknow,FAQ,Lucknow,2300,2000,2200,Uttar Pradesh,Deshi
03/12/2020,Tomato,78,Lucknow,FAQ,Lucknow,2600,2400,2500,Uttar Pradesh,Deshi
02/12/2020,Tomato,78,Lucknow,FAQ,Lucknow,2500,2300,2400,Uttar Pradesh,Deshi
01/12/2020,Tomato,78,Lucknow,FAQ,Lucknow,2300,2000,2200,Uttar Pradesh,Deshi
29/11/2020,Tomato,78,Lucknow,FAQ,Lucknow,2500,2200,2300,Uttar Pradesh,Deshi
28/11/2020,Tomato,78,Lucknow,FAQ,Lucknow,2400,2000,2200,Uttar Pradesh,Deshi
27/11/2020,Tomato,78,Lucknow,FAQ,Lucknow,2300,2000,2200,Uttar Pradesh,Deshi
26/11/2020,Tomato,78,Lucknow,FAQ,Lucknow,2500,2300,2400,Uttar Pradesh,Deshi
24/11/2020,Tomato,78,Lucknow,FAQ,Lucknow,2500,2300,2400,Uttar Pradesh,Deshi
23/11/2020,Tomato,78,Lucknow,FAQ,Lucknow,2600,2400,2500,Uttar Pradesh,Deshi
22/11/2020,Tomato,78,Lucknow,FAQ,Lucknow,2700,2500,2600,Uttar Pradesh,Deshi
21/11/2020,Tomato,78,Lucknow,FAQ,Lucknow,2700,2500,2600,Uttar Pradesh,Deshi
20/11/2020,Tomato,78,Lucknow,FAQ,Lucknow,2900,2700,2750,Uttar Pradesh,Deshi
19/11/2020,Tomato,78,Lucknow,FAQ,Lucknow,2900,2600,2700,Uttar Pradesh,Deshi
18/11/2020,Tomato,78,Lucknow,FAQ,Lucknow,3000,2600,2800,Uttar Pradesh,Deshi
17/11/2020,Tomato,78,Lucknow,FAQ,Lucknow,2900,2700,2800,Uttar Pradesh,Deshi
16/11/2020,Tomato,78,Lucknow,FAQ,Lucknow,2800,2700,2750,Uttar Pradesh,Deshi
14/11/2020,Tomato,78,Lucknow,FAQ,Lucknow,2700,2500,2600,Uttar Pradesh,Deshi
13/11/2020,Tomato,78,Lucknow,FAQ,Lucknow,2900,2600,2700,Uttar Pradesh,Deshi
12/11/2020,Tomato,78,Lucknow,FAQ,Lucknow,2900,2700,2800,Uttar Pradesh,Deshi
11/11/2020,Tomato,78,Lucknow,FAQ,Lucknow,2950,2700,2850,Uttar Pradesh,Deshi
10/11/2020,Tomato,78,Lucknow,FAQ,Lucknow,2900,2600,2800,Uttar Pradesh,Deshi
09/11/2020,Tomato,78,Lucknow,FAQ,Lucknow,3000,2600,2800,Uttar Pradesh,Deshi
07/11/2020,Tomato,78,Lucknow,FAQ,Lucknow,3100,2900,3000,Uttar Pradesh,Deshi
06/11/2020,Tomato,78,Lucknow,FAQ,Lucknow,3300,3000,3200,Uttar Pradesh,Deshi
05/11/2020,Tomato,78,Lucknow,FAQ,Lucknow,3200,3100,3140,Uttar Pradesh,Deshi
04/11/2020,Tomato,78,Lucknow,FAQ,Lucknow,3300,3000,3200,Uttar Pradesh,Deshi
03/11/2020,Tomato,78,Lucknow,FAQ,Lucknow,3200,3100,3150,Uttar Pradesh,Deshi
02/11/2020,Tomato,78,Lucknow,FAQ,Lucknow,3200,3000,3150,Uttar Pradesh,Deshi
01/11/2020,Tomato,78,Lucknow,FAQ,Lucknow,3200,3000,3100,Uttar Pradesh,Deshi
30/10/2020,Tomato,78,Lucknow,FAQ,Lucknow,3100,2900,3000,Uttar Pradesh,Deshi
29/10/2020,Tomato,78,Lucknow,FAQ,Lucknow,3200,2900,3000,Uttar Pradesh,Deshi
28/10/2020,Tomato,78,Lucknow,FAQ,Lucknow,3200,2900,3000,Uttar Pradesh,Deshi
27/10/2020,Tomato,78,Lucknow,FAQ,Lucknow,3300,3000,3200,Uttar Pradesh,Deshi
26/10/2020,Tomato,78,Lucknow,FAQ,Lucknow,3500,3300,3400,Uttar Pradesh,Deshi
24/10/2020,Tomato,78,Lucknow,FAQ,Lucknow,3400,3200,3300,Uttar Pradesh,Deshi
23/10/2020,Tomato,78,Lucknow,FAQ,Lucknow,3300,3100,3200,Uttar Pradesh,Deshi
22/10/2020,Tomato,78,Lucknow,FAQ,Lucknow,3250,3100,3170,Uttar Pradesh,Deshi
21/10/2020,Tomato,78,Lucknow,FAQ,Lucknow,3100,2800,2900,Uttar Pradesh,Deshi
20/10/2020,Tomato,78,Lucknow,FAQ,Lucknow,3000,2900,2950,Uttar Pradesh,Deshi
19/10/2020,Tomato,78,Lucknow,FAQ,Lucknow,3050,2800,2950,Uttar Pradesh,Deshi
18/10/2020,Tomato,78,Lucknow,FAQ,Lucknow,3000,2800,2900,Uttar Pradesh,Deshi
17/10/2020,Tomato,78,Lucknow,FAQ,Lucknow,2900,2700,2800,Uttar Pradesh,Deshi
16/10/2020,Tomato,78,Lucknow,FAQ,Lucknow,3000,2700,2800,Uttar Pradesh,Deshi
15/10/2020,Tomato,78,Lucknow,FAQ,Lucknow,2900,2800,2850,Uttar Pradesh,Deshi
14/10/2020,Tomato,78,Lucknow,FAQ,Lucknow,3000,2600,2800,Uttar Pradesh,Deshi
13/10/2020,Tomato,78,Lucknow,FAQ,Lucknow,2900,2800,2850,Uttar Pradesh,Deshi
12/10/2020,Tomato,78,Lucknow,FAQ,Lucknow,2900,2700,2800,Uttar Pradesh,Deshi
11/10/2020,Tomato,78,Lucknow,FAQ,Lucknow,2900,2700,2800,Uttar Pradesh,Deshi
10/10/2020,Tomato,78,Lucknow,FAQ,Lucknow,3000,2800,2900,Uttar Pradesh,Deshi
09/10/2020,Tomato,78,Lucknow,FAQ,Lucknow,3150,3000,3040,Uttar Pradesh,Deshi
08/10/2020,Tomato,78,Lucknow,FAQ,Lucknow,3100,2900,3000,Uttar Pradesh,Deshi
07/10/2020,Tomato,78,Lucknow,FAQ,Lucknow,3200,2900,3000,Uttar Pradesh,Deshi
06/10/2020,Tomato,78,Lucknow,FAQ,Lucknow,3200,3000,3100,Uttar Pradesh,Deshi
05/10/2020,Tomato,78,Lucknow,FAQ,Lucknow,3200,3000,3150,Uttar Pradesh,Deshi
04/10/2020,Tomato,78,Lucknow,FAQ,Lucknow,3300,3000,3200,Uttar Pradesh,Deshi
03/10/2020,Tomato,78,Lucknow,FAQ,Lucknow,3600,3300,3400,Uttar Pradesh,Deshi
02/10/2020,Tomato,78,Lucknow,FAQ,Lucknow,3700,3500,3600,Uttar Pradesh,Deshi
01/10/2020,Tomato,78,Lucknow,FAQ,Lucknow,3900,3800,3840,Uttar Pradesh,Deshi
29/09/2020,Tomato,78,Lucknow,FAQ,Lucknow,3900,3800,3850,Uttar Pradesh,Deshi
28/09/2020,Tomato,78,Lucknow,FAQ,Lucknow,4000,3600,3800,Uttar Pradesh,Deshi
27/09/2020,Tomato,78,Lucknow,FAQ,Lucknow,4000,3700,3800,Uttar Pradesh,Deshi
26/09/2020,Tomato,78,Lucknow,FAQ,Lucknow,3840,3720,3770,Uttar Pradesh,Deshi
24/09/2020,Tomato,78,Lucknow,FAQ,Lucknow,3960,3840,3900,Uttar Pradesh,Deshi
23/09/2020,Tomato,78,Lucknow,FAQ,Lucknow,4200,3800,4000,Uttar Pradesh,Deshi
22/09/2020,Tomato,78,Lucknow,FAQ,Lucknow,4000,3800,3900,Uttar Pradesh,Deshi
21/09/2020,Tomato,78,Lucknow,FAQ,Lucknow,4000,3800,3900,Uttar Pradesh,Deshi
20/09/2020,Tomato,78,Lucknow,FAQ,Lucknow,4000,3800,3900,Uttar Pradesh,Deshi
19/09/2020,Tomato,78,Lucknow,FAQ,Lucknow,3850,3710,3790,Uttar Pradesh,Deshi
18/09/2020,Tomato,78,Lucknow,FAQ,Lucknow,4000,3600,3800,Uttar Pradesh,Deshi
17/09/2020,Tomato,78,Lucknow,FAQ,Lucknow,4000,3600,3800,Uttar Pradesh,Deshi
16/09/2020,Tomato,78,Lucknow,FAQ,Lucknow,3950,3800,3850,Uttar Pradesh,Deshi
15/09/2020,Tomato,78,Lucknow,FAQ,Lucknow,3940,3760,3880,Uttar Pradesh,Deshi
14/09/2020,Tomato,78,Lucknow,FAQ,Lucknow,4200,3800,3900,Uttar Pradesh,Deshi
13/09/2020,Tomato,78,Lucknow,FAQ,Lucknow,4000,3800,3850,Uttar Pradesh,Deshi
12/09/2020,Tomato,78,Lucknow,FAQ,Lucknow,3900,3800,3850,Uttar Pradesh,Deshi
11/09/2020,Tomato,78,Lucknow,FAQ,Lucknow,3850,3650,3750,Uttar Pradesh,Deshi
10/09/2020,Tomato,78,Lucknow,FAQ,Lucknow,3840,3700,3770,Uttar Pradesh,Deshi
09/09/2020,Tomato,78,Lucknow,FAQ,Lucknow,4000,3700,3800,Uttar Pradesh,Deshi
08/09/2020,Tomato,78,Lucknow,FAQ,Lucknow,3970,3800,3900,Uttar Pradesh,Deshi
07/09/2020,Tomato,78,Lucknow,FAQ,Lucknow,4100,3900,3950,Uttar Pradesh,Deshi
06/09/2020,Tomato,78,Lucknow,FAQ,Lucknow,4000,3600,3800,Uttar Pradesh,Deshi
05/09/2020,Tomato,78,Lucknow,FAQ,Lucknow,4000,3600,3800,Uttar Pradesh,Deshi
04/09/2020,Tomato,78,Lucknow,FAQ,Lucknow,3800,3650,3700,Uttar Pradesh,Deshi
03/09/2020,Tomato,78,Lucknow,FAQ,Lucknow,3850,3650,3750,Uttar Pradesh,Deshi
02/09/2020,Tomato,78,Lucknow,FAQ,Lucknow,3700,3500,3600,Uttar Pradesh,Deshi
01/09/2020,Tomato,78,Lucknow,FAQ,Lucknow,3800,3500,3600,Uttar Pradesh,Deshi
29/08/2020,Tomato,78,Lucknow,FAQ,Lucknow,3700,3500,3600,Uttar Pradesh,Deshi
28/08/2020,Tomato,78,Lucknow,FAQ,Lucknow,3650,3500,3550,Uttar Pradesh,Deshi
27/08/2020,Tomato,78,Lucknow,FAQ,Lucknow,3350,3250,3300,Uttar Pradesh,Deshi
26/08/2020,Tomato,78,Lucknow,FAQ,Lucknow,3450,3200,3350,Uttar Pradesh,Deshi
25/08/2020,Tomato,78,Lucknow,FAQ,Lucknow,3200,3000,3100,Uttar Pradesh,Deshi
24/08/2020,Tomato,78,Lucknow,FAQ,Lucknow,3200,3000,3150,Uttar Pradesh,Deshi
21/08/2020,Tomato,78,Lucknow,FAQ,Lucknow,3250,2800,3150,Uttar Pradesh,Deshi
20/08/2020,Tomato,78,Lucknow,FAQ,Lucknow,3000,2800,2900,Uttar Pradesh,Deshi
19/08/2020,Tomato,78,Lucknow,FAQ,Lucknow,3000,2700,2800,Uttar Pradesh,Deshi
18/08/2020,Tomato,78,Lucknow,FAQ,Lucknow,3300,3000,3200,Uttar Pradesh,Deshi
17/08/2020,Tomato,78,Lucknow,FAQ,Lucknow,3500,3400,3450,Uttar Pradesh,Deshi
16/08/2020,Tomato,78,Lucknow,FAQ,Lucknow,3500,3350,3400,Uttar Pradesh,Deshi
14/08/2020,Tomato,78,Lucknow,FAQ,Lucknow,3600,3400,3500,Uttar Pradesh,Deshi
13/08/2020,Tomato,78,Lucknow,FAQ,Lucknow,3800,3600,3700,Uttar Pradesh,Deshi
12/08/2020,Tomato,78,Lucknow,FAQ,Lucknow,3650,3400,3500,Uttar Pradesh,Deshi
11/08/2020,Tomato,78,Lucknow,FAQ,Lucknow,3800,3500,3600,Uttar Pradesh,Deshi
10/08/2020,Tomato,78,Lucknow,FAQ,Lucknow,3800,3670,3740,Uttar Pradesh,Deshi
09/08/2020,Tomato,78,Lucknow,FAQ,Lucknow,3900,3800,3840,Uttar Pradesh,Deshi
08/08/2020,Tomato,78,Lucknow,FAQ,Lucknow,3870,3740,3810,Uttar Pradesh,Deshi
07/08/2020,Tomato,78,Lucknow,FAQ,Lucknow,3800,3600,3750,Uttar Pradesh,Deshi
06/08/2020,Tomato,78,Lucknow,FAQ,Lucknow,3800,3600,3700,Uttar Pradesh,Deshi
05/08/2020,Tomato,78,Lucknow,FAQ,Lucknow,3850,3700,3750,Uttar Pradesh,Deshi
04/08/2020,Tomato,78,Lucknow,FAQ,Lucknow,3820,3590,3670,Uttar Pradesh,Deshi
02/08/2020,Tomato,78,Lucknow,FAQ,Lucknow,3830,3650,3740,Uttar Pradesh,Deshi
31/07/2020,Tomato,78,Lucknow,FAQ,Lucknow,3750,3500,3600,Uttar Pradesh,Deshi
30/07/2020,Tomato,78,Lucknow,FAQ,Lucknow,3920,3700,3800,Uttar Pradesh,Deshi
29/07/2020,Tomato,78,Lucknow,FAQ,Lucknow,4000,3600,3800,Uttar Pradesh,Deshi
28/07/2020,Tomato,78,Lucknow,FAQ,Lucknow,4100,3800,4000,Uttar Pradesh,Deshi
27/07/2020,Tomato,78,Lucknow,FAQ,Lucknow,4200,3800,4000,Uttar Pradesh,Deshi
25/07/2020,Tomato,78,Lucknow,FAQ,Lucknow,4350,4100,4250,Uttar Pradesh,Deshi
24/07/2020,Tomato,78,Lucknow,FAQ,Lucknow,4400,4000,4200,Uttar Pradesh,Deshi
23/07/2020,Tomato,78,Lucknow,FAQ,Lucknow,4500,4200,4300,Uttar Pradesh,Deshi
22/07/2020,Tomato,78,Lucknow,FAQ,Lucknow,4400,4200,4300,Uttar Pradesh,Deshi
21/07/2020,Tomato,78,Lucknow,FAQ,Lucknow,4600,4400,4500,Uttar Pradesh,Deshi
20/07/2020,Tomato,78,Lucknow,FAQ,Lucknow,4500,4100,4300,Uttar Pradesh,Deshi
17/07/2020,Tomato,78,Lucknow,FAQ,Lucknow,4500,3800,4300,Uttar Pradesh,Deshi
16/07/2020,Tomato,78,Lucknow,FAQ,Lucknow,4400,4000,4200,Uttar Pradesh,Deshi
15/07/2020,Tomato,78,Lucknow,FAQ,Lucknow,4600,4200,4300,Uttar Pradesh,Deshi
14/07/2020,Tomato,78,Lucknow,FAQ,Lucknow,4500,4300,4400,Uttar Pradesh,Deshi
13/07/2020,Tomato,78,Lucknow,FAQ,Lucknow,4500,4200,4360,Uttar Pradesh,Deshi
10/07/2020,Tomato,78,Lucknow,FAQ,Lucknow,4200,3800,4000,Uttar Pradesh,Deshi
09/07/2020,Tomato,78,Lucknow,FAQ,Lucknow,4200,3800,4000,Uttar Pradesh,Deshi
06/07/2020,Tomato,78,Lucknow,FAQ,Lucknow,4000,3600,3800,Uttar Pradesh,Deshi
05/07/2020,Tomato,78,Lucknow,FAQ,Lucknow,3600,3400,3500,Uttar Pradesh,Deshi
04/07/2020,Tomato,78,Lucknow,FAQ,Lucknow,3500,3300,3400,Uttar Pradesh,Deshi
03/07/2020,Tomato,78,Lucknow,FAQ,Lucknow,3400,3000,3200,Uttar Pradesh,Deshi
02/07/2020,Tomato,78,Lucknow,FAQ,Lucknow,3000,2500,2800,Uttar Pradesh,Deshi
01/07/2020,Tomato,78,Lucknow,FAQ,Lucknow,2600,2400,2500,Uttar Pradesh,Deshi
29/06/2020,Tomato,78,Lucknow,FAQ,Lucknow,2300,1900,2200,Uttar Pradesh,Deshi
28/06/2020,Tomato,78,Lucknow,FAQ,Lucknow,2150,2000,2050,Uttar Pradesh,Deshi
27/06/2020,Tomato,78,Lucknow,FAQ,Lucknow,2200,2000,2050,Uttar Pradesh,Deshi
26/06/2020,Tomato,78,Lucknow,FAQ,Lucknow,2200,1900,2000,Uttar Pradesh,Deshi
25/06/2020,Tomato,78,Lucknow,FAQ,Lucknow,2200,1800,1880,Uttar Pradesh,Deshi
24/06/2020,Tomato,78,Lucknow,FAQ,Lucknow,1680,1300,1560,Uttar Pradesh,Deshi
22/06/2020,Tomato,78,Lucknow,FAQ,Lucknow,1500,1300,1400,Uttar Pradesh,Deshi
20/06/2020,Tomato,78,Lucknow,FAQ,Lucknow,1500,1300,1460,Uttar Pradesh,Deshi
19/06/2020,Tomato,78,Lucknow,FAQ,Lucknow,1400,1200,1350,Uttar Pradesh,Deshi
18/06/2020,Tomato,78,Lucknow,FAQ,Lucknow,1400,1300,1350,Uttar Pradesh,Deshi
17/06/2020,Tomato,78,Lucknow,FAQ,Lucknow,1400,1200,1300,Uttar Pradesh,Deshi
16/06/2020,Tomato,78,Lucknow,FAQ,Lucknow,1350,1100,1250,Uttar Pradesh,Deshi
15/06/2020,Tomato,78,Lucknow,FAQ,Lucknow,1300,1000,1200,Uttar Pradesh,Deshi
14/06/2020,Tomato,78,Lucknow,FAQ,Lucknow,1300,1000,1200,Uttar Pradesh,Deshi
13/06/2020,Tomato,78,Lucknow,FAQ,Lucknow,1300,1000,1200,Uttar Pradesh,Deshi
12/06/2020,Tomato,78,Lucknow,FAQ,Lucknow,1200,900,1000,Uttar Pradesh,Deshi
11/06/2020,Tomato,78,Lucknow,FAQ,Lucknow,1200,900,1000,Uttar Pradesh,Deshi
10/06/2020,Tomato,78,Lucknow,FAQ,Lucknow,1100,900,1000,Uttar Pradesh,Deshi
09/06/2020,Tomato,78,Lucknow,FAQ,Lucknow,1100,900,1000,Uttar Pradesh,Deshi
08/06/2020,Tomato,78,Lucknow,FAQ,Lucknow,1000,800,900,Uttar Pradesh,Deshi
07/06/2020,Tomato,78,Lucknow,FAQ,Lucknow,1000,800,900,Uttar Pradesh,Deshi
06/06/2020,Tomato,78,Lucknow,FAQ,Lucknow,1000,800,900,Uttar Pradesh,Deshi
05/06/2020,Tomato,78,Lucknow,FAQ,Lucknow,1100,900,950,Uttar Pradesh,Deshi
04/06/2020,Tomato,78,Lucknow,FAQ,Lucknow,1000,800,900,Uttar Pradesh,Deshi
03/06/2020,Tomato,78,Lucknow,FAQ,Lucknow,1000,800,900,Uttar Pradesh,Deshi
02/06/2020,Tomato,78,Lucknow,FAQ,Lucknow,1000,800,900,Uttar Pradesh,Deshi
01/06/2020,Tomato,78,Lucknow,FAQ,Lucknow,1100,900,975,Uttar Pradesh,Deshi
30/05/2020,Tomato,78,Lucknow,FAQ,Lucknow,1100,900,1000,Uttar Pradesh,Deshi
29/05/2020,Tomato,78,Lucknow,FAQ,Lucknow,1000,800,900,Uttar Pradesh,Deshi
28/05/2020,Tomato,78,Lucknow,FAQ,Lucknow,900,800,850,Uttar Pradesh,Deshi
27/05/2020,Tomato,78,Lucknow,FAQ,Lucknow,1000,800,900,Uttar Pradesh,Deshi
26/05/2020,Tomato,78,Lucknow,FAQ,Lucknow,1000,800,900,Uttar Pradesh,Deshi
25/05/2020,Tomato,78,Lucknow,FAQ,Lucknow,1000,800,900,Uttar Pradesh,Deshi
24/05/2020,Tomato,78,Lucknow,FAQ,Lucknow,1000,800,900,Uttar Pradesh,Deshi
23/05/2020,Tomato,78,Lucknow,FAQ,Lucknow,1000,800,900,Uttar Pradesh,Deshi
22/05/2020,Tomato,78,Lucknow,FAQ,Lucknow,1000,900,950,Uttar Pradesh,Deshi
21/05/2020,Tomato,78,Lucknow,FAQ,Lucknow,1100,900,1000,Uttar Pradesh,Deshi
20/05/2020,Tomato,78,Lucknow,FAQ,Lucknow,1100,900,950,Uttar Pradesh,Deshi
19/05/2020,Tomato,78,Lucknow,FAQ,Lucknow,1100,900,1000,Uttar Pradesh,Deshi
18/05/2020,Tomato,78,Lucknow,FAQ,Lucknow,1200,900,1000,Uttar Pradesh,Deshi
17/05/2020,Tomato,78,Lucknow,FAQ,Lucknow,1050,900,950,Uttar Pradesh,Deshi
16/05/2020,Tomato,78,Lucknow,FAQ,Lucknow,1000,800,900,Uttar Pradesh,Deshi
15/05/2020,Tomato,78,Lucknow,FAQ,Lucknow,1100,900,1000,Uttar Pradesh,Deshi
13/05/2020,Tomato,78,Lucknow,FAQ,Lucknow,1200,1000,1100,Uttar Pradesh,Deshi
12/05/2020,Tomato,78,Lucknow,FAQ,Lucknow,1200,900,1000,Uttar Pradesh,Deshi
11/05/2020,Tomato,78,Lucknow,FAQ,Lucknow,1200,1000,1100,Uttar Pradesh,Deshi
10/05/2020,Tomato,78,Lucknow,FAQ,Lucknow,1200,1000,1050,Uttar Pradesh,Deshi
09/05/2020,Tomato,78,Lucknow,FAQ,Lucknow,1100,900,1000,Uttar Pradesh,Deshi
08/05/2020,Tomato,78,Lucknow,FAQ,Lucknow,1200,1000,1100,Uttar Pradesh,Deshi
07/05/2020,Tomato,78,Lucknow,FAQ,Lucknow,1200,1050,1150,Uttar Pradesh,Deshi
06/05/2020,Tomato,78,Lucknow,FAQ,Lucknow,1200,1000,1100,Uttar Pradesh,Deshi
05/05/2020,Tomato,78,Lucknow,FAQ,Lucknow,1200,1000,1100,Uttar Pradesh,Deshi
04/05/2020,Tomato,78,Lucknow,FAQ,Lucknow,1300,1000,1200,Uttar Pradesh,Deshi
03/05/2020,Tomato,78,Lucknow,FAQ,Lucknow,1300,1000,1200,Uttar Pradesh,Deshi
02/05/2020,Tomato,78,Lucknow,FAQ,Lucknow,1200,1000,1100,Uttar Pradesh,Deshi
01/05/2020,Tomato,78,Lucknow,FAQ,Lucknow,1100,900,1050,Uttar Pradesh,Deshi
29/04/2020,Tomato,78,Lucknow,FAQ,Lucknow,1100,900,1000,Uttar Pradesh,Deshi
28/04/2020,Tomato,78,Lucknow,FAQ,Lucknow,1100,900,1000,Uttar Pradesh,Deshi
27/04/2020,Tomato,78,Lucknow,FAQ,Lucknow,1300,1000,1200,Uttar Pradesh,Deshi
26/04/2020,Tomato,78,Lucknow,FAQ,Lucknow,1300,1000,1200,Uttar Pradesh,Deshi
25/04/2020,Tomato,78,Lucknow,FAQ,Lucknow,1350,1200,1290,Uttar Pradesh,Deshi
24/04/2020,Tomato,78,Lucknow,FAQ,Lucknow,1450,1250,1375,Uttar Pradesh,Deshi
23/04/2020,Tomato,78,Lucknow,FAQ,Lucknow,1450,1200,1350,Uttar Pradesh,Deshi
22/04/2020,Tomato,78,Lucknow,FAQ,Lucknow,1550,1200,1400,Uttar Pradesh,Deshi
21/04/2020,Tomato,78,Lucknow,FAQ,Lucknow,1550,1300,1475,Uttar Pradesh,Deshi
18/04/2020,Tomato,78,Lucknow,FAQ,Lucknow,1400,1200,1300,Uttar Pradesh,Deshi
17/04/2020,Tomato,78,Lucknow,FAQ,Lucknow,1400,1200,1300,Uttar Pradesh,Deshi
16/04/2020,Tomato,78,Lucknow,FAQ,Lucknow,1425,1300,1375,Uttar Pradesh,Deshi
15/04/2020,Tomato,78,Lucknow,FAQ,Lucknow,1450,1250,1375,Uttar Pradesh,Deshi
14/04/2020,Tomato,78,Lucknow,FAQ,Lucknow,1450,1200,1350,Uttar Pradesh,Deshi
13/04/2020,Tomato,78,Lucknow,FAQ,Lucknow,1500,1300,1400,Uttar Pradesh,Deshi
12/04/2020,Tomato,78,Lucknow,FAQ,Lucknow,1500,1300,1400,Uttar Pradesh,Deshi
11/04/2020,Tomato,78,Lucknow,FAQ,Lucknow,1600,1400,1500,Uttar Pradesh,Deshi
10/04/2020,Tomato,78,Lucknow,FAQ,Lucknow,1700,1500,1600,Uttar Pradesh,Deshi
08/04/2020,Tomato,78,Lucknow,FAQ,Lucknow,1500,1300,1400,Uttar Pradesh,Deshi
07/04/2020,Tomato,78,Lucknow,FAQ,Lucknow,1600,1400,1525,Uttar Pradesh,Deshi
06/04/2020,Tomato,78,Lucknow,FAQ,Lucknow,1500,1300,1400,Uttar Pradesh,Deshi
05/04/2020,Tomato,78,Lucknow,FAQ,Lucknow,1500,1300,1400,Uttar Pradesh,Deshi
04/04/2020,Tomato,78,Lucknow,FAQ,Lucknow,1600,1400,1500,Uttar Pradesh,Deshi
03/04/2020,Tomato,78,Lucknow,FAQ,Lucknow,1500,1300,1450,Uttar Pradesh,Deshi
02/04/2020,Tomato,78,Lucknow,FAQ,Lucknow,1500,1300,1400,Uttar Pradesh,Deshi
01/04/2020,Tomato,78,Lucknow,FAQ,Lucknow,1500,1200,1400,Uttar Pradesh,Deshi
21/03/2020,Tomato,78,Lucknow,FAQ,Lucknow,1300,1100,1250,Uttar Pradesh,Deshi
20/03/2020,Tomato,78,Lucknow,FAQ,Lucknow,1300,1000,1200,Uttar Pradesh,Deshi
19/03/2020,Tomato,78,Lucknow,FAQ,Lucknow,1200,1000,1100,Uttar Pradesh,Deshi
18/03/2020,Tomato,78,Lucknow,FAQ,Lucknow,1300,1000,1200,Uttar Pradesh,Deshi
17/03/2020,Tomato,78,Lucknow,FAQ,Lucknow,1300,1100,1250,Uttar Pradesh,Deshi
16/03/2020,Tomato,78,Lucknow,FAQ,Lucknow,1250,1000,1100,Uttar Pradesh,Deshi
15/03/2020,Tomato,78,Lucknow,FAQ,Lucknow,1200,900,1000,Uttar Pradesh,Deshi
14/03/2020,Tomato,78,Lucknow,FAQ,Lucknow,1300,1000,1200,Uttar Pradesh,Deshi
13/03/2020,Tomato,78,Lucknow,FAQ,Lucknow,1300,1000,1200,Uttar Pradesh,Deshi
12/03/2020,Tomato,78,Lucknow,FAQ,Lucknow,1400,1200,1300,Uttar Pradesh,Deshi
11/03/2020,Tomato,78,Lucknow,FAQ,Lucknow,1300,1150,1250,Uttar Pradesh,Deshi
09/03/2020,Tomato,78,Lucknow,FAQ,Lucknow,1300,1100,1200,Uttar Pradesh,Deshi
08/03/2020,Tomato,78,Lucknow,FAQ,Lucknow,1300,1100,1200,Uttar Pradesh,Deshi
07/03/2020,Tomato,78,Lucknow,FAQ,Lucknow,1300,1000,1200,Uttar Pradesh,Deshi
06/03/2020,Tomato,78,Lucknow,FAQ,Lucknow,1300,1000,1200,Uttar Pradesh,Deshi
05/03/2020,Tomato,78,Lucknow,FAQ,Lucknow,1100,900,1000,Uttar Pradesh,Deshi
04/03/2020,Tomato,78,Lucknow,FAQ,Lucknow,1100,900,1000,Uttar Pradesh,Deshi
03/03/2020,Tomato,78,Lucknow,FAQ,Lucknow,1200,1000,1100,Uttar Pradesh,Deshi
02/03/2020,Tomato,78,Lucknow,FAQ,Lucknow,1200,1000,1100,Uttar Pradesh,Deshi
01/03/2020,Tomato,78,Lucknow,FAQ,Lucknow,1200,1100,1150,Uttar Pradesh,Deshi
28/02/2020,Tomato,78,Lucknow,FAQ,Lucknow,1250,1000,1150,Uttar Pradesh,Deshi
27/02/2020,Tomato,78,Lucknow,FAQ,Lucknow,1300,1000,1200,Uttar Pradesh,Deshi
26/02/2020,Tomato,78,Lucknow,FAQ,Lucknow,1350,1200,1250,Uttar Pradesh,Deshi
25/02/2020,Tomato,78,Lucknow,FAQ,Lucknow,1300,1000,1200,Uttar Pradesh,Deshi
24/02/2020,Tomato,78,Lucknow,FAQ,Lucknow,1300,1000,1200,Uttar Pradesh,Deshi
23/02/2020,Tomato,78,Lucknow,FAQ,Lucknow,1300,1000,1200,Uttar Pradesh,Deshi
22/02/2020,Tomato,78,Lucknow,FAQ,Lucknow,1300,1100,1250,Uttar Pradesh,Deshi
21/02/2020,Tomato,78,Lucknow,FAQ,Lucknow,1300,1000,1200,Uttar Pradesh,Deshi
20/02/2020,Tomato,78,Lucknow,FAQ,Lucknow,1300,1100,1200,Uttar Pradesh,Deshi
19/02/2020,Tomato,78,Lucknow,FAQ,Lucknow,1400,1200,1300,Uttar Pradesh,Deshi
18/02/2020,Tomato,78,Lucknow,FAQ,Lucknow,1500,1300,1400,Uttar Pradesh,Deshi
17/02/2020,Tomato,78,Lucknow,FAQ,Lucknow,1550,1300,1450,Uttar Pradesh,Deshi
16/02/2020,Tomato,78,Lucknow,FAQ,Lucknow,1500,1300,1400,Uttar Pradesh,Deshi
15/02/2020,Tomato,78,Lucknow,FAQ,Lucknow,1500,1300,1400,Uttar Pradesh,Deshi
14/02/2020,Tomato,78,Lucknow,FAQ,Lucknow,1600,1400,1500,Uttar Pradesh,Deshi
13/02/2020,Tomato,78,Lucknow,FAQ,Lucknow,1600,1400,1500,Uttar Pradesh,Deshi
12/02/2020,Tomato,78,Lucknow,FAQ,Lucknow,1550,1400,1450,Uttar Pradesh,Deshi
11/02/2020,Tomato,78,Lucknow,FAQ,Lucknow,1500,1300,1400,Uttar Pradesh,Deshi
10/02/2020,Tomato,78,Lucknow,FAQ,Lucknow,1500,1200,1300,Uttar Pradesh,Deshi
09/02/2020,Tomato,78,Lucknow,FAQ,Lucknow,1400,1200,1300,Uttar Pradesh,Deshi
08/02/2020,Tomato,78,Lucknow,FAQ,Lucknow,1400,1200,1300,Uttar Pradesh,Deshi
07/02/2020,Tomato,78,Lucknow,FAQ,Lucknow,1500,1200,1300,Uttar Pradesh,Deshi
05/02/2020,Tomato,78,Lucknow,FAQ,Lucknow,1400,1200,1300,Uttar Pradesh,Deshi
04/02/2020,Tomato,78,Lucknow,FAQ,Lucknow,1400,1200,1300,Uttar Pradesh,Deshi
03/02/2020,Tomato,78,Lucknow,FAQ,Lucknow,1350,1200,1250,Uttar Pradesh,Deshi
02/02/2020,Tomato,78,Lucknow,FAQ,Lucknow,1300,1000,1200,Uttar Pradesh,Deshi
01/02/2020,Tomato,78,Lucknow,FAQ,Lucknow,1200,1000,1100,Uttar Pradesh,Deshi
30/01/2020,Tomato,78,Lucknow,FAQ,Lucknow,1350,1200,1250,Uttar Pradesh,Deshi
29/01/2020,Tomato,78,Lucknow,FAQ,Lucknow,1260,1100,1225,Uttar Pradesh,Deshi
28/01/2020,Tomato,78,Lucknow,FAQ,Lucknow,1300,1100,1225,Uttar Pradesh,Deshi
27/01/2020,Tomato,78,Lucknow,FAQ,Lucknow,1300,1000,1200,Uttar Pradesh,Deshi
25/01/2020,Tomato,78,Lucknow,FAQ,Lucknow,1500,1200,1300,Uttar Pradesh,Deshi
24/01/2020,Tomato,78,Lucknow,FAQ,Lucknow,1300,1000,1200,Uttar Pradesh,Deshi
23/01/2020,Tomato,78,Lucknow,FAQ,Lucknow,1600,1400,1500,Uttar Pradesh,Deshi
22/01/2020,Tomato,78,Lucknow,FAQ,Lucknow,1500,1400,1450,Uttar Pradesh,Deshi
21/01/2020,Tomato,78,Lucknow,FAQ,Lucknow,1600,1400,1500,Uttar Pradesh,Deshi
20/01/2020,Tomato,78,Lucknow,FAQ,Lucknow,1700,1500,1600,Uttar Pradesh,Deshi
19/01/2020,Tomato,78,Lucknow,FAQ,Lucknow,1900,1600,1800,Uttar Pradesh,Deshi
18/01/2020,Tomato,78,Lucknow,FAQ,Lucknow,2100,1800,2000,Uttar Pradesh,Deshi
17/01/2020,Tomato,78,Lucknow,FAQ,Lucknow,2000,1800,1900,Uttar Pradesh,Deshi
16/01/2020,Tomato,78,Lucknow,FAQ,Lucknow,2000,1600,1800,Uttar Pradesh,Deshi
15/01/2020,Tomato,78,Lucknow,FAQ,Lucknow,2000,1650,1850,Uttar Pradesh,Deshi
14/01/2020,Tomato,78,Lucknow,FAQ,Lucknow,2000,1700,1800,Uttar Pradesh,Deshi
13/01/2020,Tomato,78,Lucknow,FAQ,Lucknow,1700,1500,1600,Uttar Pradesh,Deshi
12/01/2020,Tomato,78,Lucknow,FAQ,Lucknow,1800,1600,1650,Uttar Pradesh,Deshi
11/01/2020,Tomato,78,Lucknow,FAQ,Lucknow,1700,1500,1600,Uttar Pradesh,Deshi
10/01/2020,Tomato,78,Lucknow,FAQ,Lucknow,2000,1600,1800,Uttar Pradesh,Deshi
09/01/2020,Tomato,78,Lucknow,FAQ,Lucknow,2000,1650,1850,Uttar Pradesh,Deshi
08/01/2020,Tomato,78,Lucknow,FAQ,Lucknow,2200,1800,2000,Uttar Pradesh,Deshi
07/01/2020,Tomato,78,Lucknow,FAQ,Lucknow,2300,2100,2200,Uttar Pradesh,Deshi
06/01/2020,Tomato,78,Lucknow,FAQ,Lucknow,2100,1800,2000,Uttar Pradesh,Deshi
05/01/2020,Tomato,78,Lucknow,FAQ,Lucknow,2100,1850,2000,Uttar Pradesh,Deshi
04/01/2020,Tomato,78,Lucknow,FAQ,Lucknow,2200,2000,2100,Uttar Pradesh,Deshi
03/01/2020,Tomato,78,Lucknow,FAQ,Lucknow,2100,1800,2080,Uttar Pradesh,Deshi
02/01/2020,Tomato,78,Lucknow,FAQ,Lucknow,2100,1800,2000,Uttar Pradesh,Deshi
01/01/2020,Tomato,78,Lucknow,FAQ,Lucknow,2000,1800,1850,Uttar Pradesh,Deshi
30/12/2019,Tomato,78,Lucknow,FAQ,Lucknow,1850,1600,1700,Uttar Pradesh,Deshi
29/12/2019,Tomato,78,Lucknow,FAQ,Lucknow,1800,1600,1700,Uttar Pradesh,Deshi
28/12/2019,Tomato,78,Lucknow,FAQ,Lucknow,1600,1400,1500,Uttar Pradesh,Deshi
27/12/2019,Tomato,78,Lucknow,FAQ,Lucknow,1500,1300,1400,Uttar Pradesh,Deshi
26/12/2019,Tomato,78,Lucknow,FAQ,Lucknow,1400,1300,1350,Uttar Pradesh,Deshi
25/12/2019,Tomato,78,Lucknow,FAQ,Lucknow,1400,1200,1300,Uttar Pradesh,Deshi
24/12/2019,Tomato,78,Lucknow,FAQ,Lucknow,1300,1200,1250,Uttar Pradesh,Deshi
23/12/2019,Tomato,78,Lucknow,FAQ,Lucknow,1300,1200,1250,Uttar Pradesh,Deshi
22/12/2019,Tomato,78,Lucknow,FAQ,Lucknow,1300,1100,1200,Uttar Pradesh,Deshi
21/12/2019,Tomato,78,Lucknow,FAQ,Lucknow,1300,1000,1200,Uttar Pradesh,Deshi
20/12/2019,Tomato,78,Lucknow,FAQ,Lucknow,1300,1000,1200,Uttar Pradesh,Deshi
19/12/2019,Tomato,78,Lucknow,FAQ,Lucknow,1500,1300,1400,Uttar Pradesh,Deshi
18/12/2019,Tomato,78,Lucknow,FAQ,Lucknow,1550,1400,1450,Uttar Pradesh,Deshi
17/12/2019,Tomato,78,Lucknow,FAQ,Lucknow,1600,1400,1500,Uttar Pradesh,Deshi
16/12/2019,Tomato,78,Lucknow,FAQ,Lucknow,1800,1600,1750,Uttar Pradesh,Deshi
15/12/2019,Tomato,78,Lucknow,FAQ,Lucknow,1750,1600,1650,Uttar Pradesh,Deshi
14/12/2019,Tomato,78,Lucknow,FAQ,Lucknow,1700,1550,1650,Uttar Pradesh,Deshi
13/12/2019,Tomato,78,Lucknow,FAQ,Lucknow,1800,1500,1600,Uttar Pradesh,Deshi
12/12/2019,Tomato,78,Lucknow,FAQ,Lucknow,2000,1600,1800,Uttar Pradesh,Deshi
11/12/2019,Tomato,78,Lucknow,FAQ,Lucknow,1700,1500,1600,Uttar Pradesh,Deshi
10/12/2019,Tomato,78,Lucknow,FAQ,Lucknow,1600,1400,1500,Uttar Pradesh,Deshi
09/12/2019,Tomato,78,Lucknow,FAQ,Lucknow,1600,1400,1450,Uttar Pradesh,Deshi
08/12/2019,Tomato,78,Lucknow,FAQ,Lucknow,1500,1300,1400,Uttar Pradesh,Deshi
07/12/2019,Tomato,78,Lucknow,FAQ,Lucknow,1310,1160,1240,Uttar Pradesh,Deshi
06/12/2019,Tomato,78,Lucknow,FAQ,Lucknow,1320,1170,1250,Uttar Pradesh,Deshi
05/12/2019,Tomato,78,Lucknow,FAQ,Lucknow,1400,1200,1300,Uttar Pradesh,Deshi
04/12/2019,Tomato,78,Lucknow,FAQ,Lucknow,1600,1300,1400,Uttar Pradesh,Deshi
03/12/2019,Tomato,78,Lucknow,FAQ,Lucknow,1600,1400,1500,Uttar Pradesh,Deshi
02/12/2019,Tomato,78,Lucknow,FAQ,Lucknow,1700,1500,1600,Uttar Pradesh,Deshi
01/12/2019,Tomato,78,Lucknow,FAQ,Lucknow,1700,1500,1600,Uttar Pradesh,Deshi
29/11/2019,Tomato,78,Lucknow,FAQ,Lucknow,1800,1500,1650,Uttar Pradesh,Deshi
28/11/2019,Tomato,78,Lucknow,FAQ,Lucknow,1800,1500,1600,Uttar Pradesh,Deshi
27/11/2019,Tomato,78,Lucknow,FAQ,Lucknow,2000,1600,1800,Uttar Pradesh,Deshi
26/11/2019,Tomato,78,Lucknow,FAQ,Lucknow,2200,1800,2000,Uttar Pradesh,Deshi
25/11/2019,Tomato,78,Lucknow,FAQ,Lucknow,2250,1800,2000,Uttar Pradesh,Deshi
24/11/2019,Tomato,78,Lucknow,FAQ,Lucknow,2300,2100,2200,Uttar Pradesh,Deshi
23/11/2019,Tomato,78,Lucknow,FAQ,Lucknow,2550,2300,2400,Uttar Pradesh,Deshi
22/11/2019,Tomato,78,Lucknow,FAQ,Lucknow,2500,2300,2400,Uttar Pradesh,Deshi
21/11/2019,Tomato,78,Lucknow,FAQ,Lucknow,2700,2400,2500,Uttar Pradesh,Deshi
20/11/2019,Tomato,78,Lucknow,FAQ,Lucknow,2700,2400,2500,Uttar Pradesh,Deshi
19/11/2019,Tomato,78,Lucknow,FAQ,Lucknow,2700,2500,2600,Uttar Pradesh,Deshi
18/11/2019,Tomato,78,Lucknow,FAQ,Lucknow,2750,2500,2600,Uttar Pradesh,Deshi
17/11/2019,Tomato,78,Lucknow,FAQ,Lucknow,2600,2400,2500,Uttar Pradesh,Deshi
16/11/2019,Tomato,78,Lucknow,FAQ,Lucknow,2800,2600,2700,Uttar Pradesh,Deshi
15/11/2019,Tomato,78,Lucknow,FAQ,Lucknow,3000,2600,2800,Uttar Pradesh,Deshi
14/11/2019,Tomato,78,Lucknow,FAQ,Lucknow,2900,2700,2800,Uttar Pradesh,Deshi
13/11/2019,Tomato,78,Lucknow,FAQ,Lucknow,2900,2600,2800,Uttar Pradesh,Deshi
12/11/2019,Tomato,78,Lucknow,FAQ,Lucknow,2800,2700,2750,Uttar Pradesh,Deshi
11/11/2019,Tomato,78,Lucknow,FAQ,Lucknow,2900,2500,2750,Uttar Pradesh,Deshi
10/11/2019,Tomato,78,Lucknow,FAQ,Lucknow,2850,2600,2700,Uttar Pradesh,Deshi
09/11/2019,Tomato,78,Lucknow,FAQ,Lucknow,2700,2500,2600,Uttar Pradesh,Deshi
08/11/2019,Tomato,78,Lucknow,FAQ,Lucknow,2700,2500,2600,Uttar Pradesh,Deshi
07/11/2019,Tomato,78,Lucknow,FAQ,Lucknow,2900,2600,2800,Uttar Pradesh,Deshi
06/11/2019,Tomato,78,Lucknow,FAQ,Lucknow,3000,2600,2800,Uttar Pradesh,Deshi
05/11/2019,Tomato,78,Lucknow,FAQ,Lucknow,2900,2700,2800,Uttar Pradesh,Deshi
04/11/2019,Tomato,78,Lucknow,FAQ,Lucknow,3000,2900,2950,Uttar Pradesh,Deshi
03/11/2019,Tomato,78,Lucknow,FAQ,Lucknow,3000,2900,2950,Uttar Pradesh,Deshi
02/11/2019,Tomato,78,Lucknow,FAQ,Lucknow,3000,2800,2900,Uttar Pradesh,Deshi
01/11/2019,Tomato,78,Lucknow,FAQ,Lucknow,3000,2800,2900,Uttar Pradesh,Deshi
30/10/2019,Tomato,78,Lucknow,FAQ,Lucknow,3100,2900,3000,Uttar Pradesh,Deshi
29/10/2019,Tomato,78,Lucknow,FAQ,Lucknow,3200,2900,3000,Uttar Pradesh,Deshi
26/10/2019,Tomato,78,Lucknow,FAQ,Lucknow,3000,2600,2800,Uttar Pradesh,Deshi
25/10/2019,Tomato,78,Lucknow,FAQ,Lucknow,2900,2600,2750,Uttar Pradesh,Deshi
24/10/2019,Tomato,78,Lucknow,FAQ,Lucknow,2700,2500,2600,Uttar Pradesh,Deshi
23/10/2019,Tomato,78,Lucknow,FAQ,Lucknow,2800,2400,2650,Uttar Pradesh,Deshi
22/10/2019,Tomato,78,Lucknow,FAQ,Lucknow,2800,2600,2700,Uttar Pradesh,Deshi
20/10/2019,Tomato,78,Lucknow,FAQ,Lucknow,3000,2600,2800,Uttar Pradesh,Deshi
19/10/2019,Tomato,78,Lucknow,FAQ,Lucknow,3000,2600,2800,Uttar Pradesh,Deshi
18/10/2019,Tomato,78,Lucknow,FAQ,Lucknow,3000,2800,2900,Uttar Pradesh,Deshi
17/10/2019,Tomato,78,Lucknow,FAQ,Lucknow,3000,2800,2900,Uttar Pradesh,Deshi
16/10/2019,Tomato,78,Lucknow,FAQ,Lucknow,3000,2700,2800,Uttar Pradesh,Deshi
15/10/2019,Tomato,78,Lucknow,FAQ,Lucknow,2900,2650,2750,Uttar Pradesh,Deshi
14/10/2019,Tomato,78,Lucknow,FAQ,Lucknow,2800,2400,2660,Uttar Pradesh,Deshi
12/10/2019,Tomato,78,Lucknow,FAQ,Lucknow,2600,2400,2500,Uttar Pradesh,Deshi
11/10/2019,Tomato,78,Lucknow,FAQ,Lucknow,2700,2500,2600,Uttar Pradesh,Deshi
10/10/2019,Tomato,78,Lucknow,FAQ,Lucknow,2600,2400,2500,Uttar Pradesh,Deshi
09/10/2019,Tomato,78,Lucknow,FAQ,Lucknow,2500,2200,2300,Uttar Pradesh,Deshi
08/10/2019,Tomato,78,Lucknow,FAQ,Lucknow,2600,2400,2500,Uttar Pradesh,Deshi
07/10/2019,Tomato,78,Lucknow,FAQ,Lucknow,2700,2500,2600,Uttar Pradesh,Deshi
05/10/2019,Tomato,78,Lucknow,FAQ,Lucknow,2600,2400,2500,Uttar Pradesh,Deshi
04/10/2019,Tomato,78,Lucknow,FAQ,Lucknow,2600,2400,2500,Uttar Pradesh,Deshi
03/10/2019,Tomato,78,Lucknow,FAQ,Lucknow,2500,2300,2400,Uttar Pradesh,Deshi
01/10/2019,Tomato,78,Lucknow,FAQ,Lucknow,2350,2000,2250,Uttar Pradesh,Deshi
29/09/2019,Tomato,78,Lucknow,FAQ,Lucknow,2250,2000,2150,Uttar Pradesh,Deshi
28/09/2019,Tomato,78,Lucknow,FAQ,Lucknow,2400,2000,2200,Uttar Pradesh,Deshi
27/09/2019,Tomato,78,Lucknow,FAQ,Lucknow,2250,2000,2100,Uttar Pradesh,Deshi
26/09/2019,Tomato,78,Lucknow,FAQ,Lucknow,2150,1900,2050,Uttar Pradesh,Deshi
25/09/2019,Tomato,78,Lucknow,FAQ,Lucknow,2150,2000,2050,Uttar Pradesh,Deshi
24/09/2019,Tomato,78,Lucknow,FAQ,Lucknow,2200,1900,2000,Uttar Pradesh,Deshi
23/09/2019,Tomato,78,Lucknow,FAQ,Lucknow,2000,1650,1850,Uttar Pradesh,Deshi
22/09/2019,Tomato,78,Lucknow,FAQ,Lucknow,2000,1600,1800,Uttar Pradesh,Deshi
21/09/2019,Tomato,78,Lucknow,FAQ,Lucknow,2000,1700,1850,Uttar Pradesh,Deshi
20/09/2019,Tomato,78,Lucknow,FAQ,Lucknow,2000,1700,1900,Uttar Pradesh,Deshi
19/09/2019,Tomato,78,Lucknow,FAQ,Lucknow,2150,1900,2025,Uttar Pradesh,Deshi
18/09/2019,Tomato,78,Lucknow,FAQ,Lucknow,2200,2000,2150,Uttar Pradesh,Deshi
17/09/2019,Tomato,78,Lucknow,FAQ,Lucknow,2000,1600,1850,Uttar Pradesh,Deshi
16/09/2019,Tomato,78,Lucknow,FAQ,Lucknow,2000,1600,1800,Uttar Pradesh,Deshi
15/09/2019,Tomato,78,Lucknow,FAQ,Lucknow,2000,1700,1850,Uttar Pradesh,Deshi
14/09/2019,Tomato,78,Lucknow,FAQ,Lucknow,1900,170,1800,Uttar Pradesh,Deshi
13/09/2019,Tomato,78,Lucknow,FAQ,Lucknow,1675,1500,1600,Uttar Pradesh,Deshi
12/09/2019,Tomato,78,Lucknow,FAQ,Lucknow,1850,1700,1750,Uttar Pradesh,Deshi
11/09/2019,Tomato,78,Lucknow,FAQ,Lucknow,1950,1700,1840,Uttar Pradesh,Deshi
10/09/2019,Tomato,78,Lucknow,FAQ,Lucknow,1900,1700,1800,Uttar Pradesh,Deshi
09/09/2019,Tomato,78,Lucknow,FAQ,Lucknow,2000,1600,1800,Uttar Pradesh,Deshi
08/09/2019,Tomato,78,Lucknow,FAQ,Lucknow,1800,1600,1700,Uttar Pradesh,Deshi
07/09/2019,Tomato,78,Lucknow,FAQ,Lucknow,2000,1600,1800,Uttar Pradesh,Deshi
06/09/2019,Tomato,78,Lucknow,FAQ,Lucknow,2000,1600,1850,Uttar Pradesh,Deshi
05/09/2019,Tomato,78,Lucknow,FAQ,Lucknow,2000,1600,1800,Uttar Pradesh,Deshi
05/09/2019,Tomato,78,Lucknow,FAQ,Lucknow,2000,1600,1800,Uttar Pradesh,Tomato
04/09/2019,Tomato,78,Lucknow,FAQ,Lucknow,2000,1600,1800,Uttar Pradesh,Tomato
03/09/2019,Tomato,78,Lucknow,FAQ,Lucknow,2050,1850,1950,Uttar Pradesh,Tomato
02/09/2019,Tomato,78,Lucknow,FAQ,Lucknow,2150,1850,2000,Uttar Pradesh,Tomato
01/09/2019,Tomato,78,Lucknow,FAQ,Lucknow,1950,1850,1900,Uttar Pradesh,Tomato
30/08/2019,Tomato,78,Lucknow,FAQ,Lucknow,2050,1850,1950,Uttar Pradesh,Tomato
29/08/2019,Tomato,78,Lucknow,FAQ,Lucknow,2000,1800,1900,Uttar Pradesh,Tomato
28/08/2019,Tomato,78,Lucknow,FAQ,Lucknow,2000,1800,1900,Uttar Pradesh,Tomato
27/08/2019,Tomato,78,Lucknow,FAQ,Lucknow,2000,1800,1900,Uttar Pradesh,Tomato
26/08/2019,Tomato,78,Lucknow,FAQ,Lucknow,2100,1800,2000,Uttar Pradesh,Tomato
25/08/2019,Tomato,78,Lucknow,FAQ,Lucknow,2100,1800,2000,Uttar Pradesh,Tomato
24/08/2019,Tomato,78,Lucknow,FAQ,Lucknow,2100,1900,2000,Uttar Pradesh,Tomato
23/08/2019,Tomato,78,Lucknow,FAQ,Lucknow,2300,2100,2200,Uttar Pradesh,Tomato
22/08/2019,Tomato,78,Lucknow,FAQ,Lucknow,2300,2000,2200,Uttar Pradesh,Tomato
21/08/2019,Tomato,78,Lucknow,FAQ,Lucknow,2600,2400,2500,Uttar Pradesh,Tomato
20/08/2019,Tomato,78,Lucknow,FAQ,Lucknow,2600,2400,2500,Uttar Pradesh,Tomato
19/08/2019,Tomato,78,Lucknow,FAQ,Lucknow,3000,2600,2800,Uttar Pradesh,Tomato
18/08/2019,Tomato,78,Lucknow,FAQ,Lucknow,2950,2700,2800,Uttar Pradesh,Tomato
17/08/2019,Tomato,78,Lucknow,FAQ,Lucknow,3200,3000,3100,Uttar Pradesh,Tomato
16/08/2019,Tomato,78,Lucknow,FAQ,Lucknow,3400,3200,3300,Uttar Pradesh,Tomato
14/08/2019,Tomato,78,Lucknow,FAQ,Lucknow,3300,3000,3200,Uttar Pradesh,Other
13/08/2019,Tomato,78,Lucknow,FAQ,Lucknow,3300,3000,3200,Uttar Pradesh,Tomato
12/08/2019,Tomato,78,Lucknow,FAQ,Lucknow,3300,3100,3250,Uttar Pradesh,Tomato
11/08/2019,Tomato,78,Lucknow,FAQ,Lucknow,3400,3200,3300,Uttar Pradesh,Tomato
10/08/2019,Tomato,78,Lucknow,FAQ,Lucknow,3200,3000,3100,Uttar Pradesh,Tomato
09/08/2019,Tomato,78,Lucknow,FAQ,Lucknow,3100,2900,2950,Uttar Pradesh,Tomato
08/08/2019,Tomato,78,Lucknow,FAQ,Lucknow,3000,2800,2900,Uttar Pradesh,Other
07/08/2019,Tomato,78,Lucknow,FAQ,Lucknow,3000,2800,2900,Uttar Pradesh,Tomato
06/08/2019,Tomato,78,Lucknow,FAQ,Lucknow,3000,2800,2900,Uttar Pradesh,Tomato
05/08/2019,Tomato,78,Lucknow,FAQ,Lucknow,3200,3000,3100,Uttar Pradesh,Tomato
04/08/2019,Tomato,78,Lucknow,FAQ,Lucknow,3100,2900,3000,Uttar Pradesh,Tomato
03/08/2019,Tomato,78,Lucknow,FAQ,Lucknow,3300,3000,3200,Uttar Pradesh,Tomato
02/08/2019,Tomato,78,Lucknow,FAQ,Lucknow,3300,3100,3200,Uttar Pradesh,Tomato
01/08/2019,Tomato,78,Lucknow,FAQ,Lucknow,3000,2800,2900,Uttar Pradesh,Tomato
30/07/2019,Tomato,78,Lucknow,FAQ,Lucknow,3200,2900,3000,Uttar Pradesh,Tomato
29/07/2019,Tomato,78,Lucknow,FAQ,Lucknow,3300,3000,3200,Uttar Pradesh,Tomato
28/07/2019,Tomato,78,Lucknow,FAQ,Lucknow,3200,3000,3100,Uttar Pradesh,Tomato
27/07/2019,Tomato,78,Lucknow,FAQ,Lucknow,3160,3050,3100,Uttar Pradesh,Tomato
26/07/2019,Tomato,78,Lucknow,FAQ,Lucknow,3300,3100,3200,Uttar Pradesh,Tomato
25/07/2019,Tomato,78,Lucknow,FAQ,Lucknow,3300,3000,3200,Uttar Pradesh,Tomato
24/07/2019,Tomato,78,Lucknow,FAQ,Lucknow,3100,2900,3000,Uttar Pradesh,Tomato
22/07/2019,Tomato,78,Lucknow,FAQ,Lucknow,3200,2900,3000,Uttar Pradesh,Tomato
21/07/2019,Tomato,78,Lucknow,FAQ,Lucknow,3200,2900,3000,Uttar Pradesh,Tomato
20/07/2019,Tomato,78,Lucknow,FAQ,Lucknow,3100,2900,3000,Uttar Pradesh,Tomato
19/07/2019,Tomato,78,Lucknow,FAQ,Lucknow,3000,2800,2900,Uttar Pradesh,Tomato
18/07/2019,Tomato,78,Lucknow,FAQ,Lucknow,2750,2500,2650,Uttar Pradesh,Tomato
17/07/2019,Tomato,78,Lucknow,FAQ,Lucknow,2750,2500,2600,Uttar Pradesh,Tomato
16/07/2019,Tomato,78,Lucknow,FAQ,Lucknow,2600,2400,2500,Uttar Pradesh,Tomato
15/07/2019,Tomato,78,Lucknow,FAQ,Lucknow,2400,2200,2300,Uttar Pradesh,Tomato
14/07/2019,Tomato,78,Lucknow,FAQ,Lucknow,2500,2200,2300,Uttar Pradesh,Tomato
13/07/2019,Tomato,78,Lucknow,FAQ,Lucknow,2400,2100,2200,Uttar Pradesh,Tomato
12/07/2019,Tomato,78,Lucknow,FAQ,Lucknow,2000,1800,1900,Uttar Pradesh,Tomato
11/07/2019,Tomato,78,Lucknow,FAQ,Lucknow,1850,1650,1750,Uttar Pradesh,Tomato
10/07/2019,Tomato,78,Lucknow,FAQ,Lucknow,2000,1650,1860,Uttar Pradesh,Tomato
09/07/2019,Tomato,78,Lucknow,FAQ,Lucknow,2000,1600,1800,Uttar Pradesh,Tomato
08/07/2019,Tomato,78,Lucknow,FAQ,Lucknow,2000,1600,1800,Uttar Pradesh,Tomato
07/07/2019,Tomato,78,Lucknow,FAQ,Lucknow,1900,1650,1750,Uttar Pradesh,Tomato
06/07/2019,Tomato,78,Lucknow,FAQ,Lucknow,2000,1650,1800,Uttar Pradesh,Tomato
05/07/2019,Tomato,78,Lucknow,FAQ,Lucknow,2200,2000,2050,Uttar Pradesh,Tomato
04/07/2019,Tomato,78,Lucknow,FAQ,Lucknow,2200,1800,2000,Uttar Pradesh,Tomato
03/07/2019,Tomato,78,Lucknow,FAQ,Lucknow,2200,1800,2000,Uttar Pradesh,Tomato
02/07/2019,Tomato,78,Lucknow,FAQ,Lucknow,2100,1850,2000,Uttar Pradesh,Tomato
01/07/2019,Tomato,78,Lucknow,FAQ,Lucknow,2000,1800,1900,Uttar Pradesh,Tomato
29/06/2019,Tomato,78,Lucknow,FAQ,Lucknow,1900,1700,1800,Uttar Pradesh,Tomato
28/06/2019,Tomato,78,Lucknow,FAQ,Lucknow,1800,1600,1700,Uttar Pradesh,Tomato
27/06/2019,Tomato,78,Lucknow,FAQ,Lucknow,1900,1700,1800,Uttar Pradesh,Tomato
26/06/2019,Tomato,78,Lucknow,FAQ,Lucknow,1900,1700,1800,Uttar Pradesh,Tomato
25/06/2019,Tomato,78,Lucknow,FAQ,Lucknow,1900,1600,1800,Uttar Pradesh,Tomato
24/06/2019,Tomato,78,Lucknow,FAQ,Lucknow,2200,1900,2000,Uttar Pradesh,Tomato
23/06/2019,Tomato,78,Lucknow,FAQ,Lucknow,2500,2200,2400,Uttar Pradesh,Tomato
21/06/2019,Tomato,78,Lucknow,FAQ,Lucknow,3000,2600,2800,Uttar Pradesh,Tomato
20/06/2019,Tomato,78,Lucknow,FAQ,Lucknow,3000,2600,2800,Uttar Pradesh,Tomato
19/06/2019,Tomato,78,Lucknow,FAQ,Lucknow,3000,2800,2900,Uttar Pradesh,Tomato
18/06/2019,Tomato,78,Lucknow,FAQ,Lucknow,3100,2900,3000,Uttar Pradesh,Tomato
17/06/2019,Tomato,78,Lucknow,FAQ,Lucknow,3200,2900,3000,Uttar Pradesh,Tomato
16/06/2019,Tomato,78,Lucknow,FAQ,Lucknow,3000,2800,2900,Uttar Pradesh,Tomato
14/06/2019,Tomato,78,Lucknow,FAQ,Lucknow,3000,2800,2900,Uttar Pradesh,Tomato
13/06/2019,Tomato,78,Lucknow,FAQ,Lucknow,3200,2900,3000,Uttar Pradesh,Tomato
12/06/2019,Tomato,78,Lucknow,FAQ,Lucknow,3100,2900,3000,Uttar Pradesh,Tomato
11/06/2019,Tomato,78,Lucknow,FAQ,Lucknow,3200,2900,3000,Uttar Pradesh,Tomato
10/06/2019,Tomato,78,Lucknow,FAQ,Lucknow,3100,2900,3000,Uttar Pradesh,Tomato
09/06/2019,Tomato,78,Lucknow,FAQ,Lucknow,3100,2900,3000,Uttar Pradesh,Tomato
08/06/2019,Tomato,78,Lucknow,FAQ,Lucknow,3100,2900,3000,Uttar Pradesh,Tomato
07/06/2019,Tomato,78,Lucknow,FAQ,Lucknow,3000,2800,2900,Uttar Pradesh,Tomato
06/06/2019,Tomato,78,Lucknow,FAQ,Lucknow,3000,2750,2850,Uttar Pradesh,Tomato
04/06/2019,Tomato,78,Lucknow,FAQ,Lucknow,3000,2800,2900,Uttar Pradesh,Tomato
03/06/2019,Tomato,78,Lucknow,FAQ,Lucknow,2900,2700,2800,Uttar Pradesh,Tomato
02/06/2019,Tomato,78,Lucknow,FAQ,Lucknow,3000,2700,2800,Uttar Pradesh,Tomato
01/06/2019,Tomato,78,Lucknow,FAQ,Lucknow,3000,2750,2850,Uttar Pradesh,Tomato
30/05/2019,Tomato,78,Lucknow,FAQ,Lucknow,2750,2600,2675,Uttar Pradesh,Tomato
28/05/2019,Tomato,78,Lucknow,FAQ,Lucknow,2700,2500,2600,Uttar Pradesh,Tomato
27/05/2019,Tomato,78,Lucknow,FAQ,Lucknow,2700,2500,2600,Uttar Pradesh,Tomato
26/05/2019,Tomato,78,Lucknow,FAQ,Lucknow,2600,2400,2550,Uttar Pradesh,Tomato
25/05/2019,Tomato,78,Lucknow,FAQ,Lucknow,2600,2400,2500,Uttar Pradesh,Tomato
24/05/2019,Tomato,78,Lucknow,FAQ,Lucknow,2600,2400,2500,Uttar Pradesh,Tomato
23/05/2019,Tomato,78,Lucknow,FAQ,Lucknow,2700,2500,2600,Uttar Pradesh,Tomato
22/05/2019,Tomato,78,Lucknow,FAQ,Lucknow,2600,2500,2550,Uttar Pradesh,Other
21/05/2019,Tomato,78,Lucknow,FAQ,Lucknow,2600,2400,2500,Uttar Pradesh,Other
20/05/2019,Tomato,78,Lucknow,FAQ,Lucknow,2600,2400,2500,Uttar Pradesh,Tomato
19/05/2019,Tomato,78,Lucknow,FAQ,Lucknow,2550,2300,2450,Uttar Pradesh,Tomato
18/05/2019,Tomato,78,Lucknow,FAQ,Lucknow,2550,2350,2450,Uttar Pradesh,Tomato
17/05/2019,Tomato,78,Lucknow,FAQ,Lucknow,2500,2200,2300,Uttar Pradesh,Tomato
16/05/2019,Tomato,78,Lucknow,FAQ,Lucknow,2300,2100,2200,Uttar Pradesh,Tomato
15/05/2019,Tomato,78,Lucknow,FAQ,Lucknow,2300,2000,2150,Uttar Pradesh,Tomato
14/05/2019,Tomato,78,Lucknow,FAQ,Lucknow,2200,2000,2100,Uttar Pradesh,Tomato
13/05/2019,Tomato,78,Lucknow,FAQ,Lucknow,2200,2000,2100,Uttar Pradesh,Tomato
12/05/2019,Tomato,78,Lucknow,FAQ,Lucknow,2200,2000,2100,Uttar Pradesh,Tomato
11/05/2019,Tomato,78,Lucknow,FAQ,Lucknow,2100,1800,2000,Uttar Pradesh,Tomato
10/05/2019,Tomato,78,Lucknow,FAQ,Lucknow,2200,1800,2000,Uttar Pradesh,Tomato
09/05/2019,Tomato,78,Lucknow,FAQ,Lucknow,2200,2000,2100,Uttar Pradesh,Tomato
08/05/2019,Tomato,78,Lucknow,FAQ,Lucknow,2200,1800,2000,Uttar Pradesh,Tomato
07/05/2019,Tomato,78,Lucknow,FAQ,Lucknow,2200,1800,2000,Uttar Pradesh,Tomato
04/05/2019,Tomato,78,Lucknow,FAQ,Lucknow,2000,1600,1800,Uttar Pradesh,Tomato
03/05/2019,Tomato,78,Lucknow,FAQ,Lucknow,1800,1600,1700,Uttar Pradesh,Tomato
02/05/2019,Tomato,78,Lucknow,FAQ,Lucknow,1800,1600,1700,Uttar Pradesh,Tomato
01/05/2019,Tomato,78,Lucknow,FAQ,Lucknow,1700,1500,1600,Uttar Pradesh,Tomato
29/04/2019,Tomato,78,Lucknow,FAQ,Lucknow,1600,1400,1550,Uttar Pradesh,Tomato
28/04/2019,Tomato,78,Lucknow,FAQ,Lucknow,1600,1400,1500,Uttar Pradesh,Tomato
27/04/2019,Tomato,78,Lucknow,FAQ,Lucknow,1600,1400,1500,Uttar Pradesh,Tomato
26/04/2019,Tomato,78,Lucknow,FAQ,Lucknow,1600,1400,1500,Uttar Pradesh,Tomato
25/04/2019,Tomato,78,Lucknow,FAQ,Lucknow,1650,1400,1550,Uttar Pradesh,Tomato
24/04/2019,Tomato,78,Lucknow,FAQ,Lucknow,1600,1400,1500,Uttar Pradesh,Tomato
23/04/2019,Tomato,78,Lucknow,FAQ,Lucknow,1500,1300,1400,Uttar Pradesh,Tomato
22/04/2019,Tomato,78,Lucknow,FAQ,Lucknow,1300,1000,1200,Uttar Pradesh,Tomato
21/04/2019,Tomato,78,Lucknow,FAQ,Lucknow,1300,1000,1200,Uttar Pradesh,Tomato
20/04/2019,Tomato,78,Lucknow,FAQ,Lucknow,1200,1000,1100,Uttar Pradesh,Tomato
19/04/2019,Tomato,78,Lucknow,FAQ,Lucknow,1400,1200,1300,Uttar Pradesh,Tomato
18/04/2019,Tomato,78,Lucknow,FAQ,Lucknow,1650,1400,1500,Uttar Pradesh,Tomato
17/04/2019,Tomato,78,Lucknow,FAQ,Lucknow,1600,1500,1550,Uttar Pradesh,Tomato
16/04/2019,Tomato,78,Lucknow,FAQ,Lucknow,1700,1500,1600,Uttar Pradesh,Tomato
15/04/2019,Tomato,78,Lucknow,FAQ,Lucknow,1700,1500,1600,Uttar Pradesh,Tomato
14/04/2019,Tomato,78,Lucknow,FAQ,Lucknow,1750,1500,1650,Uttar Pradesh,Tomato
13/04/2019,Tomato,78,Lucknow,FAQ,Lucknow,1700,1500,1600,Uttar Pradesh,Tomato
12/04/2019,Tomato,78,Lucknow,FAQ,Lucknow,1600,1400,1500,Uttar Pradesh,Tomato
11/04/2019,Tomato,78,Lucknow,FAQ,Lucknow,1800,1500,1600,Uttar Pradesh,Tomato
10/04/2019,Tomato,78,Lucknow,FAQ,Lucknow,1700,1500,1650,Uttar Pradesh,Tomato
09/04/2019,Tomato,78,Lucknow,FAQ,Lucknow,1900,1600,1750,Uttar Pradesh,Tomato
08/04/2019,Tomato,78,Lucknow,FAQ,Lucknow,1850,1600,1675,Uttar Pradesh,Tomato
07/04/2019,Tomato,78,Lucknow,FAQ,Lucknow,1800,1600,1650,Uttar Pradesh,Tomato
06/04/2019,Tomato,78,Lucknow,FAQ,Lucknow,2000,1600,1800,Uttar Pradesh,Tomato
05/04/2019,Tomato,78,Lucknow,FAQ,Lucknow,2000,1700,1850,Uttar Pradesh,Tomato
04/04/2019,Tomato,78,Lucknow,FAQ,Lucknow,2000,1600,1800,Uttar Pradesh,Tomato
03/04/2019,Tomato,78,Lucknow,FAQ,Lucknow,2000,1700,1850,Uttar Pradesh,Tomato
02/04/2019,Tomato,78,Lucknow,FAQ,Lucknow,2000,1600,1800,Uttar Pradesh,Tomato
01/04/2019,Tomato,78,Lucknow,FAQ,Lucknow,2000,1600,1800,Uttar Pradesh,Tomato
30/03/2019,Tomato,78,Lucknow,FAQ,Lucknow,2000,1600,1800,Uttar Pradesh,Tomato
29/03/2019,Tomato,78,Lucknow,FAQ,Lucknow,1900,1600,1700,Uttar Pradesh,Tomato
28/03/2019,Tomato,78,Lucknow,FAQ,Lucknow,1800,1550,1650,Uttar Pradesh,Tomato
27/03/2019,Tomato,78,Lucknow,FAQ,Lucknow,1600,1400,1550,Uttar Pradesh,Tomato
26/03/2019,Tomato,78,Lucknow,FAQ,Lucknow,1800,1500,1600,Uttar Pradesh,Tomato
25/03/2019,Tomato,78,Lucknow,FAQ,Lucknow,1550,1300,1450,Uttar Pradesh,Tomato
24/03/2019,Tomato,78,Lucknow,FAQ,Lucknow,1500,1300,1400,Uttar Pradesh,Tomato
23/03/2019,Tomato,78,Lucknow,FAQ,Lucknow,1500,1200,1400,Uttar Pradesh,Tomato
22/03/2019,Tomato,78,Lucknow,FAQ,Lucknow,1500,1400,1450,Uttar Pradesh,Tomato
20/03/2019,Tomato,78,Lucknow,FAQ,Lucknow,1600,1400,1500,Uttar Pradesh,Tomato
19/03/2019,Tomato,78,Lucknow,FAQ,Lucknow,1700,1400,1600,Uttar Pradesh,Tomato
18/03/2019,Tomato,78,Lucknow,FAQ,Lucknow,2100,1900,2000,Uttar Pradesh,Tomato
17/03/2019,Tomato,78,Lucknow,FAQ,Lucknow,2000,1800,1900,Uttar Pradesh,Tomato
16/03/2019,Tomato,78,Lucknow,FAQ,Lucknow,2000,1800,1850,Uttar Pradesh,Tomato
15/03/2019,Tomato,78,Lucknow,FAQ,Lucknow,2000,1800,1900,Uttar Pradesh,Tomato
14/03/2019,Tomato,78,Lucknow,FAQ,Lucknow,2000,1600,1860,Uttar Pradesh,Tomato
13/03/2019,Tomato,78,Lucknow,FAQ,Lucknow,2000,1600,1800,Uttar Pradesh,Tomato
12/03/2019,Tomato,78,Lucknow,FAQ,Lucknow,2000,1600,1800,Uttar Pradesh,Tomato
11/03/2019,Tomato,78,Lucknow,FAQ,Lucknow,1700,1500,1600,Uttar Pradesh,Tomato
10/03/2019,Tomato,78,Lucknow,FAQ,Lucknow,1600,1400,1500,Uttar Pradesh,Tomato
09/03/2019,Tomato,78,Lucknow,FAQ,Lucknow,1600,1300,1400,Uttar Pradesh,Tomato
08/03/2019,Tomato,78,Lucknow,FAQ,Lucknow,1300,1000,1200,Uttar Pradesh,Tomato
07/03/2019,Tomato,78,Lucknow,FAQ,Lucknow,1300,1000,1200,Uttar Pradesh,Tomato
06/03/2019,Tomato,78,Lucknow,FAQ,Lucknow,1300,1000,1200,Uttar Pradesh,Tomato
05/03/2019,Tomato,78,Lucknow,FAQ,Lucknow,1300,1000,1250,Uttar Pradesh,Tomato
04/03/2019,Tomato,78,Lucknow,FAQ,Lucknow,1300,1000,1200,Uttar Pradesh,Tomato
03/03/2019,Tomato,78,Lucknow,FAQ,Lucknow,1300,1000,1200,Uttar Pradesh,Tomato
02/03/2019,Tomato,78,Lucknow,FAQ,Lucknow,1300,1000,1200,Uttar Pradesh,Tomato
01/03/2019,Tomato,78,Lucknow,FAQ,Lucknow,1200,1000,1100,Uttar Pradesh,Tomato
27/02/2019,Tomato,78,Lucknow,FAQ,Lucknow,1100,900,1000,Uttar Pradesh,Tomato
26/02/2019,Tomato,78,Lucknow,FAQ,Lucknow,1100,900,1000,Uttar Pradesh,Tomato
25/02/2019,Tomato,78,Lucknow,FAQ,Lucknow,1000,800,900,Uttar Pradesh,Tomato
24/02/2019,Tomato,78,Lucknow,FAQ,Lucknow,1000,800,900,Uttar Pradesh,Tomato
23/02/2019,Tomato,78,Lucknow,FAQ,Lucknow,950,800,900,Uttar Pradesh,Tomato
22/02/2019,Tomato,78,Lucknow,FAQ,Lucknow,950,750,850,Uttar Pradesh,Tomato
21/02/2019,Tomato,78,Lucknow,FAQ,Lucknow,900,750,850,Uttar Pradesh,Tomato
20/02/2019,Tomato,78,Lucknow,FAQ,Lucknow,800,650,750,Uttar Pradesh,Tomato
19/02/2019,Tomato,78,Lucknow,FAQ,Lucknow,800,600,700,Uttar Pradesh,Tomato
17/02/2019,Tomato,78,Lucknow,FAQ,Lucknow,750,600,700,Uttar Pradesh,Tomato
16/02/2019,Tomato,78,Lucknow,FAQ,Lucknow,800,600,700,Uttar Pradesh,Tomato
15/02/2019,Tomato,78,Lucknow,FAQ,Lucknow,800,600,650,Uttar Pradesh,Tomato
14/02/2019,Tomato,78,Lucknow,FAQ,Lucknow,700,500,600,Uttar Pradesh,Tomato
13/02/2019,Tomato,78,Lucknow,FAQ,Lucknow,800,600,700,Uttar Pradesh,Tomato
12/02/2019,Tomato,78,Lucknow,FAQ,Lucknow,800,600,700,Uttar Pradesh,Tomato
11/02/2019,Tomato,78,Lucknow,FAQ,Lucknow,800,700,750,Uttar Pradesh,Tomato
10/02/2019,Tomato,78,Lucknow,FAQ,Lucknow,800,600,700,Uttar Pradesh,Tomato
09/02/2019,Tomato,78,Lucknow,FAQ,Lucknow,800,600,700,Uttar Pradesh,Tomato
08/02/2019,Tomato,78,Lucknow,FAQ,Lucknow,800,500,600,Uttar Pradesh,Tomato
07/02/2019,Tomato,78,Lucknow,FAQ,Lucknow,800,600,700,Uttar Pradesh,Tomato
06/02/2019,Tomato,78,Lucknow,FAQ,Lucknow,800,600,700,Uttar Pradesh,Tomato
05/02/2019,Tomato,78,Lucknow,FAQ,Lucknow,800,600,700,Uttar Pradesh,Tomato
04/02/2019,Tomato,78,Lucknow,FAQ,Lucknow,800,600,700,Uttar Pradesh,Tomato
03/02/2019,Tomato,78,Lucknow,FAQ,Lucknow,800,600,700,Uttar Pradesh,Tomato
02/02/2019,Tomato,78,Lucknow,FAQ,Lucknow,800,600,700,Uttar Pradesh,Tomato
01/02/2019,Tomato,78,Lucknow,FAQ,Lucknow,800,600,700,Uttar Pradesh,Tomato
30/01/2019,Tomato,78,Lucknow,FAQ,Lucknow,800,500,600,Uttar Pradesh,Tomato
29/01/2019,Tomato,78,Lucknow,FAQ,Lucknow,900,700,800,Uttar Pradesh,Tomato
28/01/2019,Tomato,78,Lucknow,FAQ,Lucknow,800,600,700,Uttar Pradesh,Tomato
27/01/2019,Tomato,78,Lucknow,FAQ,Lucknow,800,600,700,Uttar Pradesh,Tomato
25/01/2019,Tomato,78,Lucknow,FAQ,Lucknow,900,700,800,Uttar Pradesh,Tomato
24/01/2019,Tomato,78,Lucknow,FAQ,Lucknow,1000,800,850,Uttar Pradesh,Tomato
23/01/2019,Tomato,78,Lucknow,FAQ,Lucknow,1000,750,850,Uttar Pradesh,Tomato
22/01/2019,Tomato,78,Lucknow,FAQ,Lucknow,900,700,800,Uttar Pradesh,Tomato
21/01/2019,Tomato,78,Lucknow,FAQ,Lucknow,900,700,800,Uttar Pradesh,Tomato
20/01/2019,Tomato,78,Lucknow,FAQ,Lucknow,900,700,850,Uttar Pradesh,Tomato
19/01/2019,Tomato,78,Lucknow,FAQ,Lucknow,900,700,800,Uttar Pradesh,Tomato
18/01/2019,Tomato,78,Lucknow,FAQ,Lucknow,1000,800,900,Uttar Pradesh,Tomato
17/01/2019,Tomato,78,Lucknow,FAQ,Lucknow,1100,900,1000,Uttar Pradesh,Tomato
16/01/2019,Tomato,78,Lucknow,FAQ,Lucknow,1200,900,1000,Uttar Pradesh,Tomato
15/01/2019,Tomato,78,Lucknow,FAQ,Lucknow,1100,900,1000,Uttar Pradesh,Tomato
14/01/2019,Tomato,78,Lucknow,FAQ,Lucknow,1100,900,1000,Uttar Pradesh,Tomato
13/01/2019,Tomato,78,Lucknow,FAQ,Lucknow,1100,900,1050,Uttar Pradesh,Tomato
12/01/2019,Tomato,78,Lucknow,FAQ,Lucknow,1200,900,1000,Uttar Pradesh,Tomato
10/01/2019,Tomato,78,Lucknow,FAQ,Lucknow,1400,1200,1300,Uttar Pradesh,Tomato
09/01/2019,Tomato,78,Lucknow,FAQ,Lucknow,1300,1000,1200,Uttar Pradesh,Tomato
08/01/2019,Tomato,78,Lucknow,FAQ,Lucknow,1300,1000,1200,Uttar Pradesh,Tomato
07/01/2019,Tomato,78,Lucknow,FAQ,Lucknow,1400,1200,1300,Uttar Pradesh,Tomato
06/01/2019,Tomato,78,Lucknow,FAQ,Lucknow,1400,1200,1300,Uttar Pradesh,Tomato
05/01/2019,Tomato,78,Lucknow,FAQ,Lucknow,1350,1200,1250,Uttar Pradesh,Tomato
04/01/2019,Tomato,78,Lucknow,FAQ,Lucknow,1350,1200,1250,Uttar Pradesh,Tomato
03/01/2019,Tomato,78,Lucknow,FAQ,Lucknow,1300,1000,1200,Uttar Pradesh,Tomato
02/01/2019,Tomato,78,Lucknow,FAQ,Lucknow,1300,1100,1200,Uttar Pradesh,Tomato
01/01/2019,Tomato,78,Lucknow,FAQ,Lucknow,1100,900,1000,Uttar Pradesh,Tomato
30/12/2018,Tomato,78,Lucknow,FAQ,Lucknow,1100,800,950,Uttar Pradesh,Tomato
29/12/2018,Tomato,78,Lucknow,FAQ,Lucknow,1000,800,900,Uttar Pradesh,Tomato
28/12/2018,Tomato,78,Lucknow,FAQ,Lucknow,1000,700,800,Uttar Pradesh,Tomato
27/12/2018,Tomato,78,Lucknow,FAQ,Lucknow,1000,700,800,Uttar Pradesh,Tomato
26/12/2018,Tomato,78,Lucknow,FAQ,Lucknow,750,550,650,Uttar Pradesh,Tomato
25/12/2018,Tomato,78,Lucknow,FAQ,Lucknow,700,500,600,Uttar Pradesh,Tomato
24/12/2018,Tomato,78,Lucknow,FAQ,Lucknow,800,600,700,Uttar Pradesh,Tomato
23/12/2018,Tomato,78,Lucknow,FAQ,Lucknow,700,600,650,Uttar Pradesh,Tomato
22/12/2018,Tomato,78,Lucknow,FAQ,Lucknow,700,500,600,Uttar Pradesh,Tomato
21/12/2018,Tomato,78,Lucknow,FAQ,Lucknow,700,500,600,Uttar Pradesh,Tomato
20/12/2018,Tomato,78,Lucknow,FAQ,Lucknow,700,500,600,Uttar Pradesh,Tomato
19/12/2018,Tomato,78,Lucknow,FAQ,Lucknow,700,500,600,Uttar Pradesh,Tomato
18/12/2018,Tomato,78,Lucknow,FAQ,Lucknow,850,700,750,Uttar Pradesh,Tomato
17/12/2018,Tomato,78,Lucknow,FAQ,Lucknow,800,600,700,Uttar Pradesh,Tomato
16/12/2018,Tomato,78,Lucknow,FAQ,Lucknow,800,600,700,Uttar Pradesh,Tomato
15/12/2018,Tomato,78,Lucknow,FAQ,Lucknow,800,600,700,Uttar Pradesh,Tomato
14/12/2018,Tomato,78,Lucknow,FAQ,Lucknow,800,600,750,Uttar Pradesh,Tomato
13/12/2018,Tomato,78,Lucknow,FAQ,Lucknow,900,700,800,Uttar Pradesh,Tomato
12/12/2018,Tomato,78,Lucknow,FAQ,Lucknow,850,700,775,Uttar Pradesh,Tomato
11/12/2018,Tomato,78,Lucknow,FAQ,Lucknow,800,600,700,Uttar Pradesh,Tomato
10/12/2018,Tomato,78,Lucknow,FAQ,Lucknow,900,700,800,Uttar Pradesh,Tomato
09/12/2018,Tomato,78,Lucknow,FAQ,Lucknow,900,700,800,Uttar Pradesh,Tomato
08/12/2018,Tomato,78,Lucknow,FAQ,Lucknow,900,800,850,Uttar Pradesh,Tomato
07/12/2018,Tomato,78,Lucknow,FAQ,Lucknow,1000,700,875,Uttar Pradesh,Tomato
06/12/2018,Tomato,78,Lucknow,FAQ,Lucknow,900,700,800,Uttar Pradesh,Tomato
05/12/2018,Tomato,78,Lucknow,FAQ,Lucknow,1000,600,800,Uttar Pradesh,Tomato
04/12/2018,Tomato,78,Lucknow,FAQ,Lucknow,1100,900,1000,Uttar Pradesh,Tomato
03/12/2018,Tomato,78,Lucknow,FAQ,Lucknow,1100,900,1000,Uttar Pradesh,Tomato
02/12/2018,Tomato,78,Lucknow,FAQ,Lucknow,1100,900,1000,Uttar Pradesh,Tomato
01/12/2018,Tomato,78,Lucknow,FAQ,Lucknow,1100,950,1050,Uttar Pradesh,Tomato
29/11/2018,Tomato,78,Lucknow,FAQ,Lucknow,1100,900,1000,Uttar Pradesh,Tomato
28/11/2018,Tomato,78,Lucknow,FAQ,Lucknow,1200,1000,1100,Uttar Pradesh,Tomato
27/11/2018,Tomato,78,Lucknow,FAQ,Lucknow,1250,1000,1100,Uttar Pradesh,Tomato
26/11/2018,Tomato,78,Lucknow,FAQ,Lucknow,1300,1000,1200,Uttar Pradesh,Tomato
25/11/2018,Tomato,78,Lucknow,FAQ,Lucknow,1350,1100,1250,Uttar Pradesh,Tomato
24/11/2018,Tomato,78,Lucknow,FAQ,Lucknow,1300,1100,1200,Uttar Pradesh,Tomato
23/11/2018,Tomato,78,Lucknow,FAQ,Lucknow,1300,1100,1200,Uttar Pradesh,Tomato
22/11/2018,Tomato,78,Lucknow,FAQ,Lucknow,1250,1100,1200,Uttar Pradesh,Tomato
21/11/2018,Tomato,78,Lucknow,FAQ,Lucknow,1400,1200,1300,Uttar Pradesh,Tomato
20/11/2018,Tomato,78,Lucknow,FAQ,Lucknow,1500,1200,1400,Uttar Pradesh,Tomato
19/11/2018,Tomato,78,Lucknow,FAQ,Lucknow,1500,1300,1375,Uttar Pradesh,Tomato
18/11/2018,Tomato,78,Lucknow,FAQ,Lucknow,1500,1300,1400,Uttar Pradesh,Tomato
17/11/2018,Tomato,78,Lucknow,FAQ,Lucknow,1500,1300,1400,Uttar Pradesh,Tomato
16/11/2018,Tomato,78,Lucknow,FAQ,Lucknow,1500,1300,1400,Uttar Pradesh,Tomato
15/11/2018,Tomato,78,Lucknow,FAQ,Lucknow,1550,1350,1450,Uttar Pradesh,Tomato
14/11/2018,Tomato,78,Lucknow,FAQ,Lucknow,1600,1400,1500,Uttar Pradesh,Tomato
13/11/2018,Tomato,78,Lucknow,FAQ,Lucknow,1700,1500,1600,Uttar Pradesh,Tomato
12/11/2018,Tomato,78,Lucknow,FAQ,Lucknow,1600,1400,1500,Uttar Pradesh,Tomato
11/11/2018,Tomato,78,Lucknow,FAQ,Lucknow,1600,1400,1500,Uttar Pradesh,Tomato
10/11/2018,Tomato,78,Lucknow,FAQ,Lucknow,1600,1400,1500,Uttar Pradesh,Tomato
09/11/2018,Tomato,78,Lucknow,FAQ,Lucknow,1550,1400,1450,Uttar Pradesh,Tomato
07/11/2018,Tomato,78,Lucknow,FAQ,Lucknow,1500,1300,1400,Uttar Pradesh,Tomato
06/11/2018,Tomato,78,Lucknow,FAQ,Lucknow,1500,1350,1400,Uttar Pradesh,Tomato
05/11/2018,Tomato,78,Lucknow,FAQ,Lucknow,1500,1350,1450,Uttar Pradesh,Tomato
04/11/2018,Tomato,78,Lucknow,FAQ,Lucknow,1600,1400,1500,Uttar Pradesh,Tomato
03/11/2018,Tomato,78,Lucknow,FAQ,Lucknow,1550,1400,1450,Uttar Pradesh,Tomato
02/11/2018,Tomato,78,Lucknow,FAQ,Lucknow,1500,1300,1400,Uttar Pradesh,Tomato
01/11/2018,Tomato,78,Lucknow,FAQ,Lucknow,1500,1300,1400,Uttar Pradesh,Tomato
30/10/2018,Tomato,78,Lucknow,FAQ,Lucknow,1550,1300,1450,Uttar Pradesh,Tomato
29/10/2018,Tomato,78,Lucknow,FAQ,Lucknow,1600,1400,1500,Uttar Pradesh,Tomato
28/10/2018,Tomato,78,Lucknow,FAQ,Lucknow,1600,1400,1500,Uttar Pradesh,Tomato
27/10/2018,Tomato,78,Lucknow,FAQ,Lucknow,1700,1500,1600,Uttar Pradesh,Tomato
26/10/2018,Tomato,78,Lucknow,FAQ,Lucknow,1600,1400,1500,Uttar Pradesh,Tomato
25/10/2018,Tomato,78,Lucknow,FAQ,Lucknow,1700,1500,1600,Uttar Pradesh,Tomato
24/10/2018,Tomato,78,Lucknow,FAQ,Lucknow,1650,1400,1550,Uttar Pradesh,Tomato
23/10/2018,Tomato,78,Lucknow,FAQ,Lucknow,1600,1400,1500,Uttar Pradesh,Tomato
22/10/2018,Tomato,78,Lucknow,FAQ,Lucknow,1600,1400,1500,Uttar Pradesh,Tomato
21/10/2018,Tomato,78,Lucknow,FAQ,Lucknow,1650,1500,1600,Uttar Pradesh,Tomato
20/10/2018,Tomato,78,Lucknow,FAQ,Lucknow,1700,1500,1650,Uttar Pradesh,Tomato
19/10/2018,Tomato,78,Lucknow,FAQ,Lucknow,1700,1500,1600,Uttar Pradesh,Tomato
18/10/2018,Tomato,78,Lucknow,FAQ,Lucknow,1700,1500,1600,Uttar Pradesh,Tomato
17/10/2018,Tomato,78,Lucknow,FAQ,Lucknow,1600,1400,1500,Uttar Pradesh,Tomato
16/10/2018,Tomato,78,Lucknow,FAQ,Lucknow,1500,1300,1400,Uttar Pradesh,Tomato
15/10/2018,Tomato,78,Lucknow,FAQ,Lucknow,1500,1300,1400,Uttar Pradesh,Tomato
14/10/2018,Tomato,78,Lucknow,FAQ,Lucknow,1500,1300,1400,Uttar Pradesh,Tomato
13/10/2018,Tomato,78,Lucknow,FAQ,Lucknow,1400,1200,1350,Uttar Pradesh,Tomato
12/10/2018,Tomato,78,Lucknow,FAQ,Lucknow,1450,1300,1375,Uttar Pradesh,Tomato
11/10/2018,Tomato,78,Lucknow,FAQ,Lucknow,1450,1200,1350,Uttar Pradesh,Tomato
10/10/2018,Tomato,78,Lucknow,FAQ,Lucknow,1400,1200,1300,Uttar Pradesh,Tomato
09/10/2018,Tomato,78,Lucknow,FAQ,Lucknow,1400,1200,1250,Uttar Pradesh,Tomato
08/10/2018,Tomato,78,Lucknow,FAQ,Lucknow,1400,1200,1300,Uttar Pradesh,Tomato
07/10/2018,Tomato,78,Lucknow,FAQ,Lucknow,1400,1200,1300,Uttar Pradesh,Tomato
06/10/2018,Tomato,78,Lucknow,FAQ,Lucknow,1450,1200,1350,Uttar Pradesh,Tomato
04/10/2018,Tomato,78,Lucknow,FAQ,Lucknow,1350,1100,1250,Uttar Pradesh,Tomato
03/10/2018,Tomato,78,Lucknow,FAQ,Lucknow,1300,1000,1200,Uttar Pradesh,Tomato
01/10/2018,Tomato,78,Lucknow,FAQ,Lucknow,1350,1100,1250,Uttar Pradesh,Tomato
29/09/2018,Tomato,78,Lucknow,FAQ,Lucknow,1300,1000,1200,Uttar Pradesh,Tomato
28/09/2018,Tomato,78,Lucknow,FAQ,Lucknow,1200,900,1000,Uttar Pradesh,Tomato
27/09/2018,Tomato,78,Lucknow,FAQ,Lucknow,1200,1100,1150,Uttar Pradesh,Tomato
26/09/2018,Tomato,78,Lucknow,FAQ,Lucknow,1300,1000,1200,Uttar Pradesh,Tomato
25/09/2018,Tomato,78,Lucknow,FAQ,Lucknow,1350,1100,1250,Uttar Pradesh,Tomato
24/09/2018,Tomato,78,Lucknow,FAQ,Lucknow,1350,1100,1220,Uttar Pradesh,Tomato
23/09/2018,Tomato,78,Lucknow,FAQ,Lucknow,1300,1100,1200,Uttar Pradesh,Tomato
22/09/2018,Tomato,78,Lucknow,FAQ,Lucknow,1300,1000,1200,Uttar Pradesh,Tomato
21/09/2018,Tomato,78,Lucknow,FAQ,Lucknow,1300,1000,1200,Uttar Pradesh,Tomato
20/09/2018,Tomato,78,Lucknow,FAQ,Lucknow,1350,1000,1250,Uttar Pradesh,Tomato
19/09/2018,Tomato,78,Lucknow,FAQ,Lucknow,1300,1050,1200,Uttar Pradesh,Tomato
18/09/2018,Tomato,78,Lucknow,FAQ,Lucknow,1300,1000,1200,Uttar Pradesh,Tomato
17/09/2018,Tomato,78,Lucknow,FAQ,Lucknow,1350,1000,1250,Uttar Pradesh,Tomato
16/09/2018,Tomato,78,Lucknow,FAQ,Lucknow,1300,1000,1200,Uttar Pradesh,Tomato
15/09/2018,Tomato,78,Lucknow,FAQ,Lucknow,1300,1000,1200,Uttar Pradesh,Tomato
14/09/2018,Tomato,78,Lucknow,FAQ,Lucknow,1300,1000,1200,Uttar Pradesh,Tomato
13/09/2018,Tomato,78,Lucknow,FAQ,Lucknow,1400,1200,1300,Uttar Pradesh,Tomato
12/09/2018,Tomato,78,Lucknow,FAQ,Lucknow,1600,1400,1500,Uttar Pradesh,Tomato
11/09/2018,Tomato,78,Lucknow,FAQ,Lucknow,1600,1400,1500,Uttar Pradesh,Tomato
10/09/2018,Tomato,78,Lucknow,FAQ,Lucknow,1750,1500,1650,Uttar Pradesh,Tomato
09/09/2018,Tomato,78,Lucknow,FAQ,Lucknow,1700,1500,1600,Uttar Pradesh,Tomato
08/09/2018,Tomato,78,Lucknow,FAQ,Lucknow,1700,1500,1600,Uttar Pradesh,Tomato
07/09/2018,Tomato,78,Lucknow,FAQ,Lucknow,1850,1500,1600,Uttar Pradesh,Tomato
06/09/2018,Tomato,78,Lucknow,FAQ,Lucknow,1800,1600,1700,Uttar Pradesh,Tomato
05/09/2018,Tomato,78,Lucknow,FAQ,Lucknow,2000,1600,1800,Uttar Pradesh,Tomato
04/09/2018,Tomato,78,Lucknow,FAQ,Lucknow,2200,1800,2000,Uttar Pradesh,Tomato
03/09/2018,Tomato,78,Lucknow,FAQ,Lucknow,2000,1800,1900,Uttar Pradesh,Tomato
01/09/2018,Tomato,78,Lucknow,FAQ,Lucknow,2000,1800,1900,Uttar Pradesh,Tomato
30/08/2018,Tomato,78,Lucknow,FAQ,Lucknow,2200,1800,2000,Uttar Pradesh,Tomato
29/08/2018,Tomato,78,Lucknow,FAQ,Lucknow,2200,2000,2100,Uttar Pradesh,Tomato
28/08/2018,Tomato,78,Lucknow,FAQ,Lucknow,2200,1800,2000,Uttar Pradesh,Tomato
27/08/2018,Tomato,78,Lucknow,FAQ,Lucknow,2200,1800,2000,Uttar Pradesh,Tomato
25/08/2018,Tomato,78,Lucknow,FAQ,Lucknow,2100,1900,2000,Uttar Pradesh,Tomato
24/08/2018,Tomato,78,Lucknow,FAQ,Lucknow,2100,1800,2000,Uttar Pradesh,Tomato
23/08/2018,Tomato,78,Lucknow,FAQ,Lucknow,1900,1600,1750,Uttar Pradesh,Tomato
21/08/2018,Tomato,78,Lucknow,FAQ,Lucknow,1700,1500,1600,Uttar Pradesh,Tomato
20/08/2018,Tomato,78,Lucknow,FAQ,Lucknow,2000,1600,1800,Uttar Pradesh,Tomato
18/08/2018,Tomato,78,Lucknow,FAQ,Lucknow,2000,1600,1800,Uttar Pradesh,Tomato
17/08/2018,Tomato,78,Lucknow,FAQ,Lucknow,2000,1600,1800,Uttar Pradesh,Tomato
16/08/2018,Tomato,78,Lucknow,FAQ,Lucknow,2000,1800,1900,Uttar Pradesh,Tomato
14/08/2018,Tomato,78,Lucknow,FAQ,Lucknow,2000,1800,1900,Uttar Pradesh,Tomato
13/08/2018,Tomato,78,Lucknow,FAQ,Lucknow,2400,1900,2000,Uttar Pradesh,Tomato
12/08/2018,Tomato,78,Lucknow,FAQ,Lucknow,2400,1900,2225,Uttar Pradesh,Tomato
11/08/2018,Tomato,78,Lucknow,FAQ,Lucknow,2200,1850,2050,Uttar Pradesh,Tomato
10/08/2018,Tomato,78,Lucknow,FAQ,Lucknow,2200,1800,2000,Uttar Pradesh,Tomato
09/08/2018,Tomato,78,Lucknow,FAQ,Lucknow,2200,1800,2000,Uttar Pradesh,Tomato
08/08/2018,Tomato,78,Lucknow,FAQ,Lucknow,2200,1800,2000,Uttar Pradesh,Tomato
07/08/2018,Tomato,78,Lucknow,FAQ,Lucknow,2200,1800,2000,Uttar Pradesh,Tomato
06/08/2018,Tomato,78,Lucknow,FAQ,Lucknow,2200,1800,2000,Uttar Pradesh,Tomato
05/08/2018,Tomato,78,Lucknow,FAQ,Lucknow,2200,2000,2100,Uttar Pradesh,Tomato
04/08/2018,Tomato,78,Lucknow,FAQ,Lucknow,2500,2200,2300,Uttar Pradesh,Tomato
03/08/2018,Tomato,78,Lucknow,FAQ,Lucknow,2400,2100,2200,Uttar Pradesh,Tomato
02/08/2018,Tomato,78,Lucknow,FAQ,Lucknow,2400,2100,2200,Uttar Pradesh,Tomato
01/08/2018,Tomato,78,Lucknow,FAQ,Lucknow,2500,2200,2400,Uttar Pradesh,Tomato
30/07/2018,Tomato,78,Lucknow,FAQ,Lucknow,2600,2400,2500,Uttar Pradesh,Tomato
29/07/2018,Tomato,78,Lucknow,FAQ,Lucknow,2600,2400,2500,Uttar Pradesh,Tomato
28/07/2018,Tomato,78,Lucknow,FAQ,Lucknow,2500,2300,2400,Uttar Pradesh,Tomato
27/07/2018,Tomato,78,Lucknow,FAQ,Lucknow,2550,2300,2450,Uttar Pradesh,Tomato
26/07/2018,Tomato,78,Lucknow,FAQ,Lucknow,2500,2300,2400,Uttar Pradesh,Tomato
25/07/2018,Tomato,78,Lucknow,FAQ,Lucknow,2600,2200,2400,Uttar Pradesh,Tomato
24/07/2018,Tomato,78,Lucknow,FAQ,Lucknow,2500,2200,2400,Uttar Pradesh,Tomato
23/07/2018,Tomato,78,Lucknow,FAQ,Lucknow,2600,2400,2500,Uttar Pradesh,Tomato
22/07/2018,Tomato,78,Lucknow,FAQ,Lucknow,2600,2400,2500,Uttar Pradesh,Tomato
21/07/2018,Tomato,78,Lucknow,FAQ,Lucknow,2500,2300,2400,Uttar Pradesh,Tomato
20/07/2018,Tomato,78,Lucknow,FAQ,Lucknow,2500,2200,2300,Uttar Pradesh,Tomato
19/07/2018,Tomato,78,Lucknow,FAQ,Lucknow,2500,2200,2300,Uttar Pradesh,Tomato
18/07/2018,Tomato,78,Lucknow,FAQ,Lucknow,2350,2100,2250,Uttar Pradesh,Tomato
17/07/2018,Tomato,78,Lucknow,FAQ,Lucknow,2300,2100,2200,Uttar Pradesh,Tomato
16/07/2018,Tomato,78,Lucknow,FAQ,Lucknow,2300,2100,2200,Uttar Pradesh,Tomato
15/07/2018,Tomato,78,Lucknow,FAQ,Lucknow,2250,2000,2150,Uttar Pradesh,Tomato
14/07/2018,Tomato,78,Lucknow,FAQ,Lucknow,2200,2000,2100,Uttar Pradesh,Tomato
13/07/2018,Tomato,78,Lucknow,FAQ,Lucknow,2200,1800,2000,Uttar Pradesh,Tomato
12/07/2018,Tomato,78,Lucknow,FAQ,Lucknow,2300,2000,2100,Uttar Pradesh,Tomato
11/07/2018,Tomato,78,Lucknow,FAQ,Lucknow,2200,2000,2100,Uttar Pradesh,Tomato
10/07/2018,Tomato,78,Lucknow,FAQ,Lucknow,2100,1800,2000,Uttar Pradesh,Tomato
09/07/2018,Tomato,78,Lucknow,FAQ,Lucknow,2100,1900,2000,Uttar Pradesh,Tomato
08/07/2018,Tomato,78,Lucknow,FAQ,Lucknow,2200,1900,2000,Uttar Pradesh,Tomato
07/07/2018,Tomato,78,Lucknow,FAQ,Lucknow,2200,1800,2000,Uttar Pradesh,Tomato
06/07/2018,Tomato,78,Lucknow,FAQ,Lucknow,2200,1900,2000,Uttar Pradesh,Tomato
04/07/2018,Tomato,78,Lucknow,FAQ,Lucknow,2000,1800,1850,Uttar Pradesh,Tomato
03/07/2018,Tomato,78,Lucknow,FAQ,Lucknow,2000,1600,1800,Uttar Pradesh,Tomato
29/06/2018,Tomato,78,Lucknow,FAQ,Lucknow,1700,1500,1600,Uttar Pradesh,Tomato
27/06/2018,Tomato,78,Lucknow,FAQ,Lucknow,1600,1400,1500,Uttar Pradesh,Tomato
26/06/2018,Tomato,78,Lucknow,FAQ,Lucknow,1600,1400,1500,Uttar Pradesh,Tomato
24/06/2018,Tomato,78,Lucknow,FAQ,Lucknow,1600,1400,1500,Uttar Pradesh,Tomato
22/06/2018,Tomato,78,Lucknow,FAQ,Lucknow,1500,1400,1450,Uttar Pradesh,Tomato
21/06/2018,Tomato,78,Lucknow,FAQ,Lucknow,1700,1500,1600,Uttar Pradesh,Tomato
20/06/2018,Tomato,78,Lucknow,FAQ,Lucknow,1600,1400,1500,Uttar Pradesh,Tomato
19/06/2018,Tomato,78,Lucknow,FAQ,Lucknow,1500,1300,1400,Uttar Pradesh,Tomato
18/06/2018,Tomato,78,Lucknow,FAQ,Lucknow,1400,1200,1300,Uttar Pradesh,Tomato
15/06/2018,Tomato,78,Lucknow,FAQ,Lucknow,1300,1000,1200,Uttar Pradesh,Tomato
14/06/2018,Tomato,78,Lucknow,FAQ,Lucknow,1200,1000,1100,Uttar Pradesh,Tomato
13/06/2018,Tomato,78,Lucknow,FAQ,Lucknow,1100,900,1000,Uttar Pradesh,Tomato
12/06/2018,Tomato,78,Lucknow,FAQ,Lucknow,1100,900,1000,Uttar Pradesh,Tomato
11/06/2018,Tomato,78,Lucknow,FAQ,Lucknow,1100,900,1000,Uttar Pradesh,Tomato
10/06/2018,Tomato,78,Lucknow,FAQ,Lucknow,1100,900,1000,Uttar Pradesh,Tomato
09/06/2018,Tomato,78,Lucknow,FAQ,Lucknow,1100,900,1000,Uttar Pradesh,Tomato
08/06/2018,Tomato,78,Lucknow,FAQ,Lucknow,1000,800,900,Uttar Pradesh,Tomato
07/06/2018,Tomato,78,Lucknow,FAQ,Lucknow,1000,800,900,Uttar Pradesh,Tomato
06/06/2018,Tomato,78,Lucknow,FAQ,Lucknow,900,700,800,Uttar Pradesh,Tomato
05/06/2018,Tomato,78,Lucknow,FAQ,Lucknow,900,700,800,Uttar Pradesh,Tomato
04/06/2018,Tomato,78,Lucknow,FAQ,Lucknow,900,700,800,Uttar Pradesh,Tomato
03/06/2018,Tomato,78,Lucknow,FAQ,Lucknow,900,700,800,Uttar Pradesh,Tomato
02/06/2018,Tomato,78,Lucknow,FAQ,Lucknow,900,700,800,Uttar Pradesh,Tomato
01/06/2018,Tomato,78,Lucknow,FAQ,Lucknow,900,700,800,Uttar Pradesh,Tomato
30/05/2018,Tomato,78,Lucknow,FAQ,Lucknow,800,700,750,Uttar Pradesh,Tomato
29/05/2018,Tomato,78,Lucknow,FAQ,Lucknow,800,600,700,Uttar Pradesh,Tomato
28/05/2018,Tomato,78,Lucknow,FAQ,Lucknow,900,700,800,Uttar Pradesh,Tomato
27/05/2018,Tomato,78,Lucknow,FAQ,Lucknow,800,650,750,Uttar Pradesh,Tomato
26/05/2018,Tomato,78,Lucknow,FAQ,Lucknow,800,600,700,Uttar Pradesh,Tomato
25/05/2018,Tomato,78,Lucknow,FAQ,Lucknow,800,600,700,Uttar Pradesh,Tomato
24/05/2018,Tomato,78,Lucknow,FAQ,Lucknow,800,600,700,Uttar Pradesh,Tomato
23/05/2018,Tomato,78,Lucknow,FAQ,Lucknow,800,500,600,Uttar Pradesh,Tomato
22/05/2018,Tomato,78,Lucknow,FAQ,Lucknow,800,600,700,Uttar Pradesh,Tomato
21/05/2018,Tomato,78,Lucknow,FAQ,Lucknow,800,600,700,Uttar Pradesh,Tomato
20/05/2018,Tomato,78,Lucknow,FAQ,Lucknow,800,600,700,Uttar Pradesh,Tomato
19/05/2018,Tomato,78,Lucknow,FAQ,Lucknow,800,600,700,Uttar Pradesh,Tomato
18/05/2018,Tomato,78,Lucknow,FAQ,Lucknow,900,600,700,Uttar Pradesh,Tomato
17/05/2018,Tomato,78,Lucknow,FAQ,Lucknow,800,600,700,Uttar Pradesh,Tomato
16/05/2018,Tomato,78,Lucknow,FAQ,Lucknow,900,700,800,Uttar Pradesh,Tomato
15/05/2018,Tomato,78,Lucknow,FAQ,Lucknow,900,700,800,Uttar Pradesh,Tomato
14/05/2018,Tomato,78,Lucknow,FAQ,Lucknow,800,600,700,Uttar Pradesh,Tomato
13/05/2018,Tomato,78,Lucknow,FAQ,Lucknow,800,600,700,Uttar Pradesh,Tomato
12/05/2018,Tomato,78,Lucknow,FAQ,Lucknow,800,600,700,Uttar Pradesh,Tomato
11/05/2018,Tomato,78,Lucknow,FAQ,Lucknow,800,600,700,Uttar Pradesh,Tomato
10/05/2018,Tomato,78,Lucknow,FAQ,Lucknow,800,600,700,Uttar Pradesh,Tomato
09/05/2018,Tomato,78,Lucknow,FAQ,Lucknow,700,500,600,Uttar Pradesh,Tomato
08/05/2018,Tomato,78,Lucknow,FAQ,Lucknow,750,600,650,Uttar Pradesh,Tomato
07/05/2018,Tomato,78,Lucknow,FAQ,Lucknow,750,600,650,Uttar Pradesh,Tomato
05/05/2018,Tomato,78,Lucknow,FAQ,Lucknow,700,500,600,Uttar Pradesh,Tomato
04/05/2018,Tomato,78,Lucknow,FAQ,Lucknow,600,400,500,Uttar Pradesh,Tomato
03/05/2018,Tomato,78,Lucknow,FAQ,Lucknow,700,400,560,Uttar Pradesh,Tomato
02/05/2018,Tomato,78,Lucknow,FAQ,Lucknow,800,600,700,Uttar Pradesh,Tomato
28/04/2018,Tomato,78,Lucknow,FAQ,Lucknow,700,500,600,Uttar Pradesh,Tomato
27/04/2018,Tomato,78,Lucknow,FAQ,Lucknow,800,600,700,Uttar Pradesh,Tomato
26/04/2018,Tomato,78,Lucknow,FAQ,Lucknow,900,700,800,Uttar Pradesh,Tomato
25/04/2018,Tomato,78,Lucknow,FAQ,Lucknow,1000,700,850,Uttar Pradesh,Tomato
24/04/2018,Tomato,78,Lucknow,FAQ,Lucknow,800,600,700,Uttar Pradesh,Tomato
21/04/2018,Tomato,78,Lucknow,FAQ,Lucknow,800,600,750,Uttar Pradesh,Tomato
20/04/2018,Tomato,78,Lucknow,FAQ,Lucknow,800,600,700,Uttar Pradesh,Tomato
19/04/2018,Tomato,78,Lucknow,FAQ,Lucknow,800,600,700,Uttar Pradesh,Tomato
18/04/2018,Tomato,78,Lucknow,FAQ,Lucknow,900,700,800,Uttar Pradesh,Tomato
17/04/2018,Tomato,78,Lucknow,FAQ,Lucknow,800,600,700,Uttar Pradesh,Tomato
16/04/2018,Tomato,78,Lucknow,FAQ,Lucknow,600,400,500,Uttar Pradesh,Tomato
13/04/2018,Tomato,78,Lucknow,FAQ,Lucknow,900,700,800,Uttar Pradesh,Tomato
12/04/2018,Tomato,78,Lucknow,FAQ,Lucknow,900,700,800,Uttar Pradesh,Tomato
11/04/2018,Tomato,78,Lucknow,FAQ,Lucknow,900,700,800,Uttar Pradesh,Tomato
10/04/2018,Tomato,78,Lucknow,FAQ,Lucknow,1000,800,900,Uttar Pradesh,Tomato
09/04/2018,Tomato,78,Lucknow,FAQ,Lucknow,1000,700,800,Uttar Pradesh,Tomato
08/04/2018,Tomato,78,Lucknow,FAQ,Lucknow,900,700,800,Uttar Pradesh,Tomato
07/04/2018,Tomato,78,Lucknow,FAQ,Lucknow,1100,800,1000,Uttar Pradesh,Tomato
06/04/2018,Tomato,78,Lucknow,FAQ,Lucknow,1100,800,1000,Uttar Pradesh,Tomato
05/04/2018,Tomato,78,Lucknow,FAQ,Lucknow,1100,800,1000,Uttar Pradesh,Tomato
04/04/2018,Tomato,78,Lucknow,FAQ,Lucknow,1100,900,1000,Uttar Pradesh,Tomato
03/04/2018,Tomato,78,Lucknow,FAQ,Lucknow,1200,800,1000,Uttar Pradesh,Tomato
02/04/2018,Tomato,78,Lucknow,FAQ,Lucknow,1100,900,1000,Uttar Pradesh,Tomato
01/04/2018,Tomato,78,Lucknow,FAQ,Lucknow,1000,800,900,Uttar Pradesh,Tomato
30/03/2018,Tomato,78,Lucknow,FAQ,Lucknow,1000,800,900,Uttar Pradesh,Tomato
29/03/2018,Tomato,78,Lucknow,FAQ,Lucknow,900,800,850,Uttar Pradesh,Tomato
28/03/2018,Tomato,78,Lucknow,FAQ,Lucknow,1000,700,800,Uttar Pradesh,Tomato
27/03/2018,Tomato,78,Lucknow,FAQ,Lucknow,1000,800,900,Uttar Pradesh,Tomato
26/03/2018,Tomato,78,Lucknow,FAQ,Lucknow,950,750,850,Uttar Pradesh,Tomato
25/03/2018,Tomato,78,Lucknow,FAQ,Lucknow,900,700,800,Uttar Pradesh,Tomato
24/03/2018,Tomato,78,Lucknow,FAQ,Lucknow,850,700,750,Uttar Pradesh,Tomato
23/03/2018,Tomato,78,Lucknow,FAQ,Lucknow,850,650,750,Uttar Pradesh,Tomato
22/03/2018,Tomato,78,Lucknow,FAQ,Lucknow,800,600,700,Uttar Pradesh,Tomato
21/03/2018,Tomato,78,Lucknow,FAQ,Lucknow,800,600,700,Uttar Pradesh,Tomato
20/03/2018,Tomato,78,Lucknow,FAQ,Lucknow,700,500,600,Uttar Pradesh,Tomato
19/03/2018,Tomato,78,Lucknow,FAQ,Lucknow,800,600,700,Uttar Pradesh,Tomato
18/03/2018,Tomato,78,Lucknow,FAQ,Lucknow,700,500,600,Uttar Pradesh,Tomato
17/03/2018,Tomato,78,Lucknow,FAQ,Lucknow,650,500,550,Uttar Pradesh,Tomato
16/03/2018,Tomato,78,Lucknow,FAQ,Lucknow,600,400,500,Uttar Pradesh,Tomato
15/03/2018,Tomato,78,Lucknow,FAQ,Lucknow,600,400,500,Uttar Pradesh,Tomato
14/03/2018,Tomato,78,Lucknow,FAQ,Lucknow,600,400,500,Uttar Pradesh,Tomato
13/03/2018,Tomato,78,Lucknow,FAQ,Lucknow,600,400,500,Uttar Pradesh,Tomato
12/03/2018,Tomato,78,Lucknow,FAQ,Lucknow,700,500,600,Uttar Pradesh,Tomato
08/03/2018,Tomato,78,Lucknow,FAQ,Lucknow,700,500,600,Uttar Pradesh,Tomato
07/03/2018,Tomato,78,Lucknow,FAQ,Lucknow,700,500,600,Uttar Pradesh,Tomato
06/03/2018,Tomato,78,Lucknow,FAQ,Lucknow,700,500,600,Uttar Pradesh,Tomato
05/03/2018,Tomato,78,Lucknow,FAQ,Lucknow,700,600,650,Uttar Pradesh,Tomato
04/03/2018,Tomato,78,Lucknow,FAQ,Lucknow,800,600,700,Uttar Pradesh,Tomato
03/03/2018,Tomato,78,Lucknow,FAQ,Lucknow,850,650,750,Uttar Pradesh,Tomato
27/02/2018,Tomato,78,Lucknow,FAQ,Lucknow,800,600,700,Uttar Pradesh,Tomato
26/02/2018,Tomato,78,Lucknow,FAQ,Lucknow,800,600,700,Uttar Pradesh,Tomato
25/02/2018,Tomato,78,Lucknow,FAQ,Lucknow,800,600,700,Uttar Pradesh,Tomato
24/02/2018,Tomato,78,Lucknow,FAQ,Lucknow,800,600,700,Uttar Pradesh,Tomato
23/02/2018,Tomato,78,Lucknow,FAQ,Lucknow,800,600,700,Uttar Pradesh,Tomato
22/02/2018,Tomato,78,Lucknow,FAQ,Lucknow,800,600,700,Uttar Pradesh,Tomato
21/02/2018,Tomato,78,Lucknow,FAQ,Lucknow,700,600,650,Uttar Pradesh,Tomato
20/02/2018,Tomato,78,Lucknow,FAQ,Lucknow,700,500,600,Uttar Pradesh,Tomato
19/02/2018,Tomato,78,Lucknow,FAQ,Lucknow,700,600,650,Uttar Pradesh,Tomato
18/02/2018,Tomato,78,Lucknow,FAQ,Lucknow,700,500,600,Uttar Pradesh,Tomato
17/02/2018,Tomato,78,Lucknow,FAQ,Lucknow,850,600,660,Uttar Pradesh,Tomato
16/02/2018,Tomato,78,Lucknow,FAQ,Lucknow,800,600,700,Uttar Pradesh,Tomato
13/02/2018,Tomato,78,Lucknow,FAQ,Lucknow,900,700,800,Uttar Pradesh,Tomato
12/02/2018,Tomato,78,Lucknow,FAQ,Lucknow,850,700,750,Uttar Pradesh,Tomato
11/02/2018,Tomato,78,Lucknow,FAQ,Lucknow,900,700,800,Uttar Pradesh,Tomato
10/02/2018,Tomato,78,Lucknow,FAQ,Lucknow,900,700,800,Uttar Pradesh,Tomato
09/02/2018,Tomato,78,Lucknow,FAQ,Lucknow,800,700,750,Uttar Pradesh,Tomato
08/02/2018,Tomato,78,Lucknow,FAQ,Lucknow,800,600,700,Uttar Pradesh,Tomato
07/02/2018,Tomato,78,Lucknow,FAQ,Lucknow,900,700,775,Uttar Pradesh,Tomato
06/02/2018,Tomato,78,Lucknow,FAQ,Lucknow,850,700,750,Uttar Pradesh,Tomato
05/02/2018,Tomato,78,Lucknow,FAQ,Lucknow,950,800,850,Uttar Pradesh,Tomato
04/02/2018,Tomato,78,Lucknow,FAQ,Lucknow,1000,700,800,Uttar Pradesh,Tomato
03/02/2018,Tomato,78,Lucknow,FAQ,Lucknow,1000,800,900,Uttar Pradesh,Tomato
02/02/2018,Tomato,78,Lucknow,FAQ,Lucknow,900,800,850,Uttar Pradesh,Tomato
01/02/2018,Tomato,78,Lucknow,FAQ,Lucknow,1000,800,900,Uttar Pradesh,Tomato
30/01/2018,Tomato,78,Lucknow,FAQ,Lucknow,1100,900,1000,Uttar Pradesh,Tomato
29/01/2018,Tomato,78,Lucknow,FAQ,Lucknow,1100,900,1000,Uttar Pradesh,Tomato
28/01/2018,Tomato,78,Lucknow,FAQ,Lucknow,1050,850,1000,Uttar Pradesh,Tomato
27/01/2018,Tomato,78,Lucknow,FAQ,Lucknow,1100,900,1000,Uttar Pradesh,Tomato
25/01/2018,Tomato,78,Lucknow,FAQ,Lucknow,1050,800,900,Uttar Pradesh,Tomato
24/01/2018,Tomato,78,Lucknow,FAQ,Lucknow,1050,800,900,Uttar Pradesh,Tomato
23/01/2018,Tomato,78,Lucknow,FAQ,Lucknow,1100,900,1000,Uttar Pradesh,Tomato
22/01/2018,Tomato,78,Lucknow,FAQ,Lucknow,1150,1000,1050,Uttar Pradesh,Tomato
21/01/2018,Tomato,78,Lucknow,FAQ,Lucknow,1100,900,1000,Uttar Pradesh,Tomato
20/01/2018,Tomato,78,Lucknow,FAQ,Lucknow,1150,1000,1100,Uttar Pradesh,Tomato
19/01/2018,Tomato,78,Lucknow,FAQ,Lucknow,1200,1000,1100,Uttar Pradesh,Tomato
18/01/2018,Tomato,78,Lucknow,FAQ,Lucknow,1200,1000,1100,Uttar Pradesh,Tomato
17/01/2018,Tomato,78,Lucknow,FAQ,Lucknow,1150,900,1000,Uttar Pradesh,Tomato
16/01/2018,Tomato,78,Lucknow,FAQ,Lucknow,1100,900,1000,Uttar Pradesh,Tomato
15/01/2018,Tomato,78,Lucknow,FAQ,Lucknow,1150,950,1050,Uttar Pradesh,Tomato
14/01/2018,Tomato,78,Lucknow,FAQ,Lucknow,1200,1000,1100,Uttar Pradesh,Tomato
13/01/2018,Tomato,78,Lucknow,FAQ,Lucknow,1200,1000,1100,Uttar Pradesh,Tomato
12/01/2018,Tomato,78,Lucknow,FAQ,Lucknow,1150,950,1050,Uttar Pradesh,Tomato
11/01/2018,Tomato,78,Lucknow,FAQ,Lucknow,1100,900,1000,Uttar Pradesh,Tomato
10/01/2018,Tomato,78,Lucknow,FAQ,Lucknow,1100,900,1000,Uttar Pradesh,Tomato
09/01/2018,Tomato,78,Lucknow,FAQ,Lucknow,1100,900,1000,Uttar Pradesh,Tomato
08/01/2018,Tomato,78,Lucknow,FAQ,Lucknow,1200,1000,1100,Uttar Pradesh,Tomato
07/01/2018,Tomato,78,Lucknow,FAQ,Lucknow,1250,1000,1100,Uttar Pradesh,Tomato
06/01/2018,Tomato,78,Lucknow,FAQ,Lucknow,1200,1050,1150,Uttar Pradesh,Tomato
05/01/2018,Tomato,78,Lucknow,FAQ,Lucknow,1200,1000,1100,Uttar Pradesh,Tomato
04/01/2018,Tomato,78,Lucknow,FAQ,Lucknow,1200,1000,1100,Uttar Pradesh,Tomato
03/01/2018,Tomato,78,Lucknow,FAQ,Lucknow,1200,1000,1100,Uttar Pradesh,Tomato
02/01/2018,Tomato,78,Lucknow,FAQ,Lucknow,1100,950,1050,Uttar Pradesh,Tomato
01/01/2018,Tomato,78,Lucknow,FAQ,Lucknow,1100,800,900,Uttar Pradesh,Tomato
30/12/2017,Tomato,78,Lucknow,FAQ,Lucknow,1050,850,950,Uttar Pradesh,Tomato
29/12/2017,Tomato,78,Lucknow,FAQ,Lucknow,1000,800,900,Uttar Pradesh,Tomato
28/12/2017,Tomato,78,Lucknow,FAQ,Lucknow,1000,800,900,Uttar Pradesh,Tomato
27/12/2017,Tomato,78,Lucknow,FAQ,Lucknow,1300,1100,1200,Uttar Pradesh,Tomato
26/12/2017,Tomato,78,Lucknow,FAQ,Lucknow,1300,1000,1200,Uttar Pradesh,Tomato
25/12/2017,Tomato,78,Lucknow,FAQ,Lucknow,1250,1000,1150,Uttar Pradesh,Tomato
24/12/2017,Tomato,78,Lucknow,FAQ,Lucknow,1200,1000,1100,Uttar Pradesh,Tomato
23/12/2017,Tomato,78,Lucknow,FAQ,Lucknow,1250,1000,1100,Uttar Pradesh,Tomato
22/12/2017,Tomato,78,Lucknow,FAQ,Lucknow,1200,900,1000,Uttar Pradesh,Tomato
21/12/2017,Tomato,78,Lucknow,FAQ,Lucknow,1250,1000,1100,Uttar Pradesh,Tomato
20/12/2017,Tomato,78,Lucknow,FAQ,Lucknow,1350,1100,1250,Uttar Pradesh,Tomato
19/12/2017,Tomato,78,Lucknow,FAQ,Lucknow,1400,1200,1300,Uttar Pradesh,Tomato
18/12/2017,Tomato,78,Lucknow,FAQ,Lucknow,1600,1200,1500,Uttar Pradesh,Tomato
17/12/2017,Tomato,78,Lucknow,FAQ,Lucknow,1800,1600,1700,Uttar Pradesh,Tomato
16/12/2017,Tomato,78,Lucknow,FAQ,Lucknow,2000,1800,1900,Uttar Pradesh,Tomato
15/12/2017,Tomato,78,Lucknow,FAQ,Lucknow,2200,1800,2000,Uttar Pradesh,Tomato
14/12/2017,Tomato,78,Lucknow,FAQ,Lucknow,2400,2100,2200,Uttar Pradesh,Tomato
13/12/2017,Tomato,78,Lucknow,FAQ,Lucknow,2600,2200,2400,Uttar Pradesh,Tomato
12/12/2017,Tomato,78,Lucknow,FAQ,Lucknow,2600,2400,2500,Uttar Pradesh,Tomato
11/12/2017,Tomato,78,Lucknow,FAQ,Lucknow,2700,2400,2500,Uttar Pradesh,Tomato
10/12/2017,Tomato,78,Lucknow,FAQ,Lucknow,2650,2400,2500,Uttar Pradesh,Tomato
09/12/2017,Tomato,78,Lucknow,FAQ,Lucknow,2600,2400,2500,Uttar Pradesh,Tomato
08/12/2017,Tomato,78,Lucknow,FAQ,Lucknow,2700,2500,2600,Uttar Pradesh,Tomato
07/12/2017,Tomato,78,Lucknow,FAQ,Lucknow,2900,2600,2700,Uttar Pradesh,Tomato
06/12/2017,Tomato,78,Lucknow,FAQ,Lucknow,2900,2600,2700,Uttar Pradesh,Tomato
05/12/2017,Tomato,78,Lucknow,FAQ,Lucknow,3000,2700,2800,Uttar Pradesh,Tomato
04/12/2017,Tomato,78,Lucknow,FAQ,Lucknow,2900,2650,2800,Uttar Pradesh,Tomato
03/12/2017,Tomato,78,Lucknow,FAQ,Lucknow,2900,2700,2800,Uttar Pradesh,Tomato
02/12/2017,Tomato,78,Lucknow,FAQ,Lucknow,2900,2650,2800,Uttar Pradesh,Tomato
01/12/2017,Tomato,78,Lucknow,FAQ,Lucknow,3200,2800,3000,Uttar Pradesh,Tomato
29/11/2017,Tomato,78,Lucknow,FAQ,Lucknow,3300,3000,3200,Uttar Pradesh,Tomato
28/11/2017,Tomato,78,Lucknow,FAQ,Lucknow,3300,3000,3150,Uttar Pradesh,Tomato
27/11/2017,Tomato,78,Lucknow,FAQ,Lucknow,3300,3000,3100,Uttar Pradesh,Tomato
25/11/2017,Tomato,78,Lucknow,FAQ,Lucknow,3000,2800,2960,Uttar Pradesh,Tomato
22/11/2017,Tomato,78,Lucknow,FAQ,Lucknow,3100,2800,2900,Uttar Pradesh,Tomato
21/11/2017,Tomato,78,Lucknow,FAQ,Lucknow,3100,2800,2950,Uttar Pradesh,Tomato
20/11/2017,Tomato,78,Lucknow,FAQ,Lucknow,3100,2800,2900,Uttar Pradesh,Tomato
19/11/2017,Tomato,78,Lucknow,FAQ,Lucknow,3200,2900,3000,Uttar Pradesh,Tomato
18/11/2017,Tomato,78,Lucknow,FAQ,Lucknow,3200,2800,2950,Uttar Pradesh,Tomato
17/11/2017,Tomato,78,Lucknow,FAQ,Lucknow,2950,2700,2850,Uttar Pradesh,Tomato
16/11/2017,Tomato,78,Lucknow,FAQ,Lucknow,3300,2800,3000,Uttar Pradesh,Tomato
15/11/2017,Tomato,78,Lucknow,FAQ,Lucknow,3300,2900,3000,Uttar Pradesh,Tomato
14/11/2017,Tomato,78,Lucknow,FAQ,Lucknow,3200,2800,2950,Uttar Pradesh,Tomato
13/11/2017,Tomato,78,Lucknow,FAQ,Lucknow,3000,2700,2800,Uttar Pradesh,Tomato
10/11/2017,Tomato,78,Lucknow,FAQ,Lucknow,2650,2400,2550,Uttar Pradesh,Tomato
09/11/2017,Tomato,78,Lucknow,FAQ,Lucknow,2650,2400,2500,Uttar Pradesh,Tomato
08/11/2017,Tomato,78,Lucknow,FAQ,Lucknow,2700,2400,2500,Uttar Pradesh,Tomato
07/11/2017,Tomato,78,Lucknow,FAQ,Lucknow,2800,2350,2500,Uttar Pradesh,Tomato
06/11/2017,Tomato,78,Lucknow,FAQ,Lucknow,2550,2300,2400,Uttar Pradesh,Tomato
05/11/2017,Tomato,78,Lucknow,FAQ,Lucknow,2450,2300,2350,Uttar Pradesh,Tomato
04/11/2017,Tomato,78,Lucknow,FAQ,Lucknow,2500,2200,2300,Uttar Pradesh,Tomato
03/11/2017,Tomato,78,Lucknow,FAQ,Lucknow,2450,2200,2300,Uttar Pradesh,Tomato
02/11/2017,Tomato,78,Lucknow,FAQ,Lucknow,2350,2100,2250,Uttar Pradesh,Tomato
01/11/2017,Tomato,78,Lucknow,FAQ,Lucknow,2350,2100,2200,Uttar Pradesh,Tomato
30/10/2017,Tomato,78,Lucknow,FAQ,Lucknow,2400,2100,2200,Uttar Pradesh,Tomato
29/10/2017,Tomato,78,Lucknow,FAQ,Lucknow,2200,2000,2100,Uttar Pradesh,Tomato
28/10/2017,Tomato,78,Lucknow,FAQ,Lucknow,2350,2100,2200,Uttar Pradesh,Tomato
27/10/2017,Tomato,78,Lucknow,FAQ,Lucknow,2350,2100,2150,Uttar Pradesh,Tomato
26/10/2017,Tomato,78,Lucknow,FAQ,Lucknow,2200,1900,2000,Uttar Pradesh,Tomato
25/10/2017,Tomato,78,Lucknow,FAQ,Lucknow,2250,1900,2000,Uttar Pradesh,Tomato
24/10/2017,Tomato,78,Lucknow,FAQ,Lucknow,2100,1800,1900,Uttar Pradesh,Tomato
22/10/2017,Tomato,78,Lucknow,FAQ,Lucknow,2000,1800,1900,Uttar Pradesh,Tomato
21/10/2017,Tomato,78,Lucknow,FAQ,Lucknow,2000,1800,1900,Uttar Pradesh,Tomato
18/10/2017,Tomato,78,Lucknow,FAQ,Lucknow,1950,1800,1860,Uttar Pradesh,Tomato
17/10/2017,Tomato,78,Lucknow,FAQ,Lucknow,1850,1500,1750,Uttar Pradesh,Tomato
16/10/2017,Tomato,78,Lucknow,FAQ,Lucknow,1750,1600,1680,Uttar Pradesh,Tomato
13/10/2017,Tomato,78,Lucknow,FAQ,Lucknow,1750,1500,1650,Uttar Pradesh,Tomato
12/10/2017,Tomato,78,Lucknow,FAQ,Lucknow,1650,1500,1550,Uttar Pradesh,Tomato
11/10/2017,Tomato,78,Lucknow,FAQ,Lucknow,1750,1500,1600,Uttar Pradesh,Tomato
10/10/2017,Tomato,78,Lucknow,FAQ,Lucknow,1800,1500,1600,Uttar Pradesh,Tomato
09/10/2017,Tomato,78,Lucknow,FAQ,Lucknow,1675,1400,1500,Uttar Pradesh,Tomato
08/10/2017,Tomato,78,Lucknow,FAQ,Lucknow,1600,1400,1475,Uttar Pradesh,Tomato
07/10/2017,Tomato,78,Lucknow,FAQ,Lucknow,1550,1350,1450,Uttar Pradesh,Tomato
06/10/2017,Tomato,78,Lucknow,FAQ,Lucknow,1550,1300,1450,Uttar Pradesh,Tomato
05/10/2017,Tomato,78,Lucknow,FAQ,Lucknow,1450,1350,1400,Uttar Pradesh,Tomato
04/10/2017,Tomato,78,Lucknow,FAQ,Lucknow,1450,1250,1350,Uttar Pradesh,Tomato
03/10/2017,Tomato,78,Lucknow,FAQ,Lucknow,1300,1100,1200,Uttar Pradesh,Tomato
28/09/2017,Tomato,78,Lucknow,FAQ,Lucknow,1250,1050,1150,Uttar Pradesh,Tomato
27/09/2017,Tomato,78,Lucknow,FAQ,Lucknow,1400,1200,1300,Uttar Pradesh,Tomato
26/09/2017,Tomato,78,Lucknow,FAQ,Lucknow,1560,1400,1550,Uttar Pradesh,Tomato
25/09/2017,Tomato,78,Lucknow,FAQ,Lucknow,1900,1600,1800,Uttar Pradesh,Tomato
24/09/2017,Tomato,78,Lucknow,FAQ,Lucknow,2000,1600,1900,Uttar Pradesh,Tomato
23/09/2017,Tomato,78,Lucknow,FAQ,Lucknow,2050,1800,1900,Uttar Pradesh,Tomato
22/09/2017,Tomato,78,Lucknow,FAQ,Lucknow,1920,1760,1860,Uttar Pradesh,Tomato
21/09/2017,Tomato,78,Lucknow,FAQ,Lucknow,1900,1800,1850,Uttar Pradesh,Tomato
20/09/2017,Tomato,78,Lucknow,FAQ,Lucknow,2100,1900,2000,Uttar Pradesh,Tomato
19/09/2017,Tomato,78,Lucknow,FAQ,Lucknow,2000,1900,1950,Uttar Pradesh,Tomato
18/09/2017,Tomato,78,Lucknow,FAQ,Lucknow,2100,1900,2000,Uttar Pradesh,Tomato
17/09/2017,Tomato,78,Lucknow,FAQ,Lucknow,2250,2100,2200,Uttar Pradesh,Tomato
16/09/2017,Tomato,78,Lucknow,FAQ,Lucknow,2400,2200,2300,Uttar Pradesh,Tomato
14/09/2017,Tomato,78,Lucknow,FAQ,Lucknow,2450,2200,2300,Uttar Pradesh,Tomato
13/09/2017,Tomato,78,Lucknow,FAQ,Lucknow,2600,2300,2400,Uttar Pradesh,Tomato
12/09/2017,Tomato,78,Lucknow,FAQ,Lucknow,2550,2400,2450,Uttar Pradesh,Tomato
11/09/2017,Tomato,78,Lucknow,FAQ,Lucknow,2450,2300,2400,Uttar Pradesh,Tomato
10/09/2017,Tomato,78,Lucknow,FAQ,Lucknow,2400,2200,2300,Uttar Pradesh,Tomato
08/09/2017,Tomato,78,Lucknow,FAQ,Lucknow,2300,2200,2280,Uttar Pradesh,Tomato
07/09/2017,Tomato,78,Lucknow,FAQ,Lucknow,2400,2100,2300,Uttar Pradesh,Tomato
06/09/2017,Tomato,78,Lucknow,FAQ,Lucknow,2600,2000,2500,Uttar Pradesh,Tomato
05/09/2017,Tomato,78,Lucknow,FAQ,Lucknow,2850,2650,2750,Uttar Pradesh,Tomato
04/09/2017,Tomato,78,Lucknow,FAQ,Lucknow,3000,2800,2900,Uttar Pradesh,Tomato
03/09/2017,Tomato,78,Lucknow,FAQ,Lucknow,3050,2750,2900,Uttar Pradesh,Tomato
30/08/2017,Tomato,78,Lucknow,FAQ,Lucknow,3000,2800,2900,Uttar Pradesh,Tomato
29/08/2017,Tomato,78,Lucknow,FAQ,Lucknow,3100,2900,3000,Uttar Pradesh,Tomato
28/08/2017,Tomato,78,Lucknow,FAQ,Lucknow,3100,2900,3000,Uttar Pradesh,Tomato
26/08/2017,Tomato,78,Lucknow,FAQ,Lucknow,3200,2900,3000,Uttar Pradesh,Tomato
25/08/2017,Tomato,78,Lucknow,FAQ,Lucknow,3400,3200,3303,Uttar Pradesh,Tomato
24/08/2017,Tomato,78,Lucknow,FAQ,Lucknow,3450,3150,3300,Uttar Pradesh,Tomato
23/08/2017,Tomato,78,Lucknow,FAQ,Lucknow,3500,3300,3400,Uttar Pradesh,Other
22/08/2017,Tomato,78,Lucknow,FAQ,Lucknow,3500,3300,3400,Uttar Pradesh,Tomato
21/08/2017,Tomato,78,Lucknow,FAQ,Lucknow,3600,3400,3500,Uttar Pradesh,Tomato
19/08/2017,Tomato,78,Lucknow,FAQ,Lucknow,3900,3700,3750,Uttar Pradesh,Tomato
18/08/2017,Tomato,78,Lucknow,FAQ,Lucknow,3900,3600,3700,Uttar Pradesh,Tomato
17/08/2017,Tomato,78,Lucknow,FAQ,Lucknow,4000,3700,3800,Uttar Pradesh,Tomato
14/08/2017,Tomato,78,Lucknow,FAQ,Lucknow,4000,3800,3900,Uttar Pradesh,Tomato
13/08/2017,Tomato,78,Lucknow,FAQ,Lucknow,3950,3800,3850,Uttar Pradesh,Tomato
11/08/2017,Tomato,78,Lucknow,FAQ,Lucknow,4000,3600,3800,Uttar Pradesh,Tomato
10/08/2017,Tomato,78,Lucknow,FAQ,Lucknow,4100,3900,4000,Uttar Pradesh,Tomato
09/08/2017,Tomato,78,Lucknow,FAQ,Lucknow,4100,3900,4000,Uttar Pradesh,Tomato
08/08/2017,Tomato,78,Lucknow,FAQ,Lucknow,4100,3800,4000,Uttar Pradesh,Tomato
07/08/2017,Tomato,78,Lucknow,FAQ,Lucknow,4350,4100,4200,Uttar Pradesh,Tomato
06/08/2017,Tomato,78,Lucknow,FAQ,Lucknow,4500,4200,4400,Uttar Pradesh,Tomato
05/08/2017,Tomato,78,Lucknow,FAQ,Lucknow,4650,4200,4500,Uttar Pradesh,Tomato
03/08/2017,Tomato,78,Lucknow,FAQ,Lucknow,4950,4600,4800,Uttar Pradesh,Tomato
02/08/2017,Tomato,78,Lucknow,FAQ,Lucknow,5000,4600,4800,Uttar Pradesh,Tomato
01/08/2017,Tomato,78,Lucknow,FAQ,Lucknow,5100,4800,5000,Uttar Pradesh,Tomato
30/07/2017,Tomato,78,Lucknow,FAQ,Lucknow,5200,4800,5000,Uttar Pradesh,Tomato
29/07/2017,Tomato,78,Lucknow,FAQ,Lucknow,4800,4700,4750,Uttar Pradesh,Tomato
28/07/2017,Tomato,78,Lucknow,FAQ,Lucknow,4900,4600,4800,Uttar Pradesh,Tomato
27/07/2017,Tomato,78,Lucknow,FAQ,Lucknow,4850,4400,4600,Uttar Pradesh,Tomato
26/07/2017,Tomato,78,Lucknow,FAQ,Lucknow,4850,4600,4700,Uttar Pradesh,Tomato
25/07/2017,Tomato,78,Lucknow,FAQ,Lucknow,5000,4500,4650,Uttar Pradesh,Tomato
24/07/2017,Tomato,78,Lucknow,FAQ,Lucknow,4650,4400,4500,Uttar Pradesh,Tomato
23/07/2017,Tomato,78,Lucknow,FAQ,Lucknow,4650,4400,4500,Uttar Pradesh,Tomato
22/07/2017,Tomato,78,Lucknow,FAQ,Lucknow,4850,4400,4500,Uttar Pradesh,Tomato
21/07/2017,Tomato,78,Lucknow,FAQ,Lucknow,4600,4400,4500,Uttar Pradesh,Other
20/07/2017,Tomato,78,Lucknow,FAQ,Lucknow,4750,4500,4660,Uttar Pradesh,Tomato
19/07/2017,Tomato,78,Lucknow,FAQ,Lucknow,5200,4800,5000,Uttar Pradesh,Tomato
18/07/2017,Tomato,78,Lucknow,FAQ,Lucknow,5000,4650,4800,Uttar Pradesh,Tomato
17/07/2017,Tomato,78,Lucknow,FAQ,Lucknow,5100,4800,4900,Uttar Pradesh,Tomato
16/07/2017,Tomato,78,Lucknow,FAQ,Lucknow,5100,4800,4900,Uttar Pradesh,Tomato
15/07/2017,Tomato,78,Lucknow,FAQ,Lucknow,5200,4800,5000,Uttar Pradesh,Tomato
14/07/2017,Tomato,78,Lucknow,FAQ,Lucknow,5200,4900,5000,Uttar Pradesh,Tomato
13/07/2017,Tomato,78,Lucknow,FAQ,Lucknow,5000,4600,4800,Uttar Pradesh,Tomato
12/07/2017,Tomato,78,Lucknow,FAQ,Lucknow,4600,4400,4500,Uttar Pradesh,Tomato
11/07/2017,Tomato,78,Lucknow,FAQ,Lucknow,4300,4000,4200,Uttar Pradesh,Tomato
10/07/2017,Tomato,78,Lucknow,FAQ,Lucknow,4200,3900,4000,Uttar Pradesh,Tomato
09/07/2017,Tomato,78,Lucknow,FAQ,Lucknow,4100,3900,4000,Uttar Pradesh,Tomato
08/07/2017,Tomato,78,Lucknow,FAQ,Lucknow,4000,3650,3800,Uttar Pradesh,Tomato
07/07/2017,Tomato,78,Lucknow,FAQ,Lucknow,3800,3500,3600,Uttar Pradesh,Tomato
06/07/2017,Tomato,78,Lucknow,FAQ,Lucknow,3600,3400,3500,Uttar Pradesh,Tomato
05/07/2017,Tomato,78,Lucknow,FAQ,Lucknow,3100,2900,3000,Uttar Pradesh,Tomato
04/07/2017,Tomato,78,Lucknow,FAQ,Lucknow,2800,2600,2700,Uttar Pradesh,Tomato
03/07/2017,Tomato,78,Lucknow,FAQ,Lucknow,2750,2500,2600,Uttar Pradesh,Tomato
01/07/2017,Tomato,78,Lucknow,FAQ,Lucknow,2650,2400,2500,Uttar Pradesh,Tomato
29/06/2017,Tomato,78,Lucknow,FAQ,Lucknow,2400,2100,2200,Uttar Pradesh,Tomato
28/06/2017,Tomato,78,Lucknow,FAQ,Lucknow,2100,1900,2000,Uttar Pradesh,Tomato
27/06/2017,Tomato,78,Lucknow,FAQ,Lucknow,1900,1500,1750,Uttar Pradesh,Tomato
26/06/2017,Tomato,78,Lucknow,FAQ,Lucknow,1600,1400,1500,Uttar Pradesh,Tomato
25/06/2017,Tomato,78,Lucknow,FAQ,Lucknow,1600,1400,1500,Uttar Pradesh,Tomato
24/06/2017,Tomato,78,Lucknow,FAQ,Lucknow,1500,1300,1400,Uttar Pradesh,Tomato
23/06/2017,Tomato,78,Lucknow,FAQ,Lucknow,1400,1200,1300,Uttar Pradesh,Tomato
22/06/2017,Tomato,78,Lucknow,FAQ,Lucknow,1400,1200,1300,Uttar Pradesh,Tomato
21/06/2017,Tomato,78,Lucknow,FAQ,Lucknow,1300,1100,1200,Uttar Pradesh,Tomato
20/06/2017,Tomato,78,Lucknow,FAQ,Lucknow,1100,900,1000,Uttar Pradesh,Tomato
19/06/2017,Tomato,78,Lucknow,FAQ,Lucknow,1100,900,1000,Uttar Pradesh,Tomato
18/06/2017,Tomato,78,Lucknow,FAQ,Lucknow,1000,800,900,Uttar Pradesh,Tomato
17/06/2017,Tomato,78,Lucknow,FAQ,Lucknow,1000,800,900,Uttar Pradesh,Tomato
16/06/2017,Tomato,78,Lucknow,FAQ,Lucknow,1000,800,900,Uttar Pradesh,Tomato
15/06/2017,Tomato,78,Lucknow,FAQ,Lucknow,900,800,850,Uttar Pradesh,Tomato
14/06/2017,Tomato,78,Lucknow,FAQ,Lucknow,900,750,800,Uttar Pradesh,Tomato
13/06/2017,Tomato,78,Lucknow,FAQ,Lucknow,900,700,800,Uttar Pradesh,Tomato
12/06/2017,Tomato,78,Lucknow,FAQ,Lucknow,825,700,775,Uttar Pradesh,Tomato
11/06/2017,Tomato,78,Lucknow,FAQ,Lucknow,800,700,750,Uttar Pradesh,Tomato
10/06/2017,Tomato,78,Lucknow,FAQ,Lucknow,800,700,750,Uttar Pradesh,Tomato
09/06/2017,Tomato,78,Lucknow,FAQ,Lucknow,800,700,750,Uttar Pradesh,Tomato
08/06/2017,Tomato,78,Lucknow,FAQ,Lucknow,800,600,700,Uttar Pradesh,Tomato
07/06/2017,Tomato,78,Lucknow,FAQ,Lucknow,850,700,800,Uttar Pradesh,Tomato
06/06/2017,Tomato,78,Lucknow,FAQ,Lucknow,800,700,750,Uttar Pradesh,Tomato
05/06/2017,Tomato,78,Lucknow,FAQ,Lucknow,800,700,750,Uttar Pradesh,Tomato
04/06/2017,Tomato,78,Lucknow,FAQ,Lucknow,800,700,750,Uttar Pradesh,Tomato
03/06/2017,Tomato,78,Lucknow,FAQ,Lucknow,750,600,700,Uttar Pradesh,Tomato
02/06/2017,Tomato,78,Lucknow,FAQ,Lucknow,800,700,750,Uttar Pradesh,Tomato
01/06/2017,Tomato,78,Lucknow,FAQ,Lucknow,750,600,700,Uttar Pradesh,Tomato
31/05/2017,Tomato,78,Lucknow,FAQ,Lucknow,800,650,725,Uttar Pradesh,Tomato
30/05/2017,Tomato,78,Lucknow,FAQ,Lucknow,750,600,700,Uttar Pradesh,Tomato
29/05/2017,Tomato,78,Lucknow,FAQ,Lucknow,750,600,700,Uttar Pradesh,Tomato
28/05/2017,Tomato,78,Lucknow,FAQ,Lucknow,800,600,675,Uttar Pradesh,Tomato
27/05/2017,Tomato,78,Lucknow,FAQ,Lucknow,725,600,670,Uttar Pradesh,Tomato
26/05/2017,Tomato,78,Lucknow,FAQ,Lucknow,725,600,675,Uttar Pradesh,Tomato
25/05/2017,Tomato,78,Lucknow,FAQ,Lucknow,700,600,650,Uttar Pradesh,Tomato
24/05/2017,Tomato,78,Lucknow,FAQ,Lucknow,800,600,700,Uttar Pradesh,Tomato
23/05/2017,Tomato,78,Lucknow,FAQ,Lucknow,700,600,650,Uttar Pradesh,Tomato
22/05/2017,Tomato,78,Lucknow,FAQ,Lucknow,700,600,650,Uttar Pradesh,Tomato
21/05/2017,Tomato,78,Lucknow,FAQ,Lucknow,650,500,600,Uttar Pradesh,Tomato
20/05/2017,Tomato,78,Lucknow,FAQ,Lucknow,800,700,725,Uttar Pradesh,Tomato
19/05/2017,Tomato,78,Lucknow,FAQ,Lucknow,750,600,700,Uttar Pradesh,Tomato
18/05/2017,Tomato,78,Lucknow,FAQ,Lucknow,650,500,600,Uttar Pradesh,Tomato
17/05/2017,Tomato,78,Lucknow,FAQ,Lucknow,700,600,650,Uttar Pradesh,Tomato
16/05/2017,Tomato,78,Lucknow,FAQ,Lucknow,650,500,600,Uttar Pradesh,Tomato
15/05/2017,Tomato,78,Lucknow,FAQ,Lucknow,650,500,575,Uttar Pradesh,Tomato
11/05/2017,Tomato,78,Lucknow,FAQ,Lucknow,650,500,575,Uttar Pradesh,Tomato
10/05/2017,Tomato,78,Lucknow,FAQ,Lucknow,650,500,575,Uttar Pradesh,Tomato
09/05/2017,Tomato,78,Lucknow,FAQ,Lucknow,650,500,600,Uttar Pradesh,Tomato
08/05/2017,Tomato,78,Lucknow,FAQ,Lucknow,600,400,500,Uttar Pradesh,Tomato
07/05/2017,Tomato,78,Lucknow,FAQ,Lucknow,650,500,600,Uttar Pradesh,Tomato
06/05/2017,Tomato,78,Lucknow,FAQ,Lucknow,600,400,500,Uttar Pradesh,Tomato
05/05/2017,Tomato,78,Lucknow,FAQ,Lucknow,600,400,500,Uttar Pradesh,Tomato
04/05/2017,Tomato,78,Lucknow,FAQ,Lucknow,650,500,600,Uttar Pradesh,Tomato
03/05/2017,Tomato,78,Lucknow,FAQ,Lucknow,700,500,600,Uttar Pradesh,Tomato
02/05/2017,Tomato,78,Lucknow,FAQ,Lucknow,700,500,600,Uttar Pradesh,Tomato
29/04/2017,Tomato,78,Lucknow,FAQ,Lucknow,650,500,600,Uttar Pradesh,Tomato
28/04/2017,Tomato,78,Lucknow,FAQ,Lucknow,650,500,600,Uttar Pradesh,Tomato
27/04/2017,Tomato,78,Lucknow,FAQ,Lucknow,600,500,550,Uttar Pradesh,Tomato
26/04/2017,Tomato,78,Lucknow,FAQ,Lucknow,600,400,500,Uttar Pradesh,Tomato
25/04/2017,Tomato,78,Lucknow,FAQ,Lucknow,600,400,500,Uttar Pradesh,Tomato
24/04/2017,Tomato,78,Lucknow,FAQ,Lucknow,700,500,600,Uttar Pradesh,Tomato
22/04/2017,Tomato,78,Lucknow,FAQ,Lucknow,1000,800,900,Uttar Pradesh,Tomato
21/04/2017,Tomato,78,Lucknow,FAQ,Lucknow,1000,800,900,Uttar Pradesh,Tomato
20/04/2017,Tomato,78,Lucknow,FAQ,Lucknow,880,800,860,Uttar Pradesh,Tomato
19/04/2017,Tomato,78,Lucknow,FAQ,Lucknow,900,700,800,Uttar Pradesh,Tomato
18/04/2017,Tomato,78,Lucknow,FAQ,Lucknow,900,700,800,Uttar Pradesh,Tomato
17/04/2017,Tomato,78,Lucknow,FAQ,Lucknow,900,800,850,Uttar Pradesh,Tomato
16/04/2017,Tomato,78,Lucknow,FAQ,Lucknow,950,800,900,Uttar Pradesh,Tomato
15/04/2017,Tomato,78,Lucknow,FAQ,Lucknow,1000,800,900,Uttar Pradesh,Tomato
14/04/2017,Tomato,78,Lucknow,FAQ,Lucknow,950,800,850,Uttar Pradesh,Tomato
13/04/2017,Tomato,78,Lucknow,FAQ,Lucknow,1000,800,900,Uttar Pradesh,Tomato
12/04/2017,Tomato,78,Lucknow,FAQ,Lucknow,1000,800,900,Uttar Pradesh,Tomato
11/04/2017,Tomato,78,Lucknow,FAQ,Lucknow,900,800,850,Uttar Pradesh,Tomato
10/04/2017,Tomato,78,Lucknow,FAQ,Lucknow,1100,900,1000,Uttar Pradesh,Tomato
09/04/2017,Tomato,78,Lucknow,FAQ,Lucknow,1100,900,1000,Uttar Pradesh,Tomato
08/04/2017,Tomato,78,Lucknow,FAQ,Lucknow,1050,900,1000,Uttar Pradesh,Tomato
07/04/2017,Tomato,78,Lucknow,FAQ,Lucknow,1000,800,900,Uttar Pradesh,Tomato
06/04/2017,Tomato,78,Lucknow,FAQ,Lucknow,1000,800,900,Uttar Pradesh,Tomato
03/04/2017,Tomato,78,Lucknow,FAQ,Lucknow,1000,800,900,Uttar Pradesh,Tomato
01/04/2017,Tomato,78,Lucknow,FAQ,Lucknow,1000,800,900,Uttar Pradesh,Tomato
31/03/2017,Tomato,78,Lucknow,FAQ,Lucknow,800,600,700,Uttar Pradesh,Tomato
30/03/2017,Tomato,78,Lucknow,FAQ,Lucknow,650,500,600,Uttar Pradesh,Tomato
29/03/2017,Tomato,78,Lucknow,FAQ,Lucknow,650,500,600,Uttar Pradesh,Tomato
28/03/2017,Tomato,78,Lucknow,FAQ,Lucknow,800,600,700,Uttar Pradesh,Tomato
27/03/2017,Tomato,78,Lucknow,FAQ,Lucknow,900,700,800,Uttar Pradesh,Tomato
26/03/2017,Tomato,78,Lucknow,FAQ,Lucknow,850,700,800,Uttar Pradesh,Tomato
25/03/2017,Tomato,78,Lucknow,FAQ,Lucknow,900,700,800,Uttar Pradesh,Tomato
24/03/2017,Tomato,78,Lucknow,FAQ,Lucknow,850,700,800,Uttar Pradesh,Tomato
23/03/2017,Tomato,78,Lucknow,FAQ,Lucknow,1100,900,1000,Uttar Pradesh,Tomato
22/03/2017,Tomato,78,Lucknow,FAQ,Lucknow,1000,800,900,Uttar Pradesh,Tomato
21/03/2017,Tomato,78,Lucknow,FAQ,Lucknow,800,700,750,Uttar Pradesh,Tomato
18/03/2017,Tomato,78,Lucknow,FAQ,Lucknow,900,800,850,Uttar Pradesh,Tomato
17/03/2017,Tomato,78,Lucknow,FAQ,Lucknow,850,700,800,Uttar Pradesh,Tomato
16/03/2017,Tomato,78,Lucknow,FAQ,Lucknow,900,700,800,Uttar Pradesh,Tomato
15/03/2017,Tomato,78,Lucknow,FAQ,Lucknow,800,600,700,Uttar Pradesh,Tomato
14/03/2017,Tomato,78,Lucknow,FAQ,Lucknow,800,600,700,Uttar Pradesh,Tomato
12/03/2017,Tomato,78,Lucknow,FAQ,Lucknow,750,600,700,Uttar Pradesh,Tomato
11/03/2017,Tomato,78,Lucknow,FAQ,Lucknow,700,600,650,Uttar Pradesh,Tomato
09/03/2017,Tomato,78,Lucknow,FAQ,Lucknow,650,550,600,Uttar Pradesh,Tomato
08/03/2017,Tomato,78,Lucknow,FAQ,Lucknow,700,600,650,Uttar Pradesh,Tomato
07/03/2017,Tomato,78,Lucknow,FAQ,Lucknow,600,500,550,Uttar Pradesh,Tomato
06/03/2017,Tomato,78,Lucknow,FAQ,Lucknow,550,450,500,Uttar Pradesh,Tomato
05/03/2017,Tomato,78,Lucknow,FAQ,Lucknow,550,400,500,Uttar Pradesh,Tomato
04/03/2017,Tomato,78,Lucknow,FAQ,Lucknow,600,500,550,Uttar Pradesh,Tomato
03/03/2017,Tomato,78,Lucknow,FAQ,Lucknow,600,400,500,Uttar Pradesh,Tomato
02/03/2017,Tomato,78,Lucknow,FAQ,Lucknow,550,400,500,Uttar Pradesh,Tomato
01/03/2017,Tomato,78,Lucknow,FAQ,Lucknow,600,400,500,Uttar Pradesh,Tomato
28/02/2017,Tomato,78,Lucknow,FAQ,Lucknow,600,400,500,Uttar Pradesh,Tomato
25/02/2017,Tomato,78,Lucknow,FAQ,Lucknow,600,400,500,Uttar Pradesh,Tomato
24/02/2017,Tomato,78,Lucknow,FAQ,Lucknow,600,450,500,Uttar Pradesh,Tomato
23/02/2017,Tomato,78,Lucknow,FAQ,Lucknow,600,400,500,Uttar Pradesh,Tomato
22/02/2017,Tomato,78,Lucknow,FAQ,Lucknow,550,400,500,Uttar Pradesh,Tomato
21/02/2017,Tomato,78,Lucknow,FAQ,Lucknow,700,600,650,Uttar Pradesh,Tomato
20/02/2017,Tomato,78,Lucknow,FAQ,Lucknow,650,500,600,Uttar Pradesh,Tomato
18/02/2017,Tomato,78,Lucknow,FAQ,Lucknow,600,500,550,Uttar Pradesh,Tomato
17/02/2017,Tomato,78,Lucknow,FAQ,Lucknow,600,400,500,Uttar Pradesh,Tomato
16/02/2017,Tomato,78,Lucknow,FAQ,Lucknow,600,500,550,Uttar Pradesh,Tomato
15/02/2017,Tomato,78,Lucknow,FAQ,Lucknow,600,400,500,Uttar Pradesh,Tomato
14/02/2017,Tomato,78,Lucknow,FAQ,Lucknow,550,450,500,Uttar Pradesh,Tomato
13/02/2017,Tomato,78,Lucknow,FAQ,Lucknow,600,400,500,Uttar Pradesh,Tomato
12/02/2017,Tomato,78,Lucknow,FAQ,Lucknow,550,450,500,Uttar Pradesh,Tomato
11/02/2017,Tomato,78,Lucknow,FAQ,Lucknow,600,450,500,Uttar Pradesh,Tomato
10/02/2017,Tomato,78,Lucknow,FAQ,Lucknow,600,500,550,Uttar Pradesh,Tomato
08/02/2017,Tomato,78,Lucknow,FAQ,Lucknow,500,300,400,Uttar Pradesh,Tomato
07/02/2017,Tomato,78,Lucknow,FAQ,Lucknow,550,400,500,Uttar Pradesh,Tomato
06/02/2017,Tomato,78,Lucknow,FAQ,Lucknow,425,350,375,Uttar Pradesh,Tomato
05/02/2017,Tomato,78,Lucknow,FAQ,Lucknow,450,350,400,Uttar Pradesh,Tomato
04/02/2017,Tomato,78,Lucknow,FAQ,Lucknow,550,300,500,Uttar Pradesh,Tomato
03/02/2017,Tomato,78,Lucknow,FAQ,Lucknow,450,300,400,Uttar Pradesh,Tomato
02/02/2017,Tomato,78,Lucknow,FAQ,Lucknow,475,350,400,Uttar Pradesh,Tomato
01/02/2017,Tomato,78,Lucknow,FAQ,Lucknow,450,350,400,Uttar Pradesh,Tomato
31/01/2017,Tomato,78,Lucknow,FAQ,Lucknow,550,400,500,Uttar Pradesh,Tomato
30/01/2017,Tomato,78,Lucknow,FAQ,Lucknow,650,500,600,Uttar Pradesh,Tomato
29/01/2017,Tomato,78,Lucknow,FAQ,Lucknow,750,600,680,Uttar Pradesh,Tomato
25/01/2017,Tomato,78,Lucknow,FAQ,Lucknow,700,500,600,Uttar Pradesh,Tomato
24/01/2017,Tomato,78,Lucknow,FAQ,Lucknow,750,600,700,Uttar Pradesh,Tomato
23/01/2017,Tomato,78,Lucknow,FAQ,Lucknow,700,600,650,Uttar Pradesh,Tomato
22/01/2017,Tomato,78,Lucknow,FAQ,Lucknow,800,600,700,Uttar Pradesh,Tomato
21/01/2017,Tomato,78,Lucknow,FAQ,Lucknow,800,700,750,Uttar Pradesh,Tomato
20/01/2017,Tomato,78,Lucknow,FAQ,Lucknow,800,700,750,Uttar Pradesh,Tomato
19/01/2017,Tomato,78,Lucknow,FAQ,Lucknow,750,600,700,Uttar Pradesh,Tomato
18/01/2017,Tomato,78,Lucknow,FAQ,Lucknow,850,700,800,Uttar Pradesh,Tomato
17/01/2017,Tomato,78,Lucknow,FAQ,Lucknow,900,700,760,Uttar Pradesh,Tomato
16/01/2017,Tomato,78,Lucknow,FAQ,Lucknow,800,700,750,Uttar Pradesh,Tomato
15/01/2017,Tomato,78,Lucknow,FAQ,Lucknow,750,600,700,Uttar Pradesh,Tomato
14/01/2017,Tomato,78,Lucknow,FAQ,Lucknow,700,600,650,Uttar Pradesh,Tomato
13/01/2017,Tomato,78,Lucknow,FAQ,Lucknow,700,500,600,Uttar Pradesh,Tomato
12/01/2017,Tomato,78,Lucknow,FAQ,Lucknow,800,600,700,Uttar Pradesh,Tomato
11/01/2017,Tomato,78,Lucknow,FAQ,Lucknow,700,600,640,Uttar Pradesh,Tomato
10/01/2017,Tomato,78,Lucknow,FAQ,Lucknow,700,500,600,Uttar Pradesh,Tomato
09/01/2017,Tomato,78,Lucknow,FAQ,Lucknow,700,500,600,Uttar Pradesh,Tomato
08/01/2017,Tomato,78,Lucknow,FAQ,Lucknow,650,500,600,Uttar Pradesh,Tomato
07/01/2017,Tomato,78,Lucknow,FAQ,Lucknow,800,600,700,Uttar Pradesh,Tomato
06/01/2017,Tomato,78,Lucknow,FAQ,Lucknow,750,600,700,Uttar Pradesh,Tomato
05/01/2017,Tomato,78,Lucknow,FAQ,Lucknow,800,600,700,Uttar Pradesh,Tomato
04/01/2017,Tomato,78,Lucknow,FAQ,Lucknow,750,600,700,Uttar Pradesh,Tomato
03/01/2017,Tomato,78,Lucknow,FAQ,Lucknow,850,700,800,Uttar Pradesh,Tomato
02/01/2017,Tomato,78,Lucknow,FAQ,Lucknow,850,700,800,Uttar Pradesh,Tomato
01/01/2017,Tomato,78,Lucknow,FAQ,Lucknow,700,500,600,Uttar Pradesh,Tomato
31/12/2016,Tomato,78,Lucknow,FAQ,Lucknow,550,400,500,Uttar Pradesh,Tomato
29/12/2016,Tomato,78,Lucknow,FAQ,Lucknow,700,500,600,Uttar Pradesh,Tomato
28/12/2016,Tomato,78,Lucknow,FAQ,Lucknow,750,600,700,Uttar Pradesh,Tomato
27/12/2016,Tomato,78,Lucknow,FAQ,Lucknow,750,600,700,Uttar Pradesh,Tomato
26/12/2016,Tomato,78,Lucknow,FAQ,Lucknow,950,700,800,Uttar Pradesh,Tomato
25/12/2016,Tomato,78,Lucknow,FAQ,Lucknow,850,700,800,Uttar Pradesh,Tomato
24/12/2016,Tomato,78,Lucknow,FAQ,Lucknow,900,700,800,Uttar Pradesh,Tomato
23/12/2016,Tomato,78,Lucknow,FAQ,Lucknow,900,750,800,Uttar Pradesh,Tomato
22/12/2016,Tomato,78,Lucknow,FAQ,Lucknow,900,700,800,Uttar Pradesh,Tomato
21/12/2016,Tomato,78,Lucknow,FAQ,Lucknow,850,700,800,Uttar Pradesh,Tomato
20/12/2016,Tomato,78,Lucknow,FAQ,Lucknow,800,700,750,Uttar Pradesh,Tomato
19/12/2016,Tomato,78,Lucknow,FAQ,Lucknow,850,750,800,Uttar Pradesh,Tomato
18/12/2016,Tomato,78,Lucknow,FAQ,Lucknow,900,800,850,Uttar Pradesh,Tomato
17/12/2016,Tomato,78,Lucknow,FAQ,Lucknow,850,800,820,Uttar Pradesh,Tomato
15/12/2016,Tomato,78,Lucknow,FAQ,Lucknow,900,800,850,Uttar Pradesh,Tomato
14/12/2016,Tomato,78,Lucknow,FAQ,Lucknow,900,800,850,Uttar Pradesh,Tomato
13/12/2016,Tomato,78,Lucknow,FAQ,Lucknow,1200,1000,1100,Uttar Pradesh,Tomato
12/12/2016,Tomato,78,Lucknow,FAQ,Lucknow,1100,900,1000,Uttar Pradesh,Tomato
11/12/2016,Tomato,78,Lucknow,FAQ,Lucknow,1050,900,1000,Uttar Pradesh,Tomato
10/12/2016,Tomato,78,Lucknow,FAQ,Lucknow,1100,900,1000,Uttar Pradesh,Tomato
09/12/2016,Tomato,78,Lucknow,FAQ,Lucknow,1100,900,1000,Uttar Pradesh,Tomato
07/12/2016,Tomato,78,Lucknow,FAQ,Lucknow,1100,900,1000,Uttar Pradesh,Tomato
06/12/2016,Tomato,78,Lucknow,FAQ,Lucknow,1150,1000,1100,Uttar Pradesh,Tomato
02/12/2016,Tomato,78,Lucknow,FAQ,Lucknow,1300,1100,1200,Uttar Pradesh,Tomato
01/12/2016,Tomato,78,Lucknow,FAQ,Lucknow,1150,1000,1100,Uttar Pradesh,Tomato
28/11/2016,Tomato,78,Lucknow,FAQ,Lucknow,1150,1000,1100,Uttar Pradesh,Tomato
27/11/2016,Tomato,78,Lucknow,FAQ,Lucknow,1100,900,1000,Uttar Pradesh,Tomato
26/11/2016,Tomato,78,Lucknow,FAQ,Lucknow,1100,1000,1050,Uttar Pradesh,Tomato
25/11/2016,Tomato,78,Lucknow,FAQ,Lucknow,1100,1000,1050,Uttar Pradesh,Tomato
24/11/2016,Tomato,78,Lucknow,FAQ,Lucknow,1100,950,1000,Uttar Pradesh,Tomato
23/11/2016,Tomato,78,Lucknow,FAQ,Lucknow,1100,900,1000,Uttar Pradesh,Tomato
22/11/2016,Tomato,78,Lucknow,FAQ,Lucknow,1050,900,1000,Uttar Pradesh,Tomato
21/11/2016,Tomato,78,Lucknow,FAQ,Lucknow,1100,900,1000,Uttar Pradesh,Tomato
20/11/2016,Tomato,78,Lucknow,FAQ,Lucknow,1100,1000,1050,Uttar Pradesh,Tomato
19/11/2016,Tomato,78,Lucknow,FAQ,Lucknow,1100,900,1000,Uttar Pradesh,Tomato
17/11/2016,Tomato,78,Lucknow,FAQ,Lucknow,1100,900,1000,Uttar Pradesh,Tomato
16/11/2016,Tomato,78,Lucknow,FAQ,Lucknow,1150,1000,1100,Uttar Pradesh,Tomato
13/11/2016,Tomato,78,Lucknow,FAQ,Lucknow,1200,1000,1100,Uttar Pradesh,Tomato
12/11/2016,Tomato,78,Lucknow,FAQ,Lucknow,1100,1000,1050,Uttar Pradesh,Tomato
10/11/2016,Tomato,78,Lucknow,FAQ,Lucknow,1100,900,1000,Uttar Pradesh,Tomato
08/11/2016,Tomato,78,Lucknow,FAQ,Lucknow,1150,1000,1100,Uttar Pradesh,Tomato
07/11/2016,Tomato,78,Lucknow,FAQ,Lucknow,1200,1000,1100,Uttar Pradesh,Tomato
06/11/2016,Tomato,78,Lucknow,FAQ,Lucknow,1200,1000,1100,Uttar Pradesh,Tomato
05/11/2016,Tomato,78,Lucknow,FAQ,Lucknow,1300,1100,1200,Uttar Pradesh,Tomato
04/11/2016,Tomato,78,Lucknow,FAQ,Lucknow,1300,1000,1200,Uttar Pradesh,Tomato
03/11/2016,Tomato,78,Lucknow,FAQ,Lucknow,1350,1200,1300,Uttar Pradesh,Tomato
02/11/2016,Tomato,78,Lucknow,FAQ,Lucknow,1375,1200,1300,Uttar Pradesh,Tomato
01/11/2016,Tomato,78,Lucknow,FAQ,Lucknow,1500,1300,1400,Uttar Pradesh,Tomato
29/10/2016,Tomato,78,Lucknow,FAQ,Lucknow,1600,1400,1500,Uttar Pradesh,Tomato
28/10/2016,Tomato,78,Lucknow,FAQ,Lucknow,1600,1400,1500,Uttar Pradesh,Tomato
27/10/2016,Tomato,78,Lucknow,FAQ,Lucknow,1600,1500,1550,Uttar Pradesh,Tomato
26/10/2016,Tomato,78,Lucknow,FAQ,Lucknow,1580,1550,1560,Uttar Pradesh,Tomato
25/10/2016,Tomato,78,Lucknow,FAQ,Lucknow,1600,1500,1550,Uttar Pradesh,Tomato
24/10/2016,Tomato,78,Lucknow,FAQ,Lucknow,1600,1500,1550,Uttar Pradesh,Tomato
23/10/2016,Tomato,78,Lucknow,FAQ,Lucknow,1700,1500,1600,Uttar Pradesh,Tomato
22/10/2016,Tomato,78,Lucknow,FAQ,Lucknow,1700,1600,1660,Uttar Pradesh,Tomato
21/10/2016,Tomato,78,Lucknow,FAQ,Lucknow,1750,1600,1650,Uttar Pradesh,Tomato
20/10/2016,Tomato,78,Lucknow,FAQ,Lucknow,1750,1600,1650,Uttar Pradesh,Tomato
19/10/2016,Tomato,78,Lucknow,FAQ,Lucknow,1700,1500,1600,Uttar Pradesh,Tomato
14/10/2016,Tomato,78,Lucknow,FAQ,Lucknow,1650,1500,1600,Uttar Pradesh,Tomato
13/10/2016,Tomato,78,Lucknow,FAQ,Lucknow,1600,1400,1500,Uttar Pradesh,Tomato
06/10/2016,Tomato,78,Lucknow,FAQ,Lucknow,1700,1500,1600,Uttar Pradesh,Tomato
03/10/2016,Tomato,78,Lucknow,FAQ,Lucknow,1400,1200,1300,Uttar Pradesh,Tomato
01/10/2016,Tomato,78,Lucknow,FAQ,Lucknow,1500,1370,1400,Uttar Pradesh,Tomato
22/09/2016,Tomato,78,Lucknow,FAQ,Lucknow,1650,1500,1600,Uttar Pradesh,Tomato
16/09/2016,Tomato,78,Lucknow,FAQ,Lucknow,1600,1500,1550,Uttar Pradesh,Tomato
15/09/2016,Tomato,78,Lucknow,FAQ,Lucknow,1600,1500,1550,Uttar Pradesh,Tomato
14/09/2016,Tomato,78,Lucknow,FAQ,Lucknow,1600,1400,1500,Uttar Pradesh,Tomato
13/09/2016,Tomato,78,Lucknow,FAQ,Lucknow,1500,1300,1400,Uttar Pradesh,Tomato
12/09/2016,Tomato,78,Lucknow,FAQ,Lucknow,1450,1300,1400,Uttar Pradesh,Tomato
11/09/2016,Tomato,78,Lucknow,FAQ,Lucknow,1400,1300,1350,Uttar Pradesh,Tomato
10/09/2016,Tomato,78,Lucknow,FAQ,Lucknow,1400,1300,1350,Uttar Pradesh,Tomato
04/08/2016,Tomato,78,Lucknow,FAQ,Lucknow,2600,2400,2500,Uttar Pradesh,Tomato
03/08/2016,Tomato,78,Lucknow,FAQ,Lucknow,2700,2500,2600,Uttar Pradesh,Tomato
02/08/2016,Tomato,78,Lucknow,FAQ,Lucknow,2700,2500,2600,Uttar Pradesh,Tomato
01/08/2016,Tomato,78,Lucknow,FAQ,Lucknow,2800,2600,2700,Uttar Pradesh,Tomato
30/07/2016,Tomato,78,Lucknow,FAQ,Lucknow,2850,2750,2810,Uttar Pradesh,Tomato
28/07/2016,Tomato,78,Lucknow,FAQ,Lucknow,3050,2850,3000,Uttar Pradesh,Tomato
27/07/2016,Tomato,78,Lucknow,FAQ,Lucknow,3100,2900,3000,Uttar Pradesh,Tomato
26/07/2016,Tomato,78,Lucknow,FAQ,Lucknow,3100,2900,3000,Uttar Pradesh,Tomato
25/07/2016,Tomato,78,Lucknow,FAQ,Lucknow,3000,2700,2800,Uttar Pradesh,Tomato
24/07/2016,Tomato,78,Lucknow,FAQ,Lucknow,3000,2700,2800,Uttar Pradesh,Tomato
23/07/2016,Tomato,78,Lucknow,FAQ,Lucknow,2800,2700,2750,Uttar Pradesh,Tomato
21/07/2016,Tomato,78,Lucknow,FAQ,Lucknow,2750,2600,2700,Uttar Pradesh,Tomato
20/07/2016,Tomato,78,Lucknow,FAQ,Lucknow,3000,2700,2800,Uttar Pradesh,Tomato
19/07/2016,Tomato,78,Lucknow,FAQ,Lucknow,3000,2700,2800,Uttar Pradesh,Tomato
18/07/2016,Tomato,78,Lucknow,FAQ,Lucknow,3100,2900,3000,Uttar Pradesh,Tomato
17/07/2016,Tomato,78,Lucknow,FAQ,Lucknow,3300,3100,3200,Uttar Pradesh,Tomato
16/07/2016,Tomato,78,Lucknow,FAQ,Lucknow,3350,3200,3300,Uttar Pradesh,Tomato
15/07/2016,Tomato,78,Lucknow,FAQ,Lucknow,3400,3200,3300,Uttar Pradesh,Tomato
14/07/2016,Tomato,78,Lucknow,FAQ,Lucknow,3350,3200,3250,Uttar Pradesh,Tomato
13/07/2016,Tomato,78,Lucknow,FAQ,Lucknow,3200,3100,3150,Uttar Pradesh,Tomato
12/07/2016,Tomato,78,Lucknow,FAQ,Lucknow,3300,3100,3200,Uttar Pradesh,Tomato
11/07/2016,Tomato,78,Lucknow,FAQ,Lucknow,3200,3000,3100,Uttar Pradesh,Tomato
10/07/2016,Tomato,78,Lucknow,FAQ,Lucknow,3100,2900,3000,Uttar Pradesh,Tomato
09/07/2016,Tomato,78,Lucknow,FAQ,Lucknow,3100,2900,3000,Uttar Pradesh,Tomato
08/07/2016,Tomato,78,Lucknow,FAQ,Lucknow,3200,3000,3100,Uttar Pradesh,Tomato
06/07/2016,Tomato,78,Lucknow,FAQ,Lucknow,3100,2900,3000,Uttar Pradesh,Tomato
05/07/2016,Tomato,78,Lucknow,FAQ,Lucknow,3100,2900,3000,Uttar Pradesh,Tomato
04/07/2016,Tomato,78,Lucknow,FAQ,Lucknow,3300,3100,3200,Uttar Pradesh,Tomato
03/07/2016,Tomato,78,Lucknow,FAQ,Lucknow,3400,3200,3300,Uttar Pradesh,Tomato
02/07/2016,Tomato,78,Lucknow,FAQ,Lucknow,3400,3300,3325,Uttar Pradesh,Tomato
01/07/2016,Tomato,78,Lucknow,FAQ,Lucknow,3400,3200,3300,Uttar Pradesh,Tomato
30/06/2016,Tomato,78,Lucknow,FAQ,Lucknow,3400,3200,3300,Uttar Pradesh,Tomato
29/06/2016,Tomato,78,Lucknow,FAQ,Lucknow,3350,3200,3250,Uttar Pradesh,Tomato
28/06/2016,Tomato,78,Lucknow,FAQ,Lucknow,3300,3100,3200,Uttar Pradesh,Tomato
27/06/2016,Tomato,78,Lucknow,FAQ,Lucknow,3300,3000,3200,Uttar Pradesh,Tomato
26/06/2016,Tomato,78,Lucknow,FAQ,Lucknow,3300,3000,3200,Uttar Pradesh,Tomato
25/06/2016,Tomato,78,Lucknow,FAQ,Lucknow,3050,2900,3000,Uttar Pradesh,Tomato
24/06/2016,Tomato,78,Lucknow,FAQ,Lucknow,3200,3000,3100,Uttar Pradesh,Tomato
23/06/2016,Tomato,78,Lucknow,FAQ,Lucknow,3200,3000,3100,Uttar Pradesh,Tomato
22/06/2016,Tomato,78,Lucknow,FAQ,Lucknow,3300,3000,3200,Uttar Pradesh,Tomato
20/06/2016,Tomato,78,Lucknow,FAQ,Lucknow,3100,2900,3000,Uttar Pradesh,Tomato
19/06/2016,Tomato,78,Lucknow,FAQ,Lucknow,3200,2900,3000,Uttar Pradesh,Tomato
18/06/2016,Tomato,78,Lucknow,FAQ,Lucknow,3200,2900,3000,Uttar Pradesh,Tomato
16/06/2016,Tomato,78,Lucknow,FAQ,Lucknow,3000,2700,2800,Uttar Pradesh,Tomato
15/06/2016,Tomato,78,Lucknow,FAQ,Lucknow,2600,2400,2500,Uttar Pradesh,Tomato
14/06/2016,Tomato,78,Lucknow,FAQ,Lucknow,2600,2400,2500,Uttar Pradesh,Tomato
13/06/2016,Tomato,78,Lucknow,FAQ,Lucknow,2300,2100,2200,Uttar Pradesh,Tomato
12/06/2016,Tomato,78,Lucknow,FAQ,Lucknow,2400,2100,2200,Uttar Pradesh,Tomato
11/06/2016,Tomato,78,Lucknow,FAQ,Lucknow,2100,1900,2000,Uttar Pradesh,Tomato
10/06/2016,Tomato,78,Lucknow,FAQ,Lucknow,1900,1700,1800,Uttar Pradesh,Tomato
09/06/2016,Tomato,78,Lucknow,FAQ,Lucknow,1800,1600,1700,Uttar Pradesh,Tomato
08/06/2016,Tomato,78,Lucknow,FAQ,Lucknow,1750,1600,1700,Uttar Pradesh,Tomato
07/06/2016,Tomato,78,Lucknow,FAQ,Lucknow,1800,1650,1725,Uttar Pradesh,Tomato
06/06/2016,Tomato,78,Lucknow,FAQ,Lucknow,1800,1600,1700,Uttar Pradesh,Tomato
05/06/2016,Tomato,78,Lucknow,FAQ,Lucknow,1800,1600,1700,Uttar Pradesh,Tomato
04/06/2016,Tomato,78,Lucknow,FAQ,Lucknow,1850,1700,1800,Uttar Pradesh,Tomato
03/06/2016,Tomato,78,Lucknow,FAQ,Lucknow,1850,1700,1800,Uttar Pradesh,Tomato
02/06/2016,Tomato,78,Lucknow,FAQ,Lucknow,1800,1700,1750,Uttar Pradesh,Tomato
01/06/2016,Tomato,78,Lucknow,FAQ,Lucknow,1800,1600,1700,Uttar Pradesh,Tomato
31/05/2016,Tomato,78,Lucknow,FAQ,Lucknow,1750,1600,1650,Uttar Pradesh,Tomato
30/05/2016,Tomato,78,Lucknow,FAQ,Lucknow,1800,1600,1700,Uttar Pradesh,Tomato
29/05/2016,Tomato,78,Lucknow,FAQ,Lucknow,1800,1600,1700,Uttar Pradesh,Tomato
28/05/2016,Tomato,78,Lucknow,FAQ,Lucknow,1900,1700,1800,Uttar Pradesh,Tomato
27/05/2016,Tomato,78,Lucknow,FAQ,Lucknow,1900,1700,1800,Uttar Pradesh,Tomato
26/05/2016,Tomato,78,Lucknow,FAQ,Lucknow,1900,1700,1800,Uttar Pradesh,Tomato
25/05/2016,Tomato,78,Lucknow,FAQ,Lucknow,1900,1700,1800,Uttar Pradesh,Tomato
24/05/2016,Tomato,78,Lucknow,FAQ,Lucknow,1900,1700,1800,Uttar Pradesh,Tomato
23/05/2016,Tomato,78,Lucknow,FAQ,Lucknow,1900,1700,1800,Uttar Pradesh,Tomato
22/05/2016,Tomato,78,Lucknow,FAQ,Lucknow,1800,1600,1700,Uttar Pradesh,Tomato
21/05/2016,Tomato,78,Lucknow,FAQ,Lucknow,1800,1600,1700,Uttar Pradesh,Tomato
20/05/2016,Tomato,78,Lucknow,FAQ,Lucknow,1700,1500,1600,Uttar Pradesh,Tomato
19/05/2016,Tomato,78,Lucknow,FAQ,Lucknow,1650,1500,1550,Uttar Pradesh,Tomato
18/05/2016,Tomato,78,Lucknow,FAQ,Lucknow,1600,1400,1500,Uttar Pradesh,Tomato
17/05/2016,Tomato,78,Lucknow,FAQ,Lucknow,1500,1350,1400,Uttar Pradesh,Tomato
16/05/2016,Tomato,78,Lucknow,FAQ,Lucknow,1400,1300,1350,Uttar Pradesh,Tomato
15/05/2016,Tomato,78,Lucknow,FAQ,Lucknow,1400,1200,1300,Uttar Pradesh,Tomato
14/05/2016,Tomato,78,Lucknow,FAQ,Lucknow,1400,1200,1300,Uttar Pradesh,Tomato
13/05/2016,Tomato,78,Lucknow,FAQ,Lucknow,1450,1300,1400,Uttar Pradesh,Tomato
12/05/2016,Tomato,78,Lucknow,FAQ,Lucknow,1700,1500,1600,Uttar Pradesh,Tomato
11/05/2016,Tomato,78,Lucknow,FAQ,Lucknow,1600,1400,1500,Uttar Pradesh,Tomato
10/05/2016,Tomato,78,Lucknow,FAQ,Lucknow,1600,1470,1550,Uttar Pradesh,Tomato
09/05/2016,Tomato,78,Lucknow,FAQ,Lucknow,1550,1400,1500,Uttar Pradesh,Tomato
08/05/2016,Tomato,78,Lucknow,FAQ,Lucknow,1600,1400,1500,Uttar Pradesh,Tomato
07/05/2016,Tomato,78,Lucknow,FAQ,Lucknow,1600,1400,1500,Uttar Pradesh,Tomato
06/05/2016,Tomato,78,Lucknow,FAQ,Lucknow,1600,1400,1500,Uttar Pradesh,Tomato
05/05/2016,Tomato,78,Lucknow,FAQ,Lucknow,1600,1400,1500,Uttar Pradesh,Tomato
04/05/2016,Tomato,78,Lucknow,FAQ,Lucknow,1420,1300,1400,Uttar Pradesh,Tomato
03/05/2016,Tomato,78,Lucknow,FAQ,Lucknow,1400,1250,1350,Uttar Pradesh,Tomato
02/05/2016,Tomato,78,Lucknow,FAQ,Lucknow,1300,1200,1290,Uttar Pradesh,Tomato
01/05/2016,Tomato,78,Lucknow,FAQ,Lucknow,1300,1200,1260,Uttar Pradesh,Tomato
30/04/2016,Tomato,78,Lucknow,FAQ,Lucknow,1400,1200,1260,Uttar Pradesh,Tomato
29/04/2016,Tomato,78,Lucknow,FAQ,Lucknow,1250,1100,1200,Uttar Pradesh,Tomato
28/04/2016,Tomato,78,Lucknow,FAQ,Lucknow,1100,900,1000,Uttar Pradesh,Tomato
27/04/2016,Tomato,78,Lucknow,FAQ,Lucknow,1000,800,900,Uttar Pradesh,Tomato
26/04/2016,Tomato,78,Lucknow,FAQ,Lucknow,1050,900,1000,Uttar Pradesh,Tomato
25/04/2016,Tomato,78,Lucknow,FAQ,Lucknow,1100,1000,1050,Uttar Pradesh,Tomato
24/04/2016,Tomato,78,Lucknow,FAQ,Lucknow,1100,1000,1050,Uttar Pradesh,Tomato
23/04/2016,Tomato,78,Lucknow,FAQ,Lucknow,1050,900,1000,Uttar Pradesh,Tomato
22/04/2016,Tomato,78,Lucknow,FAQ,Lucknow,1050,900,1000,Uttar Pradesh,Tomato
21/04/2016,Tomato,78,Lucknow,FAQ,Lucknow,1050,900,1000,Uttar Pradesh,Tomato
20/04/2016,Tomato,78,Lucknow,FAQ,Lucknow,1000,800,900,Uttar Pradesh,Tomato
19/04/2016,Tomato,78,Lucknow,FAQ,Lucknow,950,850,900,Uttar Pradesh,Tomato
18/04/2016,Tomato,78,Lucknow,FAQ,Lucknow,900,800,850,Uttar Pradesh,Tomato
17/04/2016,Tomato,78,Lucknow,FAQ,Lucknow,850,700,800,Uttar Pradesh,Tomato
16/04/2016,Tomato,78,Lucknow,FAQ,Lucknow,900,700,800,Uttar Pradesh,Tomato
15/04/2016,Tomato,78,Lucknow,FAQ,Lucknow,900,700,800,Uttar Pradesh,Tomato
12/04/2016,Tomato,78,Lucknow,FAQ,Lucknow,900,800,850,Uttar Pradesh,Tomato
11/04/2016,Tomato,78,Lucknow,FAQ,Lucknow,900,800,840,Uttar Pradesh,Tomato
10/04/2016,Tomato,78,Lucknow,FAQ,Lucknow,900,850,855,Uttar Pradesh,Tomato
09/04/2016,Tomato,78,Lucknow,FAQ,Lucknow,900,800,850,Uttar Pradesh,Tomato
07/04/2016,Tomato,78,Lucknow,FAQ,Lucknow,900,700,800,Uttar Pradesh,Tomato
06/04/2016,Tomato,78,Lucknow,FAQ,Lucknow,900,700,800,Uttar Pradesh,Tomato
05/04/2016,Tomato,78,Lucknow,FAQ,Lucknow,900,800,850,Uttar Pradesh,Tomato
01/04/2016,Tomato,78,Lucknow,FAQ,Lucknow,900,700,800,Uttar Pradesh,Tomato
31/03/2016,Tomato,78,Lucknow,FAQ,Lucknow,900,700,800,Uttar Pradesh,Tomato
30/03/2016,Tomato,78,Lucknow,FAQ,Lucknow,800,700,750,Uttar Pradesh,Tomato
28/03/2016,Tomato,78,Lucknow,FAQ,Lucknow,1000,800,900,Uttar Pradesh,Tomato
21/03/2016,Tomato,78,Lucknow,FAQ,Lucknow,1000,800,900,Uttar Pradesh,Tomato
20/03/2016,Tomato,78,Lucknow,FAQ,Lucknow,1000,800,900,Uttar Pradesh,Tomato
19/03/2016,Tomato,78,Lucknow,FAQ,Lucknow,900,800,850,Uttar Pradesh,Tomato
18/03/2016,Tomato,78,Lucknow,FAQ,Lucknow,900,700,800,Uttar Pradesh,Tomato
17/03/2016,Tomato,78,Lucknow,FAQ,Lucknow,850,700,800,Uttar Pradesh,Tomato
16/03/2016,Tomato,78,Lucknow,FAQ,Lucknow,1000,800,900,Uttar Pradesh,Tomato
15/03/2016,Tomato,78,Lucknow,FAQ,Lucknow,1050,900,1000,Uttar Pradesh,Tomato
14/03/2016,Tomato,78,Lucknow,FAQ,Lucknow,1050,900,1000,Uttar Pradesh,Tomato
13/03/2016,Tomato,78,Lucknow,FAQ,Lucknow,1000,800,900,Uttar Pradesh,Tomato
12/03/2016,Tomato,78,Lucknow,FAQ,Lucknow,950,800,900,Uttar Pradesh,Tomato
11/03/2016,Tomato,78,Lucknow,FAQ,Lucknow,900,700,800,Uttar Pradesh,Tomato
09/03/2016,Tomato,78,Lucknow,FAQ,Lucknow,900,800,850,Uttar Pradesh,Tomato
08/03/2016,Tomato,78,Lucknow,FAQ,Lucknow,1100,900,1000,Uttar Pradesh,Tomato
07/03/2016,Tomato,78,Lucknow,FAQ,Lucknow,1000,800,900,Uttar Pradesh,Tomato
06/03/2016,Tomato,78,Lucknow,FAQ,Lucknow,1000,800,900,Uttar Pradesh,Tomato
04/03/2016,Tomato,78,Lucknow,FAQ,Lucknow,1100,1000,1050,Uttar Pradesh,Tomato
03/03/2016,Tomato,78,Lucknow,FAQ,Lucknow,1100,1000,1050,Uttar Pradesh,Tomato
01/03/2016,Tomato,78,Lucknow,FAQ,Lucknow,1050,900,1000,Uttar Pradesh,Tomato
29/02/2016,Tomato,78,Lucknow,FAQ,Lucknow,1100,900,1000,Uttar Pradesh,Tomato
27/02/2016,Tomato,78,Lucknow,FAQ,Lucknow,1000,850,900,Uttar Pradesh,Tomato
26/02/2016,Tomato,78,Lucknow,FAQ,Lucknow,950,900,925,Uttar Pradesh,Tomato
25/02/2016,Tomato,78,Lucknow,FAQ,Lucknow,1000,800,900,Uttar Pradesh,Tomato
24/02/2016,Tomato,78,Lucknow,FAQ,Lucknow,1000,800,900,Uttar Pradesh,Tomato
23/02/2016,Tomato,78,Lucknow,FAQ,Lucknow,1050,900,1000,Uttar Pradesh,Tomato
22/02/2016,Tomato,78,Lucknow,FAQ,Lucknow,1100,900,1000,Uttar Pradesh,Tomato
21/02/2016,Tomato,78,Lucknow,FAQ,Lucknow,1100,900,1000,Uttar Pradesh,Tomato
20/02/2016,Tomato,78,Lucknow,FAQ,Lucknow,1050,1000,1025,Uttar Pradesh,Tomato
18/02/2016,Tomato,78,Lucknow,FAQ,Lucknow,1100,900,1000,Uttar Pradesh,Tomato
17/02/2016,Tomato,78,Lucknow,FAQ,Lucknow,1150,1000,1100,Uttar Pradesh,Tomato
16/02/2016,Tomato,78,Lucknow,FAQ,Lucknow,1300,1100,1200,Uttar Pradesh,Tomato
15/02/2016,Tomato,78,Lucknow,FAQ,Lucknow,1250,1100,1200,Uttar Pradesh,Tomato
14/02/2016,Tomato,78,Lucknow,FAQ,Lucknow,1250,1100,1200,Uttar Pradesh,Tomato
12/02/2016,Tomato,78,Lucknow,FAQ,Lucknow,1150,1050,1100,Uttar Pradesh,Tomato
10/02/2016,Tomato,78,Lucknow,FAQ,Lucknow,1100,900,1000,Uttar Pradesh,Tomato
09/02/2016,Tomato,78,Lucknow,FAQ,Lucknow,1100,900,1000,Uttar Pradesh,Tomato
08/02/2016,Tomato,78,Lucknow,FAQ,Lucknow,1200,1000,1100,Uttar Pradesh,Tomato
07/02/2016,Tomato,78,Lucknow,FAQ,Lucknow,1300,1100,1200,Uttar Pradesh,Tomato
06/02/2016,Tomato,78,Lucknow,FAQ,Lucknow,1325,1200,1300,Uttar Pradesh,Tomato
05/02/2016,Tomato,78,Lucknow,FAQ,Lucknow,1400,1200,1300,Uttar Pradesh,Tomato
04/02/2016,Tomato,78,Lucknow,FAQ,Lucknow,1300,1100,1200,Uttar Pradesh,Tomato
03/02/2016,Tomato,78,Lucknow,FAQ,Lucknow,1300,1100,1200,Uttar Pradesh,Tomato
01/02/2016,Tomato,78,Lucknow,FAQ,Lucknow,1300,1100,1200,Uttar Pradesh,Tomato
31/01/2016,Tomato,78,Lucknow,FAQ,Lucknow,1300,1100,1200,Uttar Pradesh,Tomato
30/01/2016,Tomato,78,Lucknow,FAQ,Lucknow,1400,1200,1300,Uttar Pradesh,Tomato
29/01/2016,Tomato,78,Lucknow,FAQ,Lucknow,1400,1200,1300,Uttar Pradesh,Tomato
27/01/2016,Tomato,78,Lucknow,FAQ,Lucknow,1300,1100,1200,Uttar Pradesh,Tomato
25/01/2016,Tomato,78,Lucknow,FAQ,Lucknow,1500,1300,1400,Uttar Pradesh,Tomato
24/01/2016,Tomato,78,Lucknow,FAQ,Lucknow,1425,1300,1375,Uttar Pradesh,Tomato
19/01/2016,Tomato,78,Lucknow,FAQ,Lucknow,1600,1400,1500,Uttar Pradesh,Tomato
18/01/2016,Tomato,78,Lucknow,FAQ,Lucknow,1700,1500,1600,Uttar Pradesh,Tomato
17/01/2016,Tomato,78,Lucknow,FAQ,Lucknow,1800,1600,1700,Uttar Pradesh,Tomato
16/01/2016,Tomato,78,Lucknow,FAQ,Lucknow,1800,1600,1700,Uttar Pradesh,Tomato
15/01/2016,Tomato,78,Lucknow,FAQ,Lucknow,1800,1700,1750,Uttar Pradesh,Tomato
13/01/2016,Tomato,78,Lucknow,FAQ,Lucknow,2100,1900,2000,Uttar Pradesh,Tomato
12/01/2016,Tomato,78,Lucknow,FAQ,Lucknow,2100,1800,2000,Uttar Pradesh,Tomato
11/01/2016,Tomato,78,Lucknow,FAQ,Lucknow,2000,1800,1850,Uttar Pradesh,Tomato
10/01/2016,Tomato,78,Lucknow,FAQ,Lucknow,2000,1800,1900,Uttar Pradesh,Tomato
09/01/2016,Tomato,78,Lucknow,FAQ,Lucknow,2000,1800,1900,Uttar Pradesh,Tomato
08/01/2016,Tomato,78,Lucknow,FAQ,Lucknow,2000,1800,1900,Uttar Pradesh,Tomato
07/01/2016,Tomato,78,Lucknow,FAQ,Lucknow,1950,1800,1850,Uttar Pradesh,Tomato
06/01/2016,Tomato,78,Lucknow,FAQ,Lucknow,2000,1800,1900,Uttar Pradesh,Tomato
05/01/2016,Tomato,78,Lucknow,FAQ,Lucknow,1900,1700,1850,Uttar Pradesh,Tomato
02/01/2016,Tomato,78,Lucknow,FAQ,Lucknow,1900,1750,1800,Uttar Pradesh,Tomato
01/01/2016,Tomato,78,Lucknow,FAQ,Lucknow,1900,1700,1800,Uttar Pradesh,Tomato
31/12/2015,Tomato,78,Lucknow,FAQ,Lucknow,1800,1600,1700,Uttar Pradesh,Tomato
29/12/2015,Tomato,78,Lucknow,FAQ,Lucknow,1750,1600,1650,Uttar Pradesh,Tomato
28/12/2015,Tomato,78,Lucknow,FAQ,Lucknow,1800,1600,1700,Uttar Pradesh,Tomato
27/12/2015,Tomato,78,Lucknow,FAQ,Lucknow,1800,1600,1700,Uttar Pradesh,Tomato
26/12/2015,Tomato,78,Lucknow,FAQ,Lucknow,1800,1600,1700,Uttar Pradesh,Tomato
25/12/2015,Tomato,78,Lucknow,FAQ,Lucknow,1800,1600,1700,Uttar Pradesh,Tomato
24/12/2015,Tomato,78,Lucknow,FAQ,Lucknow,1850,1700,1800,Uttar Pradesh,Tomato
23/12/2015,Tomato,78,Lucknow,FAQ,Lucknow,1700,1500,1600,Uttar Pradesh,Tomato
22/12/2015,Tomato,78,Lucknow,FAQ,Lucknow,1700,1500,1600,Uttar Pradesh,Tomato
21/12/2015,Tomato,78,Lucknow,FAQ,Lucknow,1750,1500,1600,Uttar Pradesh,Tomato
20/12/2015,Tomato,78,Lucknow,FAQ,Lucknow,1900,1700,1800,Uttar Pradesh,Tomato
19/12/2015,Tomato,78,Lucknow,FAQ,Lucknow,1900,1800,1850,Uttar Pradesh,Tomato
17/12/2015,Tomato,78,Lucknow,FAQ,Lucknow,1850,1700,1800,Uttar Pradesh,Tomato
16/12/2015,Tomato,78,Lucknow,FAQ,Lucknow,1900,1700,1800,Uttar Pradesh,Tomato
15/12/2015,Tomato,78,Lucknow,FAQ,Lucknow,1950,1700,1850,Uttar Pradesh,Tomato
14/12/2015,Tomato,78,Lucknow,FAQ,Lucknow,2100,1850,2000,Uttar Pradesh,Tomato
13/12/2015,Tomato,78,Lucknow,FAQ,Lucknow,2000,1800,1900,Uttar Pradesh,Tomato
12/12/2015,Tomato,78,Lucknow,FAQ,Lucknow,1900,1700,1800,Uttar Pradesh,Tomato
11/12/2015,Tomato,78,Lucknow,FAQ,Lucknow,2000,1700,1800,Uttar Pradesh,Tomato
10/12/2015,Tomato,78,Lucknow,FAQ,Lucknow,2000,1800,1900,Uttar Pradesh,Tomato
09/12/2015,Tomato,78,Lucknow,FAQ,Lucknow,1950,1800,1900,Uttar Pradesh,Tomato
08/12/2015,Tomato,78,Lucknow,FAQ,Lucknow,2050,1850,1950,Uttar Pradesh,Tomato
07/12/2015,Tomato,78,Lucknow,FAQ,Lucknow,2000,1800,1900,Uttar Pradesh,Tomato
06/12/2015,Tomato,78,Lucknow,FAQ,Lucknow,2100,1900,2000,Uttar Pradesh,Tomato
05/12/2015,Tomato,78,Lucknow,FAQ,Lucknow,2100,1900,2000,Uttar Pradesh,Tomato
04/12/2015,Tomato,78,Lucknow,FAQ,Lucknow,2100,1900,2000,Uttar Pradesh,Tomato
03/12/2015,Tomato,78,Lucknow,FAQ,Lucknow,2300,2100,2200,Uttar Pradesh,Tomato
02/12/2015,Tomato,78,Lucknow,FAQ,Lucknow,2400,2200,2300,Uttar Pradesh,Tomato
01/12/2015,Tomato,78,Lucknow,FAQ,Lucknow,2300,2100,2200,Uttar Pradesh,Tomato
30/11/2015,Tomato,78,Lucknow,FAQ,Lucknow,2300,2100,2200,Uttar Pradesh,Tomato
29/11/2015,Tomato,78,Lucknow,FAQ,Lucknow,2300,2100,2200,Uttar Pradesh,Tomato
27/11/2015,Tomato,78,Lucknow,FAQ,Lucknow,2400,2200,2300,Uttar Pradesh,Tomato
26/11/2015,Tomato,78,Lucknow,FAQ,Lucknow,2350,2150,2250,Uttar Pradesh,Tomato
25/11/2015,Tomato,78,Lucknow,FAQ,Lucknow,2150,2000,2050,Uttar Pradesh,Tomato
24/11/2015,Tomato,78,Lucknow,FAQ,Lucknow,2200,2000,2050,Uttar Pradesh,Tomato
23/11/2015,Tomato,78,Lucknow,FAQ,Lucknow,2200,2000,2100,Uttar Pradesh,Tomato
21/11/2015,Tomato,78,Lucknow,FAQ,Lucknow,2100,1950,2000,Uttar Pradesh,Tomato
20/11/2015,Tomato,78,Lucknow,FAQ,Lucknow,2200,2000,2100,Uttar Pradesh,Tomato
19/11/2015,Tomato,78,Lucknow,FAQ,Lucknow,2200,2050,2150,Uttar Pradesh,Tomato
18/11/2015,Tomato,78,Lucknow,FAQ,Lucknow,2200,2000,2100,Uttar Pradesh,Tomato
17/11/2015,Tomato,78,Lucknow,FAQ,Lucknow,2200,2000,2100,Uttar Pradesh,Tomato
16/11/2015,Tomato,78,Lucknow,FAQ,Lucknow,2100,1900,2000,Uttar Pradesh,Tomato
14/11/2015,Tomato,78,Lucknow,FAQ,Lucknow,2200,2000,2100,Uttar Pradesh,Tomato
13/11/2015,Tomato,78,Lucknow,FAQ,Lucknow,2100,1900,2000,Uttar Pradesh,Tomato
11/11/2015,Tomato,78,Lucknow,FAQ,Lucknow,2100,1900,2000,Uttar Pradesh,Tomato
10/11/2015,Tomato,78,Lucknow,FAQ,Lucknow,2100,1900,2000,Uttar Pradesh,Tomato
09/11/2015,Tomato,78,Lucknow,FAQ,Lucknow,2100,1900,2000,Uttar Pradesh,Tomato
08/11/2015,Tomato,78,Lucknow,FAQ,Lucknow,2100,1900,2000,Uttar Pradesh,Tomato
06/11/2015,Tomato,78,Lucknow,FAQ,Lucknow,2400,2100,2200,Uttar Pradesh,Tomato
05/11/2015,Tomato,78,Lucknow,FAQ,Lucknow,1900,1700,1800,Uttar Pradesh,Tomato
04/11/2015,Tomato,78,Lucknow,FAQ,Lucknow,2000,1800,1900,Uttar Pradesh,Tomato
03/11/2015,Tomato,78,Lucknow,FAQ,Lucknow,2100,1900,2000,Uttar Pradesh,Tomato
02/11/2015,Tomato,78,Lucknow,FAQ,Lucknow,2100,1900,2000,Uttar Pradesh,Tomato
01/11/2015,Tomato,78,Lucknow,FAQ,Lucknow,2200,2000,2100,Uttar Pradesh,Tomato
30/10/2015,Tomato,78,Lucknow,FAQ,Lucknow,2200,2000,2100,Uttar Pradesh,Tomato
29/10/2015,Tomato,78,Lucknow,FAQ,Lucknow,2100,1900,2000,Uttar Pradesh,Tomato
28/10/2015,Tomato,78,Lucknow,FAQ,Lucknow,2100,1900,2000,Uttar Pradesh,Tomato
27/10/2015,Tomato,78,Lucknow,FAQ,Lucknow,2000,1800,1900,Uttar Pradesh,Tomato
26/10/2015,Tomato,78,Lucknow,FAQ,Lucknow,1900,1700,1800,Uttar Pradesh,Tomato
25/10/2015,Tomato,78,Lucknow,FAQ,Lucknow,1900,1700,1800,Uttar Pradesh,Tomato
24/10/2015,Tomato,78,Lucknow,FAQ,Lucknow,1900,1700,1800,Uttar Pradesh,Tomato
23/10/2015,Tomato,78,Lucknow,FAQ,Lucknow,2000,1800,1900,Uttar Pradesh,Tomato
20/10/2015,Tomato,78,Lucknow,FAQ,Lucknow,1950,1700,1800,Uttar Pradesh,Tomato
19/10/2015,Tomato,78,Lucknow,FAQ,Lucknow,2000,1850,1950,Uttar Pradesh,Tomato
18/10/2015,Tomato,78,Lucknow,FAQ,Lucknow,2000,1800,1900,Uttar Pradesh,Tomato
16/10/2015,Tomato,78,Lucknow,FAQ,Lucknow,2100,1900,2000,Uttar Pradesh,Tomato
15/10/2015,Tomato,78,Lucknow,FAQ,Lucknow,2400,2200,2300,Uttar Pradesh,Tomato
14/10/2015,Tomato,78,Lucknow,FAQ,Lucknow,2500,2300,2400,Uttar Pradesh,Tomato
13/10/2015,Tomato,78,Lucknow,FAQ,Lucknow,2400,2200,2300,Uttar Pradesh,Tomato
12/10/2015,Tomato,78,Lucknow,FAQ,Lucknow,2300,2100,2200,Uttar Pradesh,Tomato
11/10/2015,Tomato,78,Lucknow,FAQ,Lucknow,2300,2100,2200,Uttar Pradesh,Tomato
10/10/2015,Tomato,78,Lucknow,FAQ,Lucknow,2200,2000,2100,Uttar Pradesh,Tomato
09/10/2015,Tomato,78,Lucknow,FAQ,Lucknow,2200,2000,2100,Uttar Pradesh,Tomato
08/10/2015,Tomato,78,Lucknow,FAQ,Lucknow,2200,2000,2100,Uttar Pradesh,Tomato
07/10/2015,Tomato,78,Lucknow,FAQ,Lucknow,2100,1900,2000,Uttar Pradesh,Tomato
06/10/2015,Tomato,78,Lucknow,FAQ,Lucknow,2100,1900,1950,Uttar Pradesh,Tomato
05/10/2015,Tomato,78,Lucknow,FAQ,Lucknow,2000,1850,1900,Uttar Pradesh,Tomato
03/10/2015,Tomato,78,Lucknow,FAQ,Lucknow,2000,1900,1950,Uttar Pradesh,Tomato
01/10/2015,Tomato,78,Lucknow,FAQ,Lucknow,2100,1900,2000,Uttar Pradesh,Tomato
29/09/2015,Tomato,78,Lucknow,FAQ,Lucknow,2100,1900,2000,Uttar Pradesh,Tomato
28/09/2015,Tomato,78,Lucknow,FAQ,Lucknow,2000,1800,1900,Uttar Pradesh,Tomato
27/09/2015,Tomato,78,Lucknow,FAQ,Lucknow,1900,1800,1850,Uttar Pradesh,Tomato
26/09/2015,Tomato,78,Lucknow,FAQ,Lucknow,1900,1800,1850,Uttar Pradesh,Tomato
25/09/2015,Tomato,78,Lucknow,FAQ,Lucknow,2000,1800,1900,Uttar Pradesh,Tomato
24/09/2015,Tomato,78,Lucknow,FAQ,Lucknow,2000,1800,1900,Uttar Pradesh,Tomato
23/09/2015,Tomato,78,Lucknow,FAQ,Lucknow,2000,1800,1900,Uttar Pradesh,Tomato
22/09/2015,Tomato,78,Lucknow,FAQ,Lucknow,2050,1850,1950,Uttar Pradesh,Tomato
19/09/2015,Tomato,78,Lucknow,FAQ,Lucknow,2200,2100,2150,Uttar Pradesh,Tomato
18/09/2015,Tomato,78,Lucknow,FAQ,Lucknow,2300,2100,2200,Uttar Pradesh,Tomato
17/09/2015,Tomato,78,Lucknow,FAQ,Lucknow,2400,2200,2300,Uttar Pradesh,Tomato
16/09/2015,Tomato,78,Lucknow,FAQ,Lucknow,2400,2200,2300,Uttar Pradesh,Tomato
15/09/2015,Tomato,78,Lucknow,FAQ,Lucknow,2400,2200,2300,Uttar Pradesh,Tomato
11/09/2015,Tomato,78,Lucknow,FAQ,Lucknow,2100,1850,2000,Uttar Pradesh,Tomato
10/09/2015,Tomato,78,Lucknow,FAQ,Lucknow,2100,1900,2000,Uttar Pradesh,Tomato
09/09/2015,Tomato,78,Lucknow,FAQ,Lucknow,2300,2100,2200,Uttar Pradesh,Tomato
08/09/2015,Tomato,78,Lucknow,FAQ,Lucknow,2300,2100,2200,Uttar Pradesh,Tomato
07/09/2015,Tomato,78,Lucknow,FAQ,Lucknow,2350,2150,2250,Uttar Pradesh,Tomato
06/09/2015,Tomato,78,Lucknow,FAQ,Lucknow,2300,2100,2200,Uttar Pradesh,Tomato
05/09/2015,Tomato,78,Lucknow,FAQ,Lucknow,2300,2100,2200,Uttar Pradesh,Tomato
04/09/2015,Tomato,78,Lucknow,FAQ,Lucknow,2300,2100,2200,Uttar Pradesh,Tomato
03/09/2015,Tomato,78,Lucknow,FAQ,Lucknow,2300,2100,2200,Uttar Pradesh,Tomato
02/09/2015,Tomato,78,Lucknow,FAQ,Lucknow,2300,2100,2200,Uttar Pradesh,Tomato
01/09/2015,Tomato,78,Lucknow,FAQ,Lucknow,2250,2050,2150,Uttar Pradesh,Tomato
31/08/2015,Tomato,78,Lucknow,FAQ,Lucknow,2200,2000,2100,Uttar Pradesh,Tomato
30/08/2015,Tomato,78,Lucknow,FAQ,Lucknow,2100,1900,2000,Uttar Pradesh,Tomato
29/08/2015,Tomato,78,Lucknow,FAQ,Lucknow,2100,1900,2000,Uttar Pradesh,Tomato
28/08/2015,Tomato,78,Lucknow,FAQ,Lucknow,2100,1925,2000,Uttar Pradesh,Tomato
25/08/2015,Tomato,78,Lucknow,FAQ,Lucknow,1900,1700,1800,Uttar Pradesh,Tomato
24/08/2015,Tomato,78,Lucknow,FAQ,Lucknow,1900,1700,1800,Uttar Pradesh,Tomato
21/08/2015,Tomato,78,Lucknow,FAQ,Lucknow,2100,1850,2000,Uttar Pradesh,Tomato
20/08/2015,Tomato,78,Lucknow,FAQ,Lucknow,2200,2000,2100,Uttar Pradesh,Tomato
19/08/2015,Tomato,78,Lucknow,FAQ,Lucknow,2200,2000,2100,Uttar Pradesh,Tomato
18/08/2015,Tomato,78,Lucknow,FAQ,Lucknow,2100,1900,2000,Uttar Pradesh,Tomato
14/08/2015,Tomato,78,Lucknow,FAQ,Lucknow,1950,1800,1850,Uttar Pradesh,Tomato
13/08/2015,Tomato,78,Lucknow,FAQ,Lucknow,1900,1800,1850,Uttar Pradesh,Tomato
12/08/2015,Tomato,78,Lucknow,FAQ,Lucknow,1900,1700,1800,Uttar Pradesh,Tomato
11/08/2015,Tomato,78,Lucknow,FAQ,Lucknow,1850,1600,1700,Uttar Pradesh,Tomato
10/08/2015,Tomato,78,Lucknow,FAQ,Lucknow,1800,1600,1700,Uttar Pradesh,Tomato
09/08/2015,Tomato,78,Lucknow,FAQ,Lucknow,1800,1600,1700,Uttar Pradesh,Tomato
08/08/2015,Tomato,78,Lucknow,FAQ,Lucknow,1900,1700,1800,Uttar Pradesh,Tomato
07/08/2015,Tomato,78,Lucknow,FAQ,Lucknow,2125,2000,2050,Uttar Pradesh,Tomato
06/08/2015,Tomato,78,Lucknow,FAQ,Lucknow,2100,1850,2000,Uttar Pradesh,Tomato
05/08/2015,Tomato,78,Lucknow,FAQ,Lucknow,2100,1850,2000,Uttar Pradesh,Tomato
04/08/2015,Tomato,78,Lucknow,FAQ,Lucknow,2100,1850,2000,Uttar Pradesh,Tomato
03/08/2015,Tomato,78,Lucknow,FAQ,Lucknow,2400,2200,2300,Uttar Pradesh,Tomato
02/08/2015,Tomato,78,Lucknow,FAQ,Lucknow,2500,2300,2400,Uttar Pradesh,Tomato
01/08/2015,Tomato,78,Lucknow,FAQ,Lucknow,2500,2400,2450,Uttar Pradesh,Tomato
31/07/2015,Tomato,78,Lucknow,FAQ,Lucknow,2600,2400,2500,Uttar Pradesh,Tomato
30/07/2015,Tomato,78,Lucknow,FAQ,Lucknow,2600,2400,2500,Uttar Pradesh,Tomato
29/07/2015,Tomato,78,Lucknow,FAQ,Lucknow,2500,2300,2400,Uttar Pradesh,Tomato
28/07/2015,Tomato,78,Lucknow,FAQ,Lucknow,2500,2300,2400,Uttar Pradesh,Tomato
27/07/2015,Tomato,78,Lucknow,FAQ,Lucknow,2600,2400,2500,Uttar Pradesh,Tomato
26/07/2015,Tomato,78,Lucknow,FAQ,Lucknow,2600,2400,2500,Uttar Pradesh,Tomato
25/07/2015,Tomato,78,Lucknow,FAQ,Lucknow,2700,2500,2600,Uttar Pradesh,Tomato
24/07/2015,Tomato,78,Lucknow,FAQ,Lucknow,2600,2400,2500,Uttar Pradesh,Tomato
22/07/2015,Tomato,78,Lucknow,FAQ,Lucknow,2650,2350,2500,Uttar Pradesh,Tomato
21/07/2015,Tomato,78,Lucknow,FAQ,Lucknow,2600,2400,2500,Uttar Pradesh,Tomato
20/07/2015,Tomato,78,Lucknow,FAQ,Lucknow,2500,2200,2400,Uttar Pradesh,Tomato
19/07/2015,Tomato,78,Lucknow,FAQ,Lucknow,2500,2300,2400,Uttar Pradesh,Tomato
18/07/2015,Tomato,78,Lucknow,FAQ,Lucknow,2500,2300,2400,Uttar Pradesh,Tomato
17/07/2015,Tomato,78,Lucknow,FAQ,Lucknow,2500,2300,2400,Uttar Pradesh,Tomato
16/07/2015,Tomato,78,Lucknow,FAQ,Lucknow,2450,2300,2350,Uttar Pradesh,Tomato
15/07/2015,Tomato,78,Lucknow,FAQ,Lucknow,2400,2200,2300,Uttar Pradesh,Tomato
14/07/2015,Tomato,78,Lucknow,FAQ,Lucknow,2300,2100,2200,Uttar Pradesh,Tomato
13/07/2015,Tomato,78,Lucknow,FAQ,Lucknow,2300,2100,2200,Uttar Pradesh,Tomato
12/07/2015,Tomato,78,Lucknow,FAQ,Lucknow,2300,2100,2200,Uttar Pradesh,Tomato
10/07/2015,Tomato,78,Lucknow,FAQ,Lucknow,2400,2200,2300,Uttar Pradesh,Tomato
09/07/2015,Tomato,78,Lucknow,FAQ,Lucknow,2300,2100,2200,Uttar Pradesh,Tomato
07/07/2015,Tomato,78,Lucknow,FAQ,Lucknow,2500,2200,2300,Uttar Pradesh,Tomato
06/07/2015,Tomato,78,Lucknow,FAQ,Lucknow,2100,1900,2000,Uttar Pradesh,Tomato
05/07/2015,Tomato,78,Lucknow,FAQ,Lucknow,2100,1900,2000,Uttar Pradesh,Tomato
04/07/2015,Tomato,78,Lucknow,FAQ,Lucknow,2100,1900,2000,Uttar Pradesh,Tomato
02/07/2015,Tomato,78,Lucknow,FAQ,Lucknow,2300,2100,2200,Uttar Pradesh,Tomato
01/07/2015,Tomato,78,Lucknow,FAQ,Lucknow,2500,2200,2300,Uttar Pradesh,Tomato
30/06/2015,Tomato,78,Lucknow,FAQ,Lucknow,2300,2100,2200,Uttar Pradesh,Tomato
29/06/2015,Tomato,78,Lucknow,FAQ,Lucknow,2300,2100,2200,Uttar Pradesh,Tomato
27/06/2015,Tomato,78,Lucknow,FAQ,Lucknow,2400,2300,2350,Uttar Pradesh,Tomato
26/06/2015,Tomato,78,Lucknow,FAQ,Lucknow,2400,2200,2300,Uttar Pradesh,Tomato
25/06/2015,Tomato,78,Lucknow,FAQ,Lucknow,2350,2100,2200,Uttar Pradesh,Tomato
24/06/2015,Tomato,78,Lucknow,FAQ,Lucknow,2100,1900,2000,Uttar Pradesh,Tomato
23/06/2015,Tomato,78,Lucknow,FAQ,Lucknow,1950,1800,1850,Uttar Pradesh,Tomato
22/06/2015,Tomato,78,Lucknow,FAQ,Lucknow,1750,1500,1600,Uttar Pradesh,Tomato
21/06/2015,Tomato,78,Lucknow,FAQ,Lucknow,1800,1600,1700,Uttar Pradesh,Tomato
20/06/2015,Tomato,78,Lucknow,FAQ,Lucknow,1700,1600,1680,Uttar Pradesh,Tomato
19/06/2015,Tomato,78,Lucknow,FAQ,Lucknow,1725,1600,1650,Uttar Pradesh,Tomato
18/06/2015,Tomato,78,Lucknow,FAQ,Lucknow,1850,1700,1750,Uttar Pradesh,Tomato
17/06/2015,Tomato,78,Lucknow,FAQ,Lucknow,1900,1700,1800,Uttar Pradesh,Tomato
16/06/2015,Tomato,78,Lucknow,FAQ,Lucknow,1925,1800,1850,Uttar Pradesh,Tomato
15/06/2015,Tomato,78,Lucknow,FAQ,Lucknow,1900,1800,1850,Uttar Pradesh,Tomato
12/06/2015,Tomato,78,Lucknow,FAQ,Lucknow,1800,1600,1700,Uttar Pradesh,Tomato
11/06/2015,Tomato,78,Lucknow,FAQ,Lucknow,1650,1550,1600,Uttar Pradesh,Tomato
10/06/2015,Tomato,78,Lucknow,FAQ,Lucknow,1800,1600,1700,Uttar Pradesh,Tomato
09/06/2015,Tomato,78,Lucknow,FAQ,Lucknow,1700,1500,1600,Uttar Pradesh,Tomato
08/06/2015,Tomato,78,Lucknow,FAQ,Lucknow,1650,1500,1550,Uttar Pradesh,Tomato
06/06/2015,Tomato,78,Lucknow,FAQ,Lucknow,1550,1450,1500,Uttar Pradesh,Tomato
05/06/2015,Tomato,78,Lucknow,FAQ,Lucknow,1475,1400,1450,Uttar Pradesh,Tomato
04/06/2015,Tomato,78,Lucknow,FAQ,Lucknow,1500,1300,1400,Uttar Pradesh,Tomato
03/06/2015,Tomato,78,Lucknow,FAQ,Lucknow,1500,1400,1450,Uttar Pradesh,Tomato
02/06/2015,Tomato,78,Lucknow,FAQ,Lucknow,1500,1300,1400,Uttar Pradesh,Tomato
01/06/2015,Tomato,78,Lucknow,FAQ,Lucknow,1500,1300,1400,Uttar Pradesh,Tomato
30/05/2015,Tomato,78,Lucknow,FAQ,Lucknow,1600,1500,1550,Uttar Pradesh,Tomato
29/05/2015,Tomato,78,Lucknow,FAQ,Lucknow,1650,1500,1600,Uttar Pradesh,Tomato
28/05/2015,Tomato,78,Lucknow,FAQ,Lucknow,1700,1600,1650,Uttar Pradesh,Tomato
27/05/2015,Tomato,78,Lucknow,FAQ,Lucknow,1650,1600,1625,Uttar Pradesh,Tomato
26/05/2015,Tomato,78,Lucknow,FAQ,Lucknow,1700,1500,1600,Uttar Pradesh,Tomato
25/05/2015,Tomato,78,Lucknow,FAQ,Lucknow,1650,1500,1550,Uttar Pradesh,Tomato
24/05/2015,Tomato,78,Lucknow,FAQ,Lucknow,1600,1400,1500,Uttar Pradesh,Tomato
23/05/2015,Tomato,78,Lucknow,FAQ,Lucknow,1625,1550,1575,Uttar Pradesh,Tomato
22/05/2015,Tomato,78,Lucknow,FAQ,Lucknow,1700,1500,1600,Uttar Pradesh,Tomato
21/05/2015,Tomato,78,Lucknow,FAQ,Lucknow,1600,1400,1500,Uttar Pradesh,Tomato
20/05/2015,Tomato,78,Lucknow,FAQ,Lucknow,1650,1500,1600,Uttar Pradesh,Tomato
19/05/2015,Tomato,78,Lucknow,FAQ,Lucknow,1650,1500,1550,Uttar Pradesh,Tomato
17/05/2015,Tomato,78,Lucknow,FAQ,Lucknow,1600,1400,1500,Uttar Pradesh,Tomato
16/05/2015,Tomato,78,Lucknow,FAQ,Lucknow,1700,1500,1600,Uttar Pradesh,Tomato
15/05/2015,Tomato,78,Lucknow,FAQ,Lucknow,1700,1500,1600,Uttar Pradesh,Tomato
14/05/2015,Tomato,78,Lucknow,FAQ,Lucknow,1700,1500,1600,Uttar Pradesh,Tomato
13/05/2015,Tomato,78,Lucknow,FAQ,Lucknow,1600,1400,1500,Uttar Pradesh,Tomato
12/05/2015,Tomato,78,Lucknow,FAQ,Lucknow,1400,1200,1300,Uttar Pradesh,Tomato
11/05/2015,Tomato,78,Lucknow,FAQ,Lucknow,1500,1300,1400,Uttar Pradesh,Tomato
10/05/2015,Tomato,78,Lucknow,FAQ,Lucknow,1500,1300,1400,Uttar Pradesh,Tomato
09/05/2015,Tomato,78,Lucknow,FAQ,Lucknow,1500,1300,1400,Uttar Pradesh,Tomato
08/05/2015,Tomato,78,Lucknow,FAQ,Lucknow,1550,1400,1450,Uttar Pradesh,Tomato
07/05/2015,Tomato,78,Lucknow,FAQ,Lucknow,1450,1300,1350,Uttar Pradesh,Tomato
06/05/2015,Tomato,78,Lucknow,FAQ,Lucknow,1350,1200,1250,Uttar Pradesh,Tomato
05/05/2015,Tomato,78,Lucknow,FAQ,Lucknow,1300,1200,1250,Uttar Pradesh,Tomato
04/05/2015,Tomato,78,Lucknow,FAQ,Lucknow,1300,1100,1200,Uttar Pradesh,Tomato
03/05/2015,Tomato,78,Lucknow,FAQ,Lucknow,1450,1200,1300,Uttar Pradesh,Tomato
02/05/2015,Tomato,78,Lucknow,FAQ,Lucknow,1450,1200,1300,Uttar Pradesh,Tomato
01/05/2015,Tomato,78,Lucknow,FAQ,Lucknow,1350,1200,1300,Uttar Pradesh,Tomato
30/04/2015,Tomato,78,Lucknow,FAQ,Lucknow,1500,1300,1400,Uttar Pradesh,Tomato
29/04/2015,Tomato,78,Lucknow,FAQ,Lucknow,1600,1400,1500,Uttar Pradesh,Tomato
28/04/2015,Tomato,78,Lucknow,FAQ,Lucknow,1625,1550,1600,Uttar Pradesh,Tomato
27/04/2015,Tomato,78,Lucknow,FAQ,Lucknow,1650,1550,1600,Uttar Pradesh,Tomato
26/04/2015,Tomato,78,Lucknow,FAQ,Lucknow,1700,1500,1600,Uttar Pradesh,Tomato
25/04/2015,Tomato,78,Lucknow,FAQ,Lucknow,1700,1600,1650,Uttar Pradesh,Tomato
24/04/2015,Tomato,78,Lucknow,FAQ,Lucknow,1700,1600,1650,Uttar Pradesh,Tomato
23/04/2015,Tomato,78,Lucknow,FAQ,Lucknow,1700,1500,1600,Uttar Pradesh,Tomato
22/04/2015,Tomato,78,Lucknow,FAQ,Lucknow,1800,1600,1700,Uttar Pradesh,Tomato
21/04/2015,Tomato,78,Lucknow,FAQ,Lucknow,1800,1600,1700,Uttar Pradesh,Tomato
20/04/2015,Tomato,78,Lucknow,FAQ,Lucknow,1800,1600,1700,Uttar Pradesh,Tomato
19/04/2015,Tomato,78,Lucknow,FAQ,Lucknow,1700,1500,1600,Uttar Pradesh,Tomato
18/04/2015,Tomato,78,Lucknow,FAQ,Lucknow,1625,1550,1600,Uttar Pradesh,Tomato
13/04/2015,Tomato,78,Lucknow,FAQ,Lucknow,1700,1600,1675,Uttar Pradesh,Tomato
12/04/2015,Tomato,78,Lucknow,FAQ,Lucknow,1700,1600,1670,Uttar Pradesh,Tomato
11/04/2015,Tomato,78,Lucknow,FAQ,Lucknow,1700,1600,1670,Uttar Pradesh,Tomato
10/04/2015,Tomato,78,Lucknow,FAQ,Lucknow,1700,1600,1650,Uttar Pradesh,Tomato
09/04/2015,Tomato,78,Lucknow,FAQ,Lucknow,1800,1600,1700,Uttar Pradesh,Tomato
08/04/2015,Tomato,78,Lucknow,FAQ,Lucknow,1800,1600,1700,Uttar Pradesh,Tomato
07/04/2015,Tomato,78,Lucknow,FAQ,Lucknow,1800,1600,1700,Uttar Pradesh,Tomato
06/04/2015,Tomato,78,Lucknow,FAQ,Lucknow,1800,1600,1650,Uttar Pradesh,Tomato
05/04/2015,Tomato,78,Lucknow,FAQ,Lucknow,1700,1500,1625,Uttar Pradesh,Tomato
04/04/2015,Tomato,78,Lucknow,FAQ,Lucknow,1700,1500,1600,Uttar Pradesh,Tomato
03/04/2015,Tomato,78,Lucknow,FAQ,Lucknow,1700,1500,1600,Uttar Pradesh,Tomato
02/04/2015,Tomato,78,Lucknow,FAQ,Lucknow,1700,1500,1600,Uttar Pradesh,Tomato
01/04/2015,Tomato,78,Lucknow,FAQ,Lucknow,1750,1500,1600,Uttar Pradesh,Tomato
31/03/2015,Tomato,78,Lucknow,FAQ,Lucknow,1650,1400,1500,Uttar Pradesh,Tomato
28/03/2015,Tomato,78,Lucknow,FAQ,Lucknow,1500,1300,1400,Uttar Pradesh,Tomato
27/03/2015,Tomato,78,Lucknow,FAQ,Lucknow,1400,1200,1300,Uttar Pradesh,Tomato
25/03/2015,Tomato,78,Lucknow,FAQ,Lucknow,1550,1400,1450,Uttar Pradesh,Tomato
24/03/2015,Tomato,78,Lucknow,FAQ,Lucknow,1550,1450,1500,Uttar Pradesh,Tomato
23/03/2015,Tomato,78,Lucknow,FAQ,Lucknow,1600,1400,1500,Uttar Pradesh,Tomato
22/03/2015,Tomato,78,Lucknow,FAQ,Lucknow,1600,1400,1500,Uttar Pradesh,Tomato
21/03/2015,Tomato,78,Lucknow,FAQ,Lucknow,1450,1300,1400,Uttar Pradesh,Tomato
20/03/2015,Tomato,78,Lucknow,FAQ,Lucknow,1500,1300,1400,Uttar Pradesh,Tomato
19/03/2015,Tomato,78,Lucknow,FAQ,Lucknow,1500,1300,1400,Uttar Pradesh,Tomato
18/03/2015,Tomato,78,Lucknow,FAQ,Lucknow,1500,1300,1400,Uttar Pradesh,Tomato
17/03/2015,Tomato,78,Lucknow,FAQ,Lucknow,1600,1400,1500,Uttar Pradesh,Tomato
16/03/2015,Tomato,78,Lucknow,FAQ,Lucknow,1600,1420,1550,Uttar Pradesh,Tomato
15/03/2015,Tomato,78,Lucknow,FAQ,Lucknow,1600,1400,1550,Uttar Pradesh,Tomato
14/03/2015,Tomato,78,Lucknow,FAQ,Lucknow,1600,1400,1550,Uttar Pradesh,Tomato
13/03/2015,Tomato,78,Lucknow,FAQ,Lucknow,1500,1300,1400,Uttar Pradesh,Tomato
12/03/2015,Tomato,78,Lucknow,FAQ,Lucknow,1500,1300,1400,Uttar Pradesh,Tomato
11/03/2015,Tomato,78,Lucknow,FAQ,Lucknow,1500,1300,1400,Uttar Pradesh,Tomato
10/03/2015,Tomato,78,Lucknow,FAQ,Lucknow,1400,1200,1300,Uttar Pradesh,Tomato
09/03/2015,Tomato,78,Lucknow,FAQ,Lucknow,1400,1200,1300,Uttar Pradesh,Tomato
08/03/2015,Tomato,78,Lucknow,FAQ,Lucknow,1400,1200,1300,Uttar Pradesh,Tomato
07/03/2015,Tomato,78,Lucknow,FAQ,Lucknow,1400,1200,1300,Uttar Pradesh,Tomato
05/03/2015,Tomato,78,Lucknow,FAQ,Lucknow,1350,1200,1300,Uttar Pradesh,Tomato
04/03/2015,Tomato,78,Lucknow,FAQ,Lucknow,1400,1200,1300,Uttar Pradesh,Tomato
03/03/2015,Tomato,78,Lucknow,FAQ,Lucknow,1400,1200,1300,Uttar Pradesh,Tomato
02/03/2015,Tomato,78,Lucknow,FAQ,Lucknow,1300,1200,1250,Uttar Pradesh,Tomato
01/03/2015,Tomato,78,Lucknow,FAQ,Lucknow,1400,1200,1300,Uttar Pradesh,Tomato
28/02/2015,Tomato,78,Lucknow,FAQ,Lucknow,1400,1200,1300,Uttar Pradesh,Tomato
27/02/2015,Tomato,78,Lucknow,FAQ,Lucknow,1550,1400,1500,Uttar Pradesh,Tomato
26/02/2015,Tomato,78,Lucknow,FAQ,Lucknow,1700,1500,1600,Uttar Pradesh,Tomato
25/02/2015,Tomato,78,Lucknow,FAQ,Lucknow,1600,1400,1500,Uttar Pradesh,Tomato
24/02/2015,Tomato,78,Lucknow,FAQ,Lucknow,1500,1300,1400,Uttar Pradesh,Tomato
23/02/2015,Tomato,78,Lucknow,FAQ,Lucknow,1400,1300,1350,Uttar Pradesh,Tomato
22/02/2015,Tomato,78,Lucknow,FAQ,Lucknow,1500,1300,1400,Uttar Pradesh,Tomato
21/02/2015,Tomato,78,Lucknow,FAQ,Lucknow,1500,1300,1400,Uttar Pradesh,Tomato
20/02/2015,Tomato,78,Lucknow,FAQ,Lucknow,1475,1300,1400,Uttar Pradesh,Tomato
19/02/2015,Tomato,78,Lucknow,FAQ,Lucknow,1500,1300,1400,Uttar Pradesh,Tomato
18/02/2015,Tomato,78,Lucknow,FAQ,Lucknow,1400,1200,1300,Uttar Pradesh,Tomato
17/02/2015,Tomato,78,Lucknow,FAQ,Lucknow,1400,1200,1300,Uttar Pradesh,Tomato
16/02/2015,Tomato,78,Lucknow,FAQ,Lucknow,1400,1200,1300,Uttar Pradesh,Tomato
15/02/2015,Tomato,78,Lucknow,FAQ,Lucknow,1350,1200,1250,Uttar Pradesh,Tomato
14/02/2015,Tomato,78,Lucknow,FAQ,Lucknow,1350,1200,1250,Uttar Pradesh,Tomato
13/02/2015,Tomato,78,Lucknow,FAQ,Lucknow,1300,1200,1250,Uttar Pradesh,Tomato
12/02/2015,Tomato,78,Lucknow,FAQ,Lucknow,1350,1100,1200,Uttar Pradesh,Tomato
11/02/2015,Tomato,78,Lucknow,FAQ,Lucknow,1250,1000,1100,Uttar Pradesh,Tomato
10/02/2015,Tomato,78,Lucknow,FAQ,Lucknow,1350,1200,1250,Uttar Pradesh,Tomato
09/02/2015,Tomato,78,Lucknow,FAQ,Lucknow,1300,1100,1200,Uttar Pradesh,Tomato
08/02/2015,Tomato,78,Lucknow,FAQ,Lucknow,1300,1000,1200,Uttar Pradesh,Tomato
06/02/2015,Tomato,78,Lucknow,FAQ,Lucknow,1200,1000,1100,Uttar Pradesh,Tomato
05/02/2015,Tomato,78,Lucknow,FAQ,Lucknow,1300,1000,1100,Uttar Pradesh,Tomato
04/02/2015,Tomato,78,Lucknow,FAQ,Lucknow,1200,900,1000,Uttar Pradesh,Tomato
01/02/2015,Tomato,78,Lucknow,FAQ,Lucknow,1300,1000,1200,Uttar Pradesh,Tomato
31/01/2015,Tomato,78,Lucknow,FAQ,Lucknow,1300,1200,1250,Uttar Pradesh,Tomato
29/01/2015,Tomato,78,Lucknow,FAQ,Lucknow,1240,1200,1225,Uttar Pradesh,Tomato
28/01/2015,Tomato,78,Lucknow,FAQ,Lucknow,1350,1100,1200,Uttar Pradesh,Tomato
27/01/2015,Tomato,78,Lucknow,FAQ,Lucknow,1200,900,1000,Uttar Pradesh,Tomato
25/01/2015,Tomato,78,Lucknow,FAQ,Lucknow,1200,900,1000,Uttar Pradesh,Tomato
24/01/2015,Tomato,78,Lucknow,FAQ,Lucknow,1200,900,1000,Uttar Pradesh,Tomato
23/01/2015,Tomato,78,Lucknow,FAQ,Lucknow,1000,800,900,Uttar Pradesh,Tomato
22/01/2015,Tomato,78,Lucknow,FAQ,Lucknow,1100,900,975,Uttar Pradesh,Tomato
21/01/2015,Tomato,78,Lucknow,FAQ,Lucknow,1100,900,1000,Uttar Pradesh,Tomato
20/01/2015,Tomato,78,Lucknow,FAQ,Lucknow,1100,900,1000,Uttar Pradesh,Tomato
18/01/2015,Tomato,78,Lucknow,FAQ,Lucknow,1100,900,1000,Uttar Pradesh,Tomato
17/01/2015,Tomato,78,Lucknow,FAQ,Lucknow,1100,900,1000,Uttar Pradesh,Tomato
16/01/2015,Tomato,78,Lucknow,FAQ,Lucknow,1150,900,1000,Uttar Pradesh,Other
15/01/2015,Tomato,78,Lucknow,FAQ,Lucknow,1200,900,1000,Uttar Pradesh,Tomato
14/01/2015,Tomato,78,Lucknow,FAQ,Lucknow,1200,1000,1100,Uttar Pradesh,Tomato
13/01/2015,Tomato,78,Lucknow,FAQ,Lucknow,1300,1000,1200,Uttar Pradesh,Tomato
12/01/2015,Tomato,78,Lucknow,FAQ,Lucknow,1500,1300,1400,Uttar Pradesh,Tomato
11/01/2015,Tomato,78,Lucknow,FAQ,Lucknow,1500,1300,1400,Uttar Pradesh,Tomato
10/01/2015,Tomato,78,Lucknow,FAQ,Lucknow,1500,1300,1400,Uttar Pradesh,Tomato
09/01/2015,Tomato,78,Lucknow,FAQ,Lucknow,1600,1400,1500,Uttar Pradesh,Tomato
08/01/2015,Tomato,78,Lucknow,FAQ,Lucknow,1600,1400,1500,Uttar Pradesh,Tomato
07/01/2015,Tomato,78,Lucknow,FAQ,Lucknow,1700,1500,1600,Uttar Pradesh,Tomato
06/01/2015,Tomato,78,Lucknow,FAQ,Lucknow,1700,1500,1600,Uttar Pradesh,Tomato
05/01/2015,Tomato,78,Lucknow,FAQ,Lucknow,1700,1500,1600,Uttar Pradesh,Tomato
04/01/2015,Tomato,78,Lucknow,FAQ,Lucknow,1600,1400,1500,Uttar Pradesh,Tomato
02/01/2015,Tomato,78,Lucknow,FAQ,Lucknow,1450,1250,1350,Uttar Pradesh,Tomato
01/01/2015,Tomato,78,Lucknow,FAQ,Lucknow,1350,1200,1250,Uttar Pradesh,Tomato
31/12/2014,Tomato,78,Lucknow,FAQ,Lucknow,1050,1000,1025,Uttar Pradesh,Tomato
30/12/2014,Tomato,78,Lucknow,FAQ,Lucknow,1050,925,1000,Uttar Pradesh,Tomato
29/12/2014,Tomato,78,Lucknow,FAQ,Lucknow,1050,900,1000,Uttar Pradesh,Tomato
28/12/2014,Tomato,78,Lucknow,FAQ,Lucknow,1050,900,1000,Uttar Pradesh,Tomato
27/12/2014,Tomato,78,Lucknow,FAQ,Lucknow,1100,1000,1060,Uttar Pradesh,Tomato
26/12/2014,Tomato,78,Lucknow,FAQ,Lucknow,1100,1000,1050,Uttar Pradesh,Tomato
25/12/2014,Tomato,78,Lucknow,FAQ,Lucknow,1200,1000,1100,Uttar Pradesh,Tomato
24/12/2014,Tomato,78,Lucknow,FAQ,Lucknow,1200,1040,1100,Uttar Pradesh,Tomato
22/12/2014,Tomato,78,Lucknow,FAQ,Lucknow,1100,900,1000,Uttar Pradesh,Other
21/12/2014,Tomato,78,Lucknow,FAQ,Lucknow,1050,950,1000,Uttar Pradesh,Tomato
19/12/2014,Tomato,78,Lucknow,FAQ,Lucknow,1200,1000,1100,Uttar Pradesh,Tomato
18/12/2014,Tomato,78,Lucknow,FAQ,Lucknow,1300,1100,1250,Uttar Pradesh,Tomato
17/12/2014,Tomato,78,Lucknow,FAQ,Lucknow,1350,1200,1300,Uttar Pradesh,Tomato
16/12/2014,Tomato,78,Lucknow,FAQ,Lucknow,1400,1200,1300,Uttar Pradesh,Tomato
15/12/2014,Tomato,78,Lucknow,FAQ,Lucknow,1300,1100,1200,Uttar Pradesh,Tomato
13/12/2014,Tomato,78,Lucknow,FAQ,Lucknow,1300,1100,1200,Uttar Pradesh,Tomato
12/12/2014,Tomato,78,Lucknow,FAQ,Lucknow,1100,900,1000,Uttar Pradesh,Tomato
11/12/2014,Tomato,78,Lucknow,FAQ,Lucknow,1100,900,1000,Uttar Pradesh,Tomato
09/12/2014,Tomato,78,Lucknow,FAQ,Lucknow,1225,1000,1100,Uttar Pradesh,Tomato
08/12/2014,Tomato,78,Lucknow,FAQ,Lucknow,1300,1000,1200,Uttar Pradesh,Tomato
07/12/2014,Tomato,78,Lucknow,FAQ,Lucknow,1300,1000,1200,Uttar Pradesh,Tomato
06/12/2014,Tomato,78,Lucknow,FAQ,Lucknow,1300,1000,1200,Uttar Pradesh,Tomato
05/12/2014,Tomato,78,Lucknow,FAQ,Lucknow,1300,1100,1200,Uttar Pradesh,Tomato
04/12/2014,Tomato,78,Lucknow,FAQ,Lucknow,1300,1100,1200,Uttar Pradesh,Tomato
03/12/2014,Tomato,78,Lucknow,FAQ,Lucknow,1300,1100,1200,Uttar Pradesh,Tomato
02/12/2014,Tomato,78,Lucknow,FAQ,Lucknow,1200,900,1000,Uttar Pradesh,Tomato
27/11/2014,Tomato,78,Lucknow,FAQ,Lucknow,950,800,850,Uttar Pradesh,Tomato
26/11/2014,Tomato,78,Lucknow,FAQ,Lucknow,900,700,800,Uttar Pradesh,Tomato
25/11/2014,Tomato,78,Lucknow,FAQ,Lucknow,900,700,825,Uttar Pradesh,Tomato
24/11/2014,Tomato,78,Lucknow,FAQ,Lucknow,900,700,825,Uttar Pradesh,Tomato
23/11/2014,Tomato,78,Lucknow,FAQ,Lucknow,900,700,800,Uttar Pradesh,Tomato
22/11/2014,Tomato,78,Lucknow,FAQ,Lucknow,900,700,800,Uttar Pradesh,Tomato
21/11/2014,Tomato,78,Lucknow,FAQ,Lucknow,900,700,800,Uttar Pradesh,Tomato
20/11/2014,Tomato,78,Lucknow,FAQ,Lucknow,900,700,800,Uttar Pradesh,Tomato
19/11/2014,Tomato,78,Lucknow,FAQ,Lucknow,900,800,850,Uttar Pradesh,Tomato
18/11/2014,Tomato,78,Lucknow,FAQ,Lucknow,900,750,850,Uttar Pradesh,Tomato
17/11/2014,Tomato,78,Lucknow,FAQ,Lucknow,900,700,800,Uttar Pradesh,Tomato
16/11/2014,Tomato,78,Lucknow,FAQ,Lucknow,900,700,800,Uttar Pradesh,Tomato
15/11/2014,Tomato,78,Lucknow,FAQ,Lucknow,950,800,875,Uttar Pradesh,Tomato
14/11/2014,Tomato,78,Lucknow,FAQ,Lucknow,1000,800,900,Uttar Pradesh,Tomato
13/11/2014,Tomato,78,Lucknow,FAQ,Lucknow,1000,800,900,Uttar Pradesh,Tomato
12/11/2014,Tomato,78,Lucknow,FAQ,Lucknow,1000,800,900,Uttar Pradesh,Tomato
11/11/2014,Tomato,78,Lucknow,FAQ,Lucknow,1050,850,950,Uttar Pradesh,Tomato
10/11/2014,Tomato,78,Lucknow,FAQ,Lucknow,1100,900,1000,Uttar Pradesh,Tomato
27/10/2014,Tomato,78,Lucknow,FAQ,Lucknow,1600,1400,1500,Uttar Pradesh,Tomato
26/10/2014,Tomato,78,Lucknow,FAQ,Lucknow,1700,1500,1600,Uttar Pradesh,Other
25/10/2014,Tomato,78,Lucknow,FAQ,Lucknow,1700,1500,1600,Uttar Pradesh,Other
23/10/2014,Tomato,78,Lucknow,FAQ,Lucknow,1800,1600,1700,Uttar Pradesh,Other
22/10/2014,Tomato,78,Lucknow,FAQ,Lucknow,1900,1700,1800,Uttar Pradesh,Other
21/10/2014,Tomato,78,Lucknow,FAQ,Lucknow,2000,1800,1900,Uttar Pradesh,Tomato
20/10/2014,Tomato,78,Lucknow,FAQ,Lucknow,2000,1800,1900,Uttar Pradesh,Tomato
19/10/2014,Tomato,78,Lucknow,FAQ,Lucknow,2050,1800,1950,Uttar Pradesh,Tomato
18/10/2014,Tomato,78,Lucknow,FAQ,Lucknow,2100,1860,1975,Uttar Pradesh,Tomato
17/10/2014,Tomato,78,Lucknow,FAQ,Lucknow,2100,1900,2000,Uttar Pradesh,Tomato
16/10/2014,Tomato,78,Lucknow,FAQ,Lucknow,2200,2000,2100,Uttar Pradesh,Tomato
15/10/2014,Tomato,78,Lucknow,FAQ,Lucknow,2200,2000,2100,Uttar Pradesh,Tomato
14/10/2014,Tomato,78,Lucknow,FAQ,Lucknow,2100,1900,2000,Uttar Pradesh,Tomato
13/10/2014,Tomato,78,Lucknow,FAQ,Lucknow,2200,1900,2050,Uttar Pradesh,Tomato
12/10/2014,Tomato,78,Lucknow,FAQ,Lucknow,2200,1900,2000,Uttar Pradesh,Tomato
11/10/2014,Tomato,78,Lucknow,FAQ,Lucknow,2200,1900,2000,Uttar Pradesh,Tomato
10/10/2014,Tomato,78,Lucknow,FAQ,Lucknow,2200,1900,2000,Uttar Pradesh,Tomato
09/10/2014,Tomato,78,Lucknow,FAQ,Lucknow,2200,2000,2100,Uttar Pradesh,Tomato
08/10/2014,Tomato,78,Lucknow,FAQ,Lucknow,2300,2100,2200,Uttar Pradesh,Tomato
07/10/2014,Tomato,78,Lucknow,FAQ,Lucknow,2325,2100,2200,Uttar Pradesh,Tomato
06/10/2014,Tomato,78,Lucknow,FAQ,Lucknow,2400,2100,2200,Uttar Pradesh,Tomato
05/10/2014,Tomato,78,Lucknow,FAQ,Lucknow,2400,2200,2250,Uttar Pradesh,Tomato
04/10/2014,Tomato,78,Lucknow,FAQ,Lucknow,2450,2300,2350,Uttar Pradesh,Tomato
03/10/2014,Tomato,78,Lucknow,FAQ,Lucknow,2450,2200,2325,Uttar Pradesh,Tomato
01/10/2014,Tomato,78,Lucknow,FAQ,Lucknow,2400,2200,2300,Uttar Pradesh,Tomato
29/09/2014,Tomato,78,Lucknow,FAQ,Lucknow,2500,2300,2400,Uttar Pradesh,Tomato
28/09/2014,Tomato,78,Lucknow,FAQ,Lucknow,2500,2300,2400,Uttar Pradesh,Tomato
27/09/2014,Tomato,78,Lucknow,FAQ,Lucknow,2600,2300,2450,Uttar Pradesh,Tomato
26/09/2014,Tomato,78,Lucknow,FAQ,Lucknow,2600,2400,2500,Uttar Pradesh,Tomato
23/09/2014,Tomato,78,Lucknow,FAQ,Lucknow,2550,2300,2400,Uttar Pradesh,Tomato
21/09/2014,Tomato,78,Lucknow,FAQ,Lucknow,2650,2400,2500,Uttar Pradesh,Tomato
20/09/2014,Tomato,78,Lucknow,FAQ,Lucknow,2700,2500,2600,Uttar Pradesh,Tomato
19/09/2014,Tomato,78,Lucknow,FAQ,Lucknow,2750,2500,2600,Uttar Pradesh,Tomato
18/09/2014,Tomato,78,Lucknow,FAQ,Lucknow,2800,2400,2600,Uttar Pradesh,Tomato
17/09/2014,Tomato,78,Lucknow,FAQ,Lucknow,2750,2400,2550,Uttar Pradesh,Tomato
05/09/2014,Tomato,78,Lucknow,FAQ,Lucknow,3100,2700,2900,Uttar Pradesh,Tomato
04/09/2014,Tomato,78,Lucknow,FAQ,Lucknow,3200,2800,3000,Uttar Pradesh,Tomato
03/09/2014,Tomato,78,Lucknow,FAQ,Lucknow,3150,2900,3050,Uttar Pradesh,Tomato
01/09/2014,Tomato,78,Lucknow,FAQ,Lucknow,3200,2900,3000,Uttar Pradesh,Tomato
31/08/2014,Tomato,78,Lucknow,FAQ,Lucknow,3200,3000,3050,Uttar Pradesh,Tomato
30/08/2014,Tomato,78,Lucknow,FAQ,Lucknow,3300,2850,3050,Uttar Pradesh,Tomato
29/08/2014,Tomato,78,Lucknow,FAQ,Lucknow,3200,2800,2950,Uttar Pradesh,Tomato
28/08/2014,Tomato,78,Lucknow,FAQ,Lucknow,3200,2750,3000,Uttar Pradesh,Tomato
27/08/2014,Tomato,78,Lucknow,FAQ,Lucknow,3200,2800,3000,Uttar Pradesh,Tomato
26/08/2014,Tomato,78,Lucknow,FAQ,Lucknow,3200,2800,3000,Uttar Pradesh,Tomato
22/08/2014,Tomato,78,Lucknow,FAQ,Lucknow,3600,3200,3400,Uttar Pradesh,Tomato
20/08/2014,Tomato,78,Lucknow,FAQ,Lucknow,3700,3300,3500,Uttar Pradesh,Tomato
19/08/2014,Tomato,78,Lucknow,FAQ,Lucknow,3800,3400,3600,Uttar Pradesh,Tomato
18/08/2014,Tomato,78,Lucknow,FAQ,Lucknow,3800,3400,3600,Uttar Pradesh,Tomato
16/08/2014,Tomato,78,Lucknow,FAQ,Lucknow,3800,3700,3750,Uttar Pradesh,Tomato
14/08/2014,Tomato,78,Lucknow,FAQ,Lucknow,4100,3500,3800,Uttar Pradesh,Tomato
13/08/2014,Tomato,78,Lucknow,FAQ,Lucknow,4200,3700,3900,Uttar Pradesh,Tomato
12/08/2014,Tomato,78,Lucknow,FAQ,Lucknow,4200,3700,3950,Uttar Pradesh,Tomato
11/08/2014,Tomato,78,Lucknow,FAQ,Lucknow,3900,3700,3900,Uttar Pradesh,Tomato
10/08/2014,Tomato,78,Lucknow,FAQ,Lucknow,4200,3700,3900,Uttar Pradesh,Tomato
09/08/2014,Tomato,78,Lucknow,FAQ,Lucknow,4200,3700,3900,Uttar Pradesh,Tomato
08/08/2014,Tomato,78,Lucknow,FAQ,Lucknow,4250,3700,4000,Uttar Pradesh,Tomato
07/08/2014,Tomato,78,Lucknow,FAQ,Lucknow,4200,3700,4000,Uttar Pradesh,Other
06/08/2014,Tomato,78,Lucknow,FAQ,Lucknow,4200,3700,3950,Uttar Pradesh,Tomato
30/07/2014,Tomato,78,Lucknow,FAQ,Lucknow,3925,3260,3500,Uttar Pradesh,Tomato
29/07/2014,Tomato,78,Lucknow,FAQ,Lucknow,3900,3250,3500,Uttar Pradesh,Tomato
28/07/2014,Tomato,78,Lucknow,FAQ,Lucknow,3800,3200,3500,Uttar Pradesh,Tomato
27/07/2014,Tomato,78,Lucknow,FAQ,Lucknow,3700,3000,3400,Uttar Pradesh,Tomato
26/07/2014,Tomato,78,Lucknow,FAQ,Lucknow,3600,3000,3300,Uttar Pradesh,Tomato
25/07/2014,Tomato,78,Lucknow,FAQ,Lucknow,3600,3000,3300,Uttar Pradesh,Tomato
24/07/2014,Tomato,78,Lucknow,FAQ,Lucknow,3500,3000,3200,Uttar Pradesh,Tomato
23/07/2014,Tomato,78,Lucknow,FAQ,Lucknow,3400,2900,3100,Uttar Pradesh,Tomato
22/07/2014,Tomato,78,Lucknow,FAQ,Lucknow,3000,2700,2800,Uttar Pradesh,Tomato
21/07/2014,Tomato,78,Lucknow,FAQ,Lucknow,2800,2300,2500,Uttar Pradesh,Tomato
20/07/2014,Tomato,78,Lucknow,FAQ,Lucknow,2800,2300,2500,Uttar Pradesh,Tomato
19/07/2014,Tomato,78,Lucknow,FAQ,Lucknow,2700,2200,2425,Uttar Pradesh,Tomato
18/07/2014,Tomato,78,Lucknow,FAQ,Lucknow,2700,2200,2400,Uttar Pradesh,Tomato
17/07/2014,Tomato,78,Lucknow,FAQ,Lucknow,2450,2250,2350,Uttar Pradesh,Tomato
16/07/2014,Tomato,78,Lucknow,FAQ,Lucknow,2400,2100,2200,Uttar Pradesh,Tomato
15/07/2014,Tomato,78,Lucknow,FAQ,Lucknow,2400,2100,2200,Uttar Pradesh,Tomato
14/07/2014,Tomato,78,Lucknow,FAQ,Lucknow,2150,1900,2000,Uttar Pradesh,Tomato
13/07/2014,Tomato,78,Lucknow,FAQ,Lucknow,2100,1800,1950,Uttar Pradesh,Tomato
12/07/2014,Tomato,78,Lucknow,FAQ,Lucknow,2000,1800,1850,Uttar Pradesh,Tomato
11/07/2014,Tomato,78,Lucknow,FAQ,Lucknow,1850,1700,1750,Uttar Pradesh,Tomato
10/07/2014,Tomato,78,Lucknow,FAQ,Lucknow,1700,1500,1600,Uttar Pradesh,Tomato
09/07/2014,Tomato,78,Lucknow,FAQ,Lucknow,1650,1450,1550,Uttar Pradesh,Tomato
08/07/2014,Tomato,78,Lucknow,FAQ,Lucknow,1500,1300,1400,Uttar Pradesh,Tomato
07/07/2014,Tomato,78,Lucknow,FAQ,Lucknow,1450,1300,1350,Uttar Pradesh,Tomato
06/07/2014,Tomato,78,Lucknow,FAQ,Lucknow,1300,1100,1200,Uttar Pradesh,Tomato
05/07/2014,Tomato,78,Lucknow,FAQ,Lucknow,1300,1100,1200,Uttar Pradesh,Tomato
04/07/2014,Tomato,78,Lucknow,FAQ,Lucknow,1350,1100,1200,Uttar Pradesh,Tomato
02/07/2014,Tomato,78,Lucknow,FAQ,Lucknow,1150,950,1050,Uttar Pradesh,Deshi
01/07/2014,Tomato,78,Lucknow,FAQ,Lucknow,1100,900,1000,Uttar Pradesh,Deshi
30/06/2014,Tomato,78,Lucknow,FAQ,Lucknow,1050,900,950,Uttar Pradesh,Deshi
28/06/2014,Tomato,78,Lucknow,FAQ,Lucknow,1100,900,1000,Uttar Pradesh,Deshi
26/06/2014,Tomato,78,Lucknow,FAQ,Lucknow,1100,900,1000,Uttar Pradesh,Deshi
23/06/2014,Tomato,78,Lucknow,FAQ,Lucknow,1100,800,900,Uttar Pradesh,Other
22/06/2014,Tomato,78,Lucknow,FAQ,Lucknow,950,800,900,Uttar Pradesh,Other
20/06/2014,Tomato,78,Lucknow,FAQ,Lucknow,950,800,850,Uttar Pradesh,Other
19/06/2014,Tomato,78,Lucknow,FAQ,Lucknow,950,800,900,Uttar Pradesh,Other
18/06/2014,Tomato,78,Lucknow,FAQ,Lucknow,950,800,900,Uttar Pradesh,Other
17/06/2014,Tomato,78,Lucknow,FAQ,Lucknow,900,750,800,Uttar Pradesh,Other
16/06/2014,Tomato,78,Lucknow,FAQ,Lucknow,800,700,750,Uttar Pradesh,Other
15/06/2014,Tomato,78,Lucknow,FAQ,Lucknow,800,700,750,Uttar Pradesh,Other
14/06/2014,Tomato,78,Lucknow,FAQ,Lucknow,800,700,750,Uttar Pradesh,Other
13/06/2014,Tomato,78,Lucknow,FAQ,Lucknow,800,700,750,Uttar Pradesh,Other
12/06/2014,Tomato,78,Lucknow,FAQ,Lucknow,800,600,700,Uttar Pradesh,Other
02/06/2014,Tomato,78,Lucknow,FAQ,Lucknow,700,600,650,Uttar Pradesh,Other
29/05/2014,Tomato,78,Lucknow,FAQ,Lucknow,700,500,600,Uttar Pradesh,Other
28/05/2014,Tomato,78,Lucknow,FAQ,Lucknow,700,600,650,Uttar Pradesh,Other
26/05/2014,Tomato,78,Lucknow,FAQ,Lucknow,650,500,600,Uttar Pradesh,Other
25/05/2014,Tomato,78,Lucknow,FAQ,Lucknow,650,500,600,Uttar Pradesh,Other
24/05/2014,Tomato,78,Lucknow,FAQ,Lucknow,600,500,550,Uttar Pradesh,Other
23/05/2014,Tomato,78,Lucknow,FAQ,Lucknow,700,500,600,Uttar Pradesh,Other
22/05/2014,Tomato,78,Lucknow,FAQ,Lucknow,700,500,600,Uttar Pradesh,Other
21/05/2014,Tomato,78,Lucknow,FAQ,Lucknow,700,500,600,Uttar Pradesh,Other
20/05/2014,Tomato,78,Lucknow,FAQ,Lucknow,600,500,550,Uttar Pradesh,Other
19/05/2014,Tomato,78,Lucknow,FAQ,Lucknow,600,400,500,Uttar Pradesh,Other
18/05/2014,Tomato,78,Lucknow,FAQ,Lucknow,600,400,500,Uttar Pradesh,Other
16/05/2014,Tomato,78,Lucknow,FAQ,Lucknow,700,500,600,Uttar Pradesh,Other
15/05/2014,Tomato,78,Lucknow,FAQ,Lucknow,600,500,550,Uttar Pradesh,Other
14/05/2014,Tomato,78,Lucknow,FAQ,Lucknow,700,500,600,Uttar Pradesh,Other
13/05/2014,Tomato,78,Lucknow,FAQ,Lucknow,700,500,600,Uttar Pradesh,Other
12/05/2014,Tomato,78,Lucknow,FAQ,Lucknow,850,700,775,Uttar Pradesh,Other
11/05/2014,Tomato,78,Lucknow,FAQ,Lucknow,900,700,800,Uttar Pradesh,Other
10/05/2014,Tomato,78,Lucknow,FAQ,Lucknow,850,750,800,Uttar Pradesh,Other
09/05/2014,Tomato,78,Lucknow,FAQ,Lucknow,900,700,800,Uttar Pradesh,Other
08/05/2014,Tomato,78,Lucknow,FAQ,Lucknow,1000,800,900,Uttar Pradesh,Other
07/05/2014,Tomato,78,Lucknow,FAQ,Lucknow,1000,800,900,Uttar Pradesh,Other
06/05/2014,Tomato,78,Lucknow,FAQ,Lucknow,1100,900,1000,Uttar Pradesh,Other
05/05/2014,Tomato,78,Lucknow,FAQ,Lucknow,1025,900,1000,Uttar Pradesh,Other
04/05/2014,Tomato,78,Lucknow,FAQ,Lucknow,1050,900,1000,Uttar Pradesh,Other
03/05/2014,Tomato,78,Lucknow,FAQ,Lucknow,1200,1000,1100,Uttar Pradesh,Other
02/05/2014,Tomato,78,Lucknow,FAQ,Lucknow,1350,1200,1300,Uttar Pradesh,Other
01/05/2014,Tomato,78,Lucknow,FAQ,Lucknow,1350,1200,1300,Uttar Pradesh,Other
25/04/2014,Tomato,78,Lucknow,FAQ,Lucknow,1500,1400,1450,Uttar Pradesh,Other
24/04/2014,Tomato,78,Lucknow,FAQ,Lucknow,1550,1400,1450,Uttar Pradesh,Other
23/04/2014,Tomato,78,Lucknow,FAQ,Lucknow,1400,1300,1350,Uttar Pradesh,Other
21/04/2014,Tomato,78,Lucknow,FAQ,Lucknow,1450,1300,1400,Uttar Pradesh,Other
20/04/2014,Tomato,78,Lucknow,FAQ,Lucknow,1450,1400,1425,Uttar Pradesh,Other
19/04/2014,Tomato,78,Lucknow,FAQ,Lucknow,1500,1400,1450,Uttar Pradesh,Other
18/04/2014,Tomato,78,Lucknow,FAQ,Lucknow,1550,1400,1500,Uttar Pradesh,Other
16/04/2014,Tomato,78,Lucknow,FAQ,Lucknow,1700,1500,1600,Uttar Pradesh,Other
15/04/2014,Tomato,78,Lucknow,FAQ,Lucknow,1800,1600,1700,Uttar Pradesh,Other
13/04/2014,Tomato,78,Lucknow,FAQ,Lucknow,1600,1400,1500,Uttar Pradesh,Other
12/04/2014,Tomato,78,Lucknow,FAQ,Lucknow,1600,1400,1500,Uttar Pradesh,Other
11/04/2014,Tomato,78,Lucknow,FAQ,Lucknow,1600,1400,1500,Uttar Pradesh,Other
10/04/2014,Tomato,78,Lucknow,FAQ,Lucknow,1600,1400,1500,Uttar Pradesh,Other
09/04/2014,Tomato,78,Lucknow,FAQ,Lucknow,1500,1300,1400,Uttar Pradesh,Other
08/04/2014,Tomato,78,Lucknow,FAQ,Lucknow,1500,1300,1400,Uttar Pradesh,Other
07/04/2014,Tomato,78,Lucknow,FAQ,Lucknow,1300,1100,1200,Uttar Pradesh,Other
06/04/2014,Tomato,78,Lucknow,FAQ,Lucknow,1300,1100,1200,Uttar Pradesh,Other
05/04/2014,Tomato,78,Lucknow,FAQ,Lucknow,1200,1100,1125,Uttar Pradesh,Other
04/04/2014,Tomato,78,Lucknow,FAQ,Lucknow,1150,1100,1125,Uttar Pradesh,Other
03/04/2014,Tomato,78,Lucknow,FAQ,Lucknow,1250,1100,1150,Uttar Pradesh,Other
31/03/2014,Tomato,78,Lucknow,FAQ,Lucknow,1300,1100,1200,Uttar Pradesh,Tomato
28/03/2014,Tomato,78,Lucknow,FAQ,Lucknow,1200,1100,1150,Uttar Pradesh,Other
27/03/2014,Tomato,78,Lucknow,FAQ,Lucknow,1200,1100,1150,Uttar Pradesh,Other
26/03/2014,Tomato,78,Lucknow,FAQ,Lucknow,1200,1000,1100,Uttar Pradesh,Other
25/03/2014,Tomato,78,Lucknow,FAQ,Lucknow,1200,1100,1150,Uttar Pradesh,Other
24/03/2014,Tomato,78,Lucknow,FAQ,Lucknow,1200,1100,1150,Uttar Pradesh,Other
23/03/2014,Tomato,78,Lucknow,FAQ,Lucknow,1300,1100,1200,Uttar Pradesh,Other
21/03/2014,Tomato,78,Lucknow,FAQ,Lucknow,1300,1100,1200,Uttar Pradesh,Other
20/03/2014,Tomato,78,Lucknow,FAQ,Lucknow,1250,1100,1200,Uttar Pradesh,Other
19/03/2014,Tomato,78,Lucknow,FAQ,Lucknow,1200,1000,1100,Uttar Pradesh,Other
18/03/2014,Tomato,78,Lucknow,FAQ,Lucknow,1200,1000,1100,Uttar Pradesh,Other
16/03/2014,Tomato,78,Lucknow,FAQ,Lucknow,1100,1000,1050,Uttar Pradesh,Other
14/03/2014,Tomato,78,Lucknow,FAQ,Lucknow,1100,1000,1050,Uttar Pradesh,Tomato
13/03/2014,Tomato,78,Lucknow,FAQ,Lucknow,1200,1000,1100,Uttar Pradesh,Tomato
12/03/2014,Tomato,78,Lucknow,FAQ,Lucknow,1300,1200,1250,Uttar Pradesh,Other
11/03/2014,Tomato,78,Lucknow,FAQ,Lucknow,1300,1150,1250,Uttar Pradesh,Tomato
10/03/2014,Tomato,78,Lucknow,FAQ,Lucknow,1250,1200,1225,Uttar Pradesh,Tomato
09/03/2014,Tomato,78,Lucknow,FAQ,Lucknow,1250,1100,1200,Uttar Pradesh,Tomato
08/03/2014,Tomato,78,Lucknow,FAQ,Lucknow,1250,1100,1200,Uttar Pradesh,Tomato
07/03/2014,Tomato,78,Lucknow,FAQ,Lucknow,1225,1100,1200,Uttar Pradesh,Tomato
06/03/2014,Tomato,78,Lucknow,FAQ,Lucknow,1250,1100,1200,Uttar Pradesh,Tomato
05/03/2014,Tomato,78,Lucknow,FAQ,Lucknow,1200,1000,1100,Uttar Pradesh,Tomato
04/03/2014,Tomato,78,Lucknow,FAQ,Lucknow,1050,950,1000,Uttar Pradesh,Tomato
03/03/2014,Tomato,78,Lucknow,FAQ,Lucknow,1050,900,1000,Uttar Pradesh,Tomato
02/03/2014,Tomato,78,Lucknow,FAQ,Lucknow,1100,925,1000,Uttar Pradesh,Tomato
01/03/2014,Tomato,78,Lucknow,FAQ,Lucknow,925,850,900,Uttar Pradesh,Tomato
28/02/2014,Tomato,78,Lucknow,FAQ,Lucknow,950,850,900,Uttar Pradesh,Tomato
27/02/2014,Tomato,78,Lucknow,FAQ,Lucknow,925,850,900,Uttar Pradesh,Tomato
26/02/2014,Tomato,78,Lucknow,FAQ,Lucknow,900,800,875,Uttar Pradesh,Tomato
25/02/2014,Tomato,78,Lucknow,FAQ,Lucknow,900,800,850,Uttar Pradesh,Tomato
24/02/2014,Tomato,78,Lucknow,FAQ,Lucknow,900,800,850,Uttar Pradesh,Tomato
23/02/2014,Tomato,78,Lucknow,FAQ,Lucknow,850,800,825,Uttar Pradesh,Tomato
22/02/2014,Tomato,78,Lucknow,FAQ,Lucknow,850,800,825,Uttar Pradesh,Tomato
21/02/2014,Tomato,78,Lucknow,FAQ,Lucknow,825,775,800,Uttar Pradesh,Tomato
20/02/2014,Tomato,78,Lucknow,FAQ,Lucknow,850,750,800,Uttar Pradesh,Tomato
19/02/2014,Tomato,78,Lucknow,FAQ,Lucknow,800,700,740,Uttar Pradesh,Tomato
18/02/2014,Tomato,78,Lucknow,FAQ,Lucknow,800,750,760,Uttar Pradesh,Other
17/02/2014,Tomato,78,Lucknow,FAQ,Lucknow,800,710,760,Uttar Pradesh,Other
16/02/2014,Tomato,78,Lucknow,FAQ,Lucknow,775,725,750,Uttar Pradesh,Other
15/02/2014,Tomato,78,Lucknow,FAQ,Lucknow,800,725,750,Uttar Pradesh,Other
14/02/2014,Tomato,78,Lucknow,FAQ,Lucknow,800,700,750,Uttar Pradesh,Other
13/02/2014,Tomato,78,Lucknow,FAQ,Lucknow,800,700,750,Uttar Pradesh,Other
12/02/2014,Tomato,78,Lucknow,FAQ,Lucknow,800,700,750,Uttar Pradesh,Other
11/02/2014,Tomato,78,Lucknow,FAQ,Lucknow,750,700,725,Uttar Pradesh,Other
10/02/2014,Tomato,78,Lucknow,FAQ,Lucknow,800,650,700,Uttar Pradesh,Other
09/02/2014,Tomato,78,Lucknow,FAQ,Lucknow,750,650,700,Uttar Pradesh,Other
08/02/2014,Tomato,78,Lucknow,FAQ,Lucknow,725,650,700,Uttar Pradesh,Other
07/02/2014,Tomato,78,Lucknow,FAQ,Lucknow,780,700,740,Uttar Pradesh,Other
06/02/2014,Tomato,78,Lucknow,FAQ,Lucknow,800,700,750,Uttar Pradesh,Other
05/02/2014,Tomato,78,Lucknow,FAQ,Lucknow,800,700,750,Uttar Pradesh,Other
04/02/2014,Tomato,78,Lucknow,FAQ,Lucknow,815,750,800,Uttar Pradesh,Other
03/02/2014,Tomato,78,Lucknow,FAQ,Lucknow,850,800,825,Uttar Pradesh,Other
02/02/2014,Tomato,78,Lucknow,FAQ,Lucknow,850,700,800,Uttar Pradesh,Other
01/02/2014,Tomato,78,Lucknow,FAQ,Lucknow,850,750,800,Uttar Pradesh,Other
31/01/2014,Tomato,78,Lucknow,FAQ,Lucknow,900,800,825,Uttar Pradesh,Other
30/01/2014,Tomato,78,Lucknow,FAQ,Lucknow,900,800,850,Uttar Pradesh,Other
29/01/2014,Tomato,78,Lucknow,FAQ,Lucknow,950,800,850,Uttar Pradesh,Other
28/01/2014,Tomato,78,Lucknow,FAQ,Lucknow,1000,800,900,Uttar Pradesh,Other
27/01/2014,Tomato,78,Lucknow,FAQ,Lucknow,1000,850,900,Uttar Pradesh,Other
26/01/2014,Tomato,78,Lucknow,FAQ,Lucknow,1000,800,900,Uttar Pradesh,Other
25/01/2014,Tomato,78,Lucknow,FAQ,Lucknow,1000,900,950,Uttar Pradesh,Other
24/01/2014,Tomato,78,Lucknow,FAQ,Lucknow,1100,900,1000,Uttar Pradesh,Other
23/01/2014,Tomato,78,Lucknow,FAQ,Lucknow,1250,1000,1100,Uttar Pradesh,Other
22/01/2014,Tomato,78,Lucknow,FAQ,Lucknow,1250,1000,1100,Uttar Pradesh,Other
21/01/2014,Tomato,78,Lucknow,FAQ,Lucknow,1250,1100,1200,Uttar Pradesh,Other
20/01/2014,Tomato,78,Lucknow,FAQ,Lucknow,1300,1150,1225,Uttar Pradesh,Other
19/01/2014,Tomato,78,Lucknow,FAQ,Lucknow,1300,1100,1200,Uttar Pradesh,Other
18/01/2014,Tomato,78,Lucknow,FAQ,Lucknow,1300,1100,1200,Uttar Pradesh,Other
17/01/2014,Tomato,78,Lucknow,FAQ,Lucknow,1350,1100,1200,Uttar Pradesh,Other
16/01/2014,Tomato,78,Lucknow,FAQ,Lucknow,1250,1000,1100,Uttar Pradesh,Other
15/01/2014,Tomato,78,Lucknow,FAQ,Lucknow,1100,900,1000,Uttar Pradesh,Other
14/01/2014,Tomato,78,Lucknow,FAQ,Lucknow,1100,900,1000,Uttar Pradesh,Other
13/01/2014,Tomato,78,Lucknow,FAQ,Lucknow,1250,1000,1100,Uttar Pradesh,Other
12/01/2014,Tomato,78,Lucknow,FAQ,Lucknow,1200,1000,1100,Uttar Pradesh,Other
11/01/2014,Tomato,78,Lucknow,FAQ,Lucknow,1300,1100,1200,Uttar Pradesh,Other
10/01/2014,Tomato,78,Lucknow,FAQ,Lucknow,1250,1100,1200,Uttar Pradesh,Other
09/01/2014,Tomato,78,Lucknow,FAQ,Lucknow,1300,1100,1200,Uttar Pradesh,Other
08/01/2014,Tomato,78,Lucknow,FAQ,Lucknow,1350,1100,1225,Uttar Pradesh,Other
07/01/2014,Tomato,78,Lucknow,FAQ,Lucknow,1350,1100,1200,Uttar Pradesh,Other
06/01/2014,Tomato,78,Lucknow,FAQ,Lucknow,1300,1100,1200,Uttar Pradesh,Other
04/01/2014,Tomato,78,Lucknow,FAQ,Lucknow,1300,1200,1250,Uttar Pradesh,Other
03/01/2014,Tomato,78,Lucknow,FAQ,Lucknow,1350,1150,1250,Uttar Pradesh,Other
02/01/2014,Tomato,78,Lucknow,FAQ,Lucknow,1350,1100,1225,Uttar Pradesh,Other
27/12/2013,Tomato,78,Lucknow,FAQ,Lucknow,1500,1300,1400,Uttar Pradesh,Other
26/12/2013,Tomato,78,Lucknow,FAQ,Lucknow,1600,1400,1500,Uttar Pradesh,Other
25/12/2013,Tomato,78,Lucknow,FAQ,Lucknow,1700,1500,1600,Uttar Pradesh,Other
21/12/2013,Tomato,78,Lucknow,FAQ,Lucknow,2000,1800,1900,Uttar Pradesh,Other
20/12/2013,Tomato,78,Lucknow,FAQ,Lucknow,2000,1800,1900,Uttar Pradesh,Other
19/12/2013,Tomato,78,Lucknow,FAQ,Lucknow,2100,1900,2000,Uttar Pradesh,Other
18/12/2013,Tomato,78,Lucknow,FAQ,Lucknow,2300,2100,2200,Uttar Pradesh,Other
17/12/2013,Tomato,78,Lucknow,FAQ,Lucknow,2200,1900,2000,Uttar Pradesh,Other
16/12/2013,Tomato,78,Lucknow,FAQ,Lucknow,2100,1900,2000,Uttar Pradesh,Tomato
15/12/2013,Tomato,78,Lucknow,FAQ,Lucknow,2150,1900,2000,Uttar Pradesh,Tomato
14/12/2013,Tomato,78,Lucknow,FAQ,Lucknow,2100,1850,2000,Uttar Pradesh,Tomato
13/12/2013,Tomato,78,Lucknow,FAQ,Lucknow,2200,2000,2100,Uttar Pradesh,Tomato
12/12/2013,Tomato,78,Lucknow,FAQ,Lucknow,2100,1800,2000,Uttar Pradesh,Tomato
11/12/2013,Tomato,78,Lucknow,FAQ,Lucknow,2200,1900,2000,Uttar Pradesh,Tomato
10/12/2013,Tomato,78,Lucknow,FAQ,Lucknow,2100,1900,2000,Uttar Pradesh,Tomato
09/12/2013,Tomato,78,Lucknow,FAQ,Lucknow,2150,1900,2000,Uttar Pradesh,Tomato
08/12/2013,Tomato,78,Lucknow,FAQ,Lucknow,2100,1900,2000,Uttar Pradesh,Tomato
07/12/2013,Tomato,78,Lucknow,FAQ,Lucknow,2500,2300,2400,Uttar Pradesh,Tomato
06/12/2013,Tomato,78,Lucknow,FAQ,Lucknow,2600,2500,2550,Uttar Pradesh,Tomato
05/12/2013,Tomato,78,Lucknow,FAQ,Lucknow,2700,2500,2600,Uttar Pradesh,Tomato
04/12/2013,Tomato,78,Lucknow,FAQ,Lucknow,3200,2900,3000,Uttar Pradesh,Tomato
03/12/2013,Tomato,78,Lucknow,FAQ,Lucknow,3300,3000,3200,Uttar Pradesh,Tomato
02/12/2013,Tomato,78,Lucknow,FAQ,Lucknow,3500,3200,3400,Uttar Pradesh,Tomato
01/12/2013,Tomato,78,Lucknow,FAQ,Lucknow,3900,3700,3800,Uttar Pradesh,Tomato
29/11/2013,Tomato,78,Lucknow,FAQ,Lucknow,3900,3700,3800,Uttar Pradesh,Tomato
28/11/2013,Tomato,78,Lucknow,FAQ,Lucknow,3900,3700,3800,Uttar Pradesh,Tomato
27/11/2013,Tomato,78,Lucknow,FAQ,Lucknow,3700,3500,3600,Uttar Pradesh,Tomato
26/11/2013,Tomato,78,Lucknow,FAQ,Lucknow,3300,3100,3200,Uttar Pradesh,Tomato
25/11/2013,Tomato,78,Lucknow,FAQ,Lucknow,3500,3200,3400,Uttar Pradesh,Tomato
24/11/2013,Tomato,78,Lucknow,FAQ,Lucknow,3500,3300,3400,Uttar Pradesh,Tomato
23/11/2013,Tomato,78,Lucknow,FAQ,Lucknow,3450,3200,3350,Uttar Pradesh,Tomato
20/11/2013,Tomato,78,Lucknow,FAQ,Lucknow,3450,3200,3350,Uttar Pradesh,Tomato
19/11/2013,Tomato,78,Lucknow,FAQ,Lucknow,3300,3000,3200,Uttar Pradesh,Tomato
18/11/2013,Tomato,78,Lucknow,FAQ,Lucknow,3300,3100,3200,Uttar Pradesh,Tomato
17/11/2013,Tomato,78,Lucknow,FAQ,Lucknow,3300,3100,3200,Uttar Pradesh,Tomato
16/11/2013,Tomato,78,Lucknow,FAQ,Lucknow,3300,3100,3200,Uttar Pradesh,Tomato
15/11/2013,Tomato,78,Lucknow,FAQ,Lucknow,3300,3100,3200,Uttar Pradesh,Tomato
14/11/2013,Tomato,78,Lucknow,FAQ,Lucknow,3400,3100,3200,Uttar Pradesh,Tomato
13/11/2013,Tomato,78,Lucknow,FAQ,Lucknow,3250,3000,3100,Uttar Pradesh,Tomato
12/11/2013,Tomato,78,Lucknow,FAQ,Lucknow,3100,2900,3000,Uttar Pradesh,Tomato
11/11/2013,Tomato,78,Lucknow,FAQ,Lucknow,3100,2900,3000,Uttar Pradesh,Tomato
10/11/2013,Tomato,78,Lucknow,FAQ,Lucknow,3100,2900,3000,Uttar Pradesh,Tomato
09/11/2013,Tomato,78,Lucknow,FAQ,Lucknow,3100,2900,3000,Uttar Pradesh,Tomato
08/11/2013,Tomato,78,Lucknow,FAQ,Lucknow,3000,2700,2800,Uttar Pradesh,Tomato
07/11/2013,Tomato,78,Lucknow,FAQ,Lucknow,2700,2400,2500,Uttar Pradesh,Tomato
06/11/2013,Tomato,78,Lucknow,FAQ,Lucknow,2250,2000,2150,Uttar Pradesh,Tomato
05/11/2013,Tomato,78,Lucknow,FAQ,Lucknow,2200,2000,2100,Uttar Pradesh,Tomato
04/11/2013,Tomato,78,Lucknow,FAQ,Lucknow,2250,2000,2100,Uttar Pradesh,Tomato
03/11/2013,Tomato,78,Lucknow,FAQ,Lucknow,2200,1900,2000,Uttar Pradesh,Tomato
02/11/2013,Tomato,78,Lucknow,FAQ,Lucknow,2200,2000,2100,Uttar Pradesh,Tomato
01/11/2013,Tomato,78,Lucknow,FAQ,Lucknow,2250,2000,2150,Uttar Pradesh,Tomato
31/10/2013,Tomato,78,Lucknow,FAQ,Lucknow,2300,2100,2200,Uttar Pradesh,Tomato
30/10/2013,Tomato,78,Lucknow,FAQ,Lucknow,2300,2100,2200,Uttar Pradesh,Tomato
29/10/2013,Tomato,78,Lucknow,FAQ,Lucknow,2400,2200,2300,Uttar Pradesh,Tomato
28/10/2013,Tomato,78,Lucknow,FAQ,Lucknow,2350,2100,2250,Uttar Pradesh,Tomato
27/10/2013,Tomato,78,Lucknow,FAQ,Lucknow,2330,2100,2200,Uttar Pradesh,Tomato
26/10/2013,Tomato,78,Lucknow,FAQ,Lucknow,2200,2000,2100,Uttar Pradesh,Tomato
25/10/2013,Tomato,78,Lucknow,FAQ,Lucknow,2100,1900,2000,Uttar Pradesh,Tomato
24/10/2013,Tomato,78,Lucknow,FAQ,Lucknow,1900,1700,1800,Uttar Pradesh,Tomato
23/10/2013,Tomato,78,Lucknow,FAQ,Lucknow,1900,1700,1800,Uttar Pradesh,Tomato
19/10/2013,Tomato,78,Lucknow,FAQ,Lucknow,1800,1600,1700,Uttar Pradesh,Tomato
18/10/2013,Tomato,78,Lucknow,FAQ,Lucknow,1900,1700,1800,Uttar Pradesh,Tomato
17/10/2013,Tomato,78,Lucknow,FAQ,Lucknow,1900,1700,1800,Uttar Pradesh,Tomato
16/10/2013,Tomato,78,Lucknow,FAQ,Lucknow,1900,1700,1800,Uttar Pradesh,Tomato
15/10/2013,Tomato,78,Lucknow,FAQ,Lucknow,1900,1700,1800,Uttar Pradesh,Tomato
14/10/2013,Tomato,78,Lucknow,FAQ,Lucknow,1900,1700,1800,Uttar Pradesh,Tomato
13/10/2013,Tomato,78,Lucknow,FAQ,Lucknow,1900,1700,1800,Uttar Pradesh,Tomato
12/10/2013,Tomato,78,Lucknow,FAQ,Lucknow,1850,1700,1800,Uttar Pradesh,Tomato
11/10/2013,Tomato,78,Lucknow,FAQ,Lucknow,1800,1700,1750,Uttar Pradesh,Tomato
10/10/2013,Tomato,78,Lucknow,FAQ,Lucknow,1850,1700,1750,Uttar Pradesh,Tomato
09/10/2013,Tomato,78,Lucknow,FAQ,Lucknow,1900,1700,1800,Uttar Pradesh,Tomato
08/10/2013,Tomato,78,Lucknow,FAQ,Lucknow,2000,1800,1900,Uttar Pradesh,Tomato
07/10/2013,Tomato,78,Lucknow,FAQ,Lucknow,2000,1800,1900,Uttar Pradesh,Tomato
06/10/2013,Tomato,78,Lucknow,FAQ,Lucknow,2000,1800,1900,Uttar Pradesh,Tomato
05/10/2013,Tomato,78,Lucknow,FAQ,Lucknow,1900,1700,1800,Uttar Pradesh,Tomato
04/10/2013,Tomato,78,Lucknow,FAQ,Lucknow,1900,1600,1700,Uttar Pradesh,Tomato
03/10/2013,Tomato,78,Lucknow,FAQ,Lucknow,1850,1600,1750,Uttar Pradesh,Tomato
01/10/2013,Tomato,78,Lucknow,FAQ,Lucknow,1950,1750,1850,Uttar Pradesh,Tomato
30/09/2013,Tomato,78,Lucknow,FAQ,Lucknow,2000,1800,1900,Uttar Pradesh,Tomato
28/09/2013,Tomato,78,Lucknow,FAQ,Lucknow,2000,1800,1900,Uttar Pradesh,Tomato
26/09/2013,Tomato,78,Lucknow,FAQ,Lucknow,2000,1800,1900,Uttar Pradesh,Tomato
25/09/2013,Tomato,78,Lucknow,FAQ,Lucknow,2000,1800,1900,Uttar Pradesh,Tomato
24/09/2013,Tomato,78,Lucknow,FAQ,Lucknow,2100,1900,2000,Uttar Pradesh,Tomato
20/09/2013,Tomato,78,Lucknow,FAQ,Lucknow,2050,1800,1975,Uttar Pradesh,Tomato
19/09/2013,Tomato,78,Lucknow,FAQ,Lucknow,2050,1850,1950,Uttar Pradesh,Tomato
18/09/2013,Tomato,78,Lucknow,FAQ,Lucknow,2100,1800,2000,Uttar Pradesh,Other
17/09/2013,Tomato,78,Lucknow,FAQ,Lucknow,2200,2000,2100,Uttar Pradesh,Other
16/09/2013,Tomato,78,Lucknow,FAQ,Lucknow,2100,1900,2000,Uttar Pradesh,Other
15/09/2013,Tomato,78,Lucknow,FAQ,Lucknow,2100,1900,2000,Uttar Pradesh,Other
14/09/2013,Tomato,78,Lucknow,FAQ,Lucknow,2100,1900,2000,Uttar Pradesh,Other
13/09/2013,Tomato,78,Lucknow,FAQ,Lucknow,2250,2000,2145,Uttar Pradesh,Tomato
12/09/2013,Tomato,78,Lucknow,FAQ,Lucknow,2150,2100,2125,Uttar Pradesh,Tomato
11/09/2013,Tomato,78,Lucknow,FAQ,Lucknow,2200,2000,2100,Uttar Pradesh,Tomato
10/09/2013,Tomato,78,Lucknow,FAQ,Lucknow,2200,2000,2100,Uttar Pradesh,Other
09/09/2013,Tomato,78,Lucknow,FAQ,Lucknow,2100,1900,2000,Uttar Pradesh,Other
08/09/2013,Tomato,78,Lucknow,FAQ,Lucknow,2100,1900,2000,Uttar Pradesh,Other
07/09/2013,Tomato,78,Lucknow,FAQ,Lucknow,2100,2000,2050,Uttar Pradesh,Other
06/09/2013,Tomato,78,Lucknow,FAQ,Lucknow,2200,1900,2050,Uttar Pradesh,Other
05/09/2013,Tomato,78,Lucknow,FAQ,Lucknow,2100,1900,2000,Uttar Pradesh,Other
04/09/2013,Tomato,78,Lucknow,FAQ,Lucknow,2050,1900,2000,Uttar Pradesh,Other
03/09/2013,Tomato,78,Lucknow,FAQ,Lucknow,2100,1900,2000,Uttar Pradesh,Other
02/09/2013,Tomato,78,Lucknow,FAQ,Lucknow,2150,1900,2050,Uttar Pradesh,Tomato
01/09/2013,Tomato,78,Lucknow,FAQ,Lucknow,2150,1900,2000,Uttar Pradesh,Tomato
31/08/2013,Tomato,78,Lucknow,FAQ,Lucknow,2100,1850,2000,Uttar Pradesh,Tomato
30/08/2013,Tomato,78,Lucknow,FAQ,Lucknow,2200,1900,2000,Uttar Pradesh,Tomato
29/08/2013,Tomato,78,Lucknow,FAQ,Lucknow,2200,2000,2100,Uttar Pradesh,Tomato
28/08/2013,Tomato,78,Lucknow,FAQ,Lucknow,2200,2000,2100,Uttar Pradesh,Tomato
27/08/2013,Tomato,78,Lucknow,FAQ,Lucknow,2250,2000,2150,Uttar Pradesh,Tomato
26/08/2013,Tomato,78,Lucknow,FAQ,Lucknow,2300,2100,2200,Uttar Pradesh,Tomato
25/08/2013,Tomato,78,Lucknow,FAQ,Lucknow,2300,2100,2200,Uttar Pradesh,Tomato
24/08/2013,Tomato,78,Lucknow,FAQ,Lucknow,2300,2100,2200,Uttar Pradesh,Tomato
23/08/2013,Tomato,78,Lucknow,FAQ,Lucknow,2400,2100,2200,Uttar Pradesh,Tomato
22/08/2013,Tomato,78,Lucknow,FAQ,Lucknow,2300,2100,2200,Uttar Pradesh,Tomato
21/08/2013,Tomato,78,Lucknow,FAQ,Lucknow,2200,2000,2100,Uttar Pradesh,Tomato
20/08/2013,Tomato,78,Lucknow,FAQ,Lucknow,2200,1800,2000,Uttar Pradesh,Tomato
19/08/2013,Tomato,78,Lucknow,FAQ,Lucknow,2000,1800,1900,Uttar Pradesh,Tomato
18/08/2013,Tomato,78,Lucknow,FAQ,Lucknow,2000,1800,1900,Uttar Pradesh,Tomato
17/08/2013,Tomato,78,Lucknow,FAQ,Lucknow,2000,1850,1900,Uttar Pradesh,Tomato
16/08/2013,Tomato,78,Lucknow,FAQ,Lucknow,2000,1800,1900,Uttar Pradesh,Tomato
14/08/2013,Tomato,78,Lucknow,FAQ,Lucknow,2000,1800,1900,Uttar Pradesh,Other
13/08/2013,Tomato,78,Lucknow,FAQ,Lucknow,2100,1900,2000,Uttar Pradesh,Other
12/08/2013,Tomato,78,Lucknow,FAQ,Lucknow,2100,1900,2000,Uttar Pradesh,Tomato
11/08/2013,Tomato,78,Lucknow,FAQ,Lucknow,2100,1900,2000,Uttar Pradesh,Tomato
10/08/2013,Tomato,78,Lucknow,FAQ,Lucknow,2000,1850,1950,Uttar Pradesh,Tomato
09/08/2013,Tomato,78,Lucknow,FAQ,Lucknow,2000,1800,1900,Uttar Pradesh,Tomato
08/08/2013,Tomato,78,Lucknow,FAQ,Lucknow,1950,1700,1800,Uttar Pradesh,Tomato
07/08/2013,Tomato,78,Lucknow,FAQ,Lucknow,2000,1800,1900,Uttar Pradesh,Tomato
06/08/2013,Tomato,78,Lucknow,FAQ,Lucknow,2000,1800,1900,Uttar Pradesh,Tomato
05/08/2013,Tomato,78,Lucknow,FAQ,Lucknow,2200,1800,2000,Uttar Pradesh,Tomato
03/08/2013,Tomato,78,Lucknow,FAQ,Lucknow,2200,1800,2000,Uttar Pradesh,Tomato
02/08/2013,Tomato,78,Lucknow,FAQ,Lucknow,2100,1900,2000,Uttar Pradesh,Tomato
01/08/2013,Tomato,78,Lucknow,FAQ,Lucknow,2100,1900,2000,Uttar Pradesh,Tomato
31/07/2013,Tomato,78,Lucknow,FAQ,Lucknow,2200,1800,2000,Uttar Pradesh,Tomato
30/07/2013,Tomato,78,Lucknow,FAQ,Lucknow,2400,2000,2200,Uttar Pradesh,Tomato
26/07/2013,Tomato,78,Lucknow,FAQ,Lucknow,2700,2500,2600,Uttar Pradesh,Tomato
25/07/2013,Tomato,78,Lucknow,FAQ,Lucknow,2750,2600,2700,Uttar Pradesh,Tomato
24/07/2013,Tomato,78,Lucknow,FAQ,Lucknow,3000,2700,2800,Uttar Pradesh,Tomato
23/07/2013,Tomato,78,Lucknow,FAQ,Lucknow,3000,2600,2800,Uttar Pradesh,Tomato
22/07/2013,Tomato,78,Lucknow,FAQ,Lucknow,2850,2750,2800,Uttar Pradesh,Tomato
21/07/2013,Tomato,78,Lucknow,FAQ,Lucknow,3000,2800,2900,Uttar Pradesh,Tomato
20/07/2013,Tomato,78,Lucknow,FAQ,Lucknow,3050,2900,3000,Uttar Pradesh,Tomato
19/07/2013,Tomato,78,Lucknow,FAQ,Lucknow,3200,2900,3000,Uttar Pradesh,Tomato
18/07/2013,Tomato,78,Lucknow,FAQ,Lucknow,3200,2800,3000,Uttar Pradesh,Tomato
17/07/2013,Tomato,78,Lucknow,FAQ,Lucknow,3200,3000,3100,Uttar Pradesh,Tomato
16/07/2013,Tomato,78,Lucknow,FAQ,Lucknow,3300,3000,3200,Uttar Pradesh,Tomato
15/07/2013,Tomato,78,Lucknow,FAQ,Lucknow,3300,3100,3200,Uttar Pradesh,Tomato
14/07/2013,Tomato,78,Lucknow,FAQ,Lucknow,3300,3100,3150,Uttar Pradesh,Tomato
13/07/2013,Tomato,78,Lucknow,FAQ,Lucknow,3300,3000,3150,Uttar Pradesh,Tomato
12/07/2013,Tomato,78,Lucknow,FAQ,Lucknow,3200,2800,3000,Uttar Pradesh,Tomato
11/07/2013,Tomato,78,Lucknow,FAQ,Lucknow,3100,2900,3000,Uttar Pradesh,Tomato
10/07/2013,Tomato,78,Lucknow,FAQ,Lucknow,3100,2800,3000,Uttar Pradesh,Tomato
09/07/2013,Tomato,78,Lucknow,FAQ,Lucknow,3000,2700,2800,Uttar Pradesh,Tomato
08/07/2013,Tomato,78,Lucknow,FAQ,Lucknow,2800,2500,2600,Uttar Pradesh,Tomato
07/07/2013,Tomato,78,Lucknow,FAQ,Lucknow,2800,2600,2700,Uttar Pradesh,Tomato
06/07/2013,Tomato,78,Lucknow,FAQ,Lucknow,2700,2400,2500,Uttar Pradesh,Tomato
05/07/2013,Tomato,78,Lucknow,FAQ,Lucknow,2700,2400,2500,Uttar Pradesh,Tomato
04/07/2013,Tomato,78,Lucknow,FAQ,Lucknow,2500,2300,2400,Uttar Pradesh,Tomato
03/07/2013,Tomato,78,Lucknow,FAQ,Lucknow,2300,2100,2200,Uttar Pradesh,Tomato
02/07/2013,Tomato,78,Lucknow,FAQ,Lucknow,2400,2100,2200,Uttar Pradesh,Tomato
01/07/2013,Tomato,78,Lucknow,FAQ,Lucknow,2200,2100,2150,Uttar Pradesh,Tomato
29/06/2013,Tomato,78,Lucknow,FAQ,Lucknow,2100,1900,2000,Uttar Pradesh,Tomato
28/06/2013,Tomato,78,Lucknow,FAQ,Lucknow,1900,1700,1800,Uttar Pradesh,Tomato
27/06/2013,Tomato,78,Lucknow,FAQ,Lucknow,1700,1500,1600,Uttar Pradesh,Tomato
26/06/2013,Tomato,78,Lucknow,FAQ,Lucknow,1700,1500,1600,Uttar Pradesh,Tomato
25/06/2013,Tomato,78,Lucknow,FAQ,Lucknow,1700,1500,1600,Uttar Pradesh,Tomato
24/06/2013,Tomato,78,Lucknow,FAQ,Lucknow,1600,1500,1550,Uttar Pradesh,Tomato
23/06/2013,Tomato,78,Lucknow,FAQ,Lucknow,1600,1500,1550,Uttar Pradesh,Tomato
22/06/2013,Tomato,78,Lucknow,FAQ,Lucknow,1600,1450,1500,Uttar Pradesh,Tomato
21/06/2013,Tomato,78,Lucknow,FAQ,Lucknow,1600,1400,1500,Uttar Pradesh,Tomato
20/06/2013,Tomato,78,Lucknow,FAQ,Lucknow,1700,1500,1600,Uttar Pradesh,Tomato
19/06/2013,Tomato,78,Lucknow,FAQ,Lucknow,1700,1400,1500,Uttar Pradesh,Other
18/06/2013,Tomato,78,Lucknow,FAQ,Lucknow,1700,1500,1600,Uttar Pradesh,Tomato
17/06/2013,Tomato,78,Lucknow,FAQ,Lucknow,1700,1450,1600,Uttar Pradesh,Tomato
15/06/2013,Tomato,78,Lucknow,FAQ,Lucknow,1700,1500,1600,Uttar Pradesh,Other
14/06/2013,Tomato,78,Lucknow,FAQ,Lucknow,1700,1500,1600,Uttar Pradesh,Tomato
13/06/2013,Tomato,78,Lucknow,FAQ,Lucknow,1700,1500,1600,Uttar Pradesh,Tomato
12/06/2013,Tomato,78,Lucknow,FAQ,Lucknow,1600,1400,1500,Uttar Pradesh,Tomato
11/06/2013,Tomato,78,Lucknow,FAQ,Lucknow,1500,1300,1400,Uttar Pradesh,Tomato
10/06/2013,Tomato,78,Lucknow,FAQ,Lucknow,1400,1200,1300,Uttar Pradesh,Tomato
09/06/2013,Tomato,78,Lucknow,FAQ,Lucknow,1400,1200,1300,Uttar Pradesh,Tomato
08/06/2013,Tomato,78,Lucknow,FAQ,Lucknow,1400,1200,1300,Uttar Pradesh,Tomato
07/06/2013,Tomato,78,Lucknow,FAQ,Lucknow,1350,1200,1250,Uttar Pradesh,Tomato
06/06/2013,Tomato,78,Lucknow,FAQ,Lucknow,1300,1200,1250,Uttar Pradesh,Tomato
05/06/2013,Tomato,78,Lucknow,FAQ,Lucknow,1300,1100,1200,Uttar Pradesh,Tomato
04/06/2013,Tomato,78,Lucknow,FAQ,Lucknow,1300,1200,1250,Uttar Pradesh,Tomato
03/06/2013,Tomato,78,Lucknow,FAQ,Lucknow,1300,1000,1200,Uttar Pradesh,Tomato
02/06/2013,Tomato,78,Lucknow,FAQ,Lucknow,1300,1000,1200,Uttar Pradesh,Tomato
01/06/2013,Tomato,78,Lucknow,FAQ,Lucknow,1300,1100,1200,Uttar Pradesh,Tomato
31/05/2013,Tomato,78,Lucknow,FAQ,Lucknow,1300,1100,1200,Uttar Pradesh,Tomato
30/05/2013,Tomato,78,Lucknow,FAQ,Lucknow,1200,900,1000,Uttar Pradesh,Tomato
29/05/2013,Tomato,78,Lucknow,FAQ,Lucknow,1200,900,1000,Uttar Pradesh,Tomato
28/05/2013,Tomato,78,Lucknow,FAQ,Lucknow,1200,900,1000,Uttar Pradesh,Tomato
27/05/2013,Tomato,78,Lucknow,FAQ,Lucknow,1100,900,950,Uttar Pradesh,Tomato
25/05/2013,Tomato,78,Lucknow,FAQ,Lucknow,1000,900,950,Uttar Pradesh,Tomato
24/05/2013,Tomato,78,Lucknow,FAQ,Lucknow,1050,850,925,Uttar Pradesh,Tomato
23/05/2013,Tomato,78,Lucknow,FAQ,Lucknow,1000,800,900,Uttar Pradesh,Tomato
22/05/2013,Tomato,78,Lucknow,FAQ,Lucknow,1100,900,1000,Uttar Pradesh,Tomato
21/05/2013,Tomato,78,Lucknow,FAQ,Lucknow,1300,1000,1200,Uttar Pradesh,Tomato
20/05/2013,Tomato,78,Lucknow,FAQ,Lucknow,1350,1200,1200,Uttar Pradesh,Tomato
18/05/2013,Tomato,78,Lucknow,FAQ,Lucknow,1300,1100,1200,Uttar Pradesh,Tomato
17/05/2013,Tomato,78,Lucknow,FAQ,Lucknow,1250,1100,1200,Uttar Pradesh,Tomato
16/05/2013,Tomato,78,Lucknow,FAQ,Lucknow,1300,1000,1200,Uttar Pradesh,Tomato
15/05/2013,Tomato,78,Lucknow,FAQ,Lucknow,1300,1000,1200,Uttar Pradesh,Tomato
14/05/2013,Tomato,78,Lucknow,FAQ,Lucknow,1300,1000,1200,Uttar Pradesh,Tomato
13/05/2013,Tomato,78,Lucknow,FAQ,Lucknow,1200,1000,1100,Uttar Pradesh,Tomato
12/05/2013,Tomato,78,Lucknow,FAQ,Lucknow,1200,1000,1100,Uttar Pradesh,Tomato
11/05/2013,Tomato,78,Lucknow,FAQ,Lucknow,1200,1000,1100,Uttar Pradesh,Tomato
10/05/2013,Tomato,78,Lucknow,FAQ,Lucknow,1100,900,1000,Uttar Pradesh,Tomato
09/05/2013,Tomato,78,Lucknow,FAQ,Lucknow,1100,900,1000,Uttar Pradesh,Tomato
08/05/2013,Tomato,78,Lucknow,FAQ,Lucknow,1100,900,1000,Uttar Pradesh,Tomato
07/05/2013,Tomato,78,Lucknow,FAQ,Lucknow,1200,900,1000,Uttar Pradesh,Tomato
06/05/2013,Tomato,78,Lucknow,FAQ,Lucknow,1200,900,1000,Uttar Pradesh,Tomato
04/05/2013,Tomato,78,Lucknow,FAQ,Lucknow,1200,900,1000,Uttar Pradesh,Tomato
03/05/2013,Tomato,78,Lucknow,FAQ,Lucknow,1000,800,900,Uttar Pradesh,Tomato
02/05/2013,Tomato,78,Lucknow,FAQ,Lucknow,1000,800,900,Uttar Pradesh,Tomato
01/05/2013,Tomato,78,Lucknow,FAQ,Lucknow,900,700,800,Uttar Pradesh,Tomato
22/04/2013,Tomato,78,Lucknow,FAQ,Lucknow,900,700,800,Uttar Pradesh,Tomato
20/04/2013,Tomato,78,Lucknow,FAQ,Lucknow,1000,850,900,Uttar Pradesh,Tomato
19/04/2013,Tomato,78,Lucknow,FAQ,Lucknow,1000,800,900,Uttar Pradesh,Tomato
18/04/2013,Tomato,78,Lucknow,FAQ,Lucknow,1000,800,900,Uttar Pradesh,Tomato
17/04/2013,Tomato,78,Lucknow,FAQ,Lucknow,900,700,800,Uttar Pradesh,Tomato
16/04/2013,Tomato,78,Lucknow,FAQ,Lucknow,1100,900,1000,Uttar Pradesh,Tomato
15/04/2013,Tomato,78,Lucknow,FAQ,Lucknow,1100,900,1000,Uttar Pradesh,Tomato
14/04/2013,Tomato,78,Lucknow,FAQ,Lucknow,1100,900,1000,Uttar Pradesh,Tomato
13/04/2013,Tomato,78,Lucknow,FAQ,Lucknow,1100,900,1000,Uttar Pradesh,Tomato
12/04/2013,Tomato,78,Lucknow,FAQ,Lucknow,1100,900,1000,Uttar Pradesh,Tomato
11/04/2013,Tomato,78,Lucknow,FAQ,Lucknow,1000,900,950,Uttar Pradesh,Tomato
10/04/2013,Tomato,78,Lucknow,FAQ,Lucknow,1000,800,900,Uttar Pradesh,Tomato
09/04/2013,Tomato,78,Lucknow,FAQ,Lucknow,1050,900,975,Uttar Pradesh,Tomato
07/04/2013,Tomato,78,Lucknow,FAQ,Lucknow,1000,800,900,Uttar Pradesh,Tomato
06/04/2013,Tomato,78,Lucknow,FAQ,Lucknow,925,800,900,Uttar Pradesh,Tomato
05/04/2013,Tomato,78,Lucknow,FAQ,Lucknow,925,800,800,Uttar Pradesh,Tomato
04/04/2013,Tomato,78,Lucknow,FAQ,Lucknow,950,850,900,Uttar Pradesh,Tomato
03/04/2013,Tomato,78,Lucknow,FAQ,Lucknow,1050,850,900,Uttar Pradesh,Tomato
02/04/2013,Tomato,78,Lucknow,FAQ,Lucknow,900,800,850,Uttar Pradesh,Tomato
01/04/2013,Tomato,78,Lucknow,FAQ,Lucknow,900,700,800,Uttar Pradesh,Tomato
28/03/2013,Tomato,78,Lucknow,FAQ,Lucknow,1200,900,1000,Uttar Pradesh,Tomato
26/03/2013,Tomato,78,Lucknow,FAQ,Lucknow,1200,900,1000,Uttar Pradesh,Tomato
25/03/2013,Tomato,78,Lucknow,FAQ,Lucknow,1100,900,1000,Uttar Pradesh,Tomato
24/03/2013,Tomato,78,Lucknow,FAQ,Lucknow,1100,900,1000,Uttar Pradesh,Tomato
23/03/2013,Tomato,78,Lucknow,FAQ,Lucknow,1100,1000,1050,Uttar Pradesh,Tomato
22/03/2013,Tomato,78,Lucknow,FAQ,Lucknow,1100,950,1000,Uttar Pradesh,Tomato
21/03/2013,Tomato,78,Lucknow,FAQ,Lucknow,1100,900,1000,Uttar Pradesh,Tomato
20/03/2013,Tomato,78,Lucknow,FAQ,Lucknow,1200,1000,1100,Uttar Pradesh,Tomato
19/03/2013,Tomato,78,Lucknow,FAQ,Lucknow,1300,1000,1200,Uttar Pradesh,Tomato
18/03/2013,Tomato,78,Lucknow,FAQ,Lucknow,1250,1100,1150,Uttar Pradesh,Tomato
15/03/2013,Tomato,78,Lucknow,FAQ,Lucknow,1200,900,1000,Uttar Pradesh,Tomato
13/03/2013,Tomato,78,Lucknow,FAQ,Lucknow,1100,900,1000,Uttar Pradesh,Other
12/03/2013,Tomato,78,Lucknow,FAQ,Lucknow,1100,900,1000,Uttar Pradesh,Other
11/03/2013,Tomato,78,Lucknow,FAQ,Lucknow,1000,800,900,Uttar Pradesh,Other
10/03/2013,Tomato,78,Lucknow,FAQ,Lucknow,900,800,875,Uttar Pradesh,Other
09/03/2013,Tomato,78,Lucknow,FAQ,Lucknow,900,800,850,Uttar Pradesh,Other
08/03/2013,Tomato,78,Lucknow,FAQ,Lucknow,950,750,825,Uttar Pradesh,Other
07/03/2013,Tomato,78,Lucknow,FAQ,Lucknow,900,700,800,Uttar Pradesh,Other
06/03/2013,Tomato,78,Lucknow,FAQ,Lucknow,850,700,750,Uttar Pradesh,Other
05/03/2013,Tomato,78,Lucknow,FAQ,Lucknow,800,600,700,Uttar Pradesh,Other
04/03/2013,Tomato,78,Lucknow,FAQ,Lucknow,800,600,700,Uttar Pradesh,Other
03/03/2013,Tomato,78,Lucknow,FAQ,Lucknow,800,600,700,Uttar Pradesh,Other
02/03/2013,Tomato,78,Lucknow,FAQ,Lucknow,850,700,750,Uttar Pradesh,Other
01/03/2013,Tomato,78,Lucknow,FAQ,Lucknow,850,700,750,Uttar Pradesh,Other
25/02/2013,Tomato,78,Lucknow,FAQ,Lucknow,700,650,680,Uttar Pradesh,Tomato
24/02/2013,Tomato,78,Lucknow,FAQ,Lucknow,800,600,700,Uttar Pradesh,Tomato
23/02/2013,Tomato,78,Lucknow,FAQ,Lucknow,800,600,700,Uttar Pradesh,Tomato
22/02/2013,Tomato,78,Lucknow,FAQ,Lucknow,800,650,700,Uttar Pradesh,Tomato
21/02/2013,Tomato,78,Lucknow,FAQ,Lucknow,700,600,625,Uttar Pradesh,Tomato
20/02/2013,Tomato,78,Lucknow,FAQ,Lucknow,740,500,700,Uttar Pradesh,Tomato
19/02/2013,Tomato,78,Lucknow,FAQ,Lucknow,700,500,600,Uttar Pradesh,Tomato
18/02/2013,Tomato,78,Lucknow,FAQ,Lucknow,800,650,700,Uttar Pradesh,Tomato
17/02/2013,Tomato,78,Lucknow,FAQ,Lucknow,800,650,700,Uttar Pradesh,Tomato
16/02/2013,Tomato,78,Lucknow,FAQ,Lucknow,750,650,700,Uttar Pradesh,Tomato
15/02/2013,Tomato,78,Lucknow,FAQ,Lucknow,800,700,750,Uttar Pradesh,Tomato
14/02/2013,Tomato,78,Lucknow,FAQ,Lucknow,760,700,740,Uttar Pradesh,Tomato
13/02/2013,Tomato,78,Lucknow,FAQ,Lucknow,900,700,800,Uttar Pradesh,Tomato
12/02/2013,Tomato,78,Lucknow,FAQ,Lucknow,925,750,825,Uttar Pradesh,Tomato
11/02/2013,Tomato,78,Lucknow,FAQ,Lucknow,900,700,800,Uttar Pradesh,Tomato
10/02/2013,Tomato,78,Lucknow,FAQ,Lucknow,900,700,800,Uttar Pradesh,Tomato
09/02/2013,Tomato,78,Lucknow,FAQ,Lucknow,900,700,800,Uttar Pradesh,Tomato
08/02/2013,Tomato,78,Lucknow,FAQ,Lucknow,900,700,800,Uttar Pradesh,Tomato
07/02/2013,Tomato,78,Lucknow,FAQ,Lucknow,800,700,750,Uttar Pradesh,Tomato
06/02/2013,Tomato,78,Lucknow,FAQ,Lucknow,800,700,760,Uttar Pradesh,Tomato
05/02/2013,Tomato,78,Lucknow,FAQ,Lucknow,800,600,700,Uttar Pradesh,Tomato
04/02/2013,Tomato,78,Lucknow,FAQ,Lucknow,750,600,650,Uttar Pradesh,Tomato
03/02/2013,Tomato,78,Lucknow,FAQ,Lucknow,700,600,650,Uttar Pradesh,Tomato
02/02/2013,Tomato,78,Lucknow,FAQ,Lucknow,800,650,700,Uttar Pradesh,Tomato
01/02/2013,Tomato,78,Lucknow,FAQ,Lucknow,800,600,700,Uttar Pradesh,Tomato
29/01/2013,Tomato,78,Lucknow,FAQ,Lucknow,825,700,760,Uttar Pradesh,Tomato
28/01/2013,Tomato,78,Lucknow,FAQ,Lucknow,900,700,800,Uttar Pradesh,Tomato
27/01/2013,Tomato,78,Lucknow,FAQ,Lucknow,1000,700,800,Uttar Pradesh,Tomato
25/01/2013,Tomato,78,Lucknow,FAQ,Lucknow,1000,700,800,Uttar Pradesh,Tomato
24/01/2013,Tomato,78,Lucknow,FAQ,Lucknow,1000,800,900,Uttar Pradesh,Tomato
23/01/2013,Tomato,78,Lucknow,FAQ,Lucknow,1100,900,1000,Uttar Pradesh,Tomato
22/01/2013,Tomato,78,Lucknow,FAQ,Lucknow,1200,1000,1100,Uttar Pradesh,Tomato
21/01/2013,Tomato,78,Lucknow,FAQ,Lucknow,1150,1100,1125,Uttar Pradesh,Tomato
20/01/2013,Tomato,78,Lucknow,FAQ,Lucknow,1150,1100,1125,Uttar Pradesh,Tomato
19/01/2013,Tomato,78,Lucknow,FAQ,Lucknow,1200,1000,1100,Uttar Pradesh,Tomato
18/01/2013,Tomato,78,Lucknow,FAQ,Lucknow,1200,1000,1100,Uttar Pradesh,Tomato
17/01/2013,Tomato,78,Lucknow,FAQ,Lucknow,1200,1000,1100,Uttar Pradesh,Tomato
16/01/2013,Tomato,78,Lucknow,FAQ,Lucknow,1200,1000,1100,Uttar Pradesh,Tomato
15/01/2013,Tomato,78,Lucknow,FAQ,Lucknow,1200,1000,1100,Uttar Pradesh,Tomato
14/01/2013,Tomato,78,Lucknow,FAQ,Lucknow,1100,950,1000,Uttar Pradesh,Tomato
13/01/2013,Tomato,78,Lucknow,FAQ,Lucknow,1100,950,1000,Uttar Pradesh,Tomato
12/01/2013,Tomato,78,Lucknow,FAQ,Lucknow,1100,900,1000,Uttar Pradesh,Tomato
11/01/2013,Tomato,78,Lucknow,FAQ,Lucknow,1100,900,1000,Uttar Pradesh,Tomato
10/01/2013,Tomato,78,Lucknow,FAQ,Lucknow,1100,900,1000,Uttar Pradesh,Tomato
09/01/2013,Tomato,78,Lucknow,FAQ,Lucknow,1000,900,960,Uttar Pradesh,Tomato
08/01/2013,Tomato,78,Lucknow,FAQ,Lucknow,950,800,850,Uttar Pradesh,Tomato
07/01/2013,Tomato,78,Lucknow,FAQ,Lucknow,900,750,825,Uttar Pradesh,Tomato
06/01/2013,Tomato,78,Lucknow,FAQ,Lucknow,900,700,800,Uttar Pradesh,Tomato
05/01/2013,Tomato,78,Lucknow,FAQ,Lucknow,900,700,800,Uttar Pradesh,Tomato
04/01/2013,Tomato,78,Lucknow,FAQ,Lucknow,800,750,775,Uttar Pradesh,Tomato
03/01/2013,Tomato,78,Lucknow,FAQ,Lucknow,800,700,750,Uttar Pradesh,Tomato
02/01/2013,Tomato,78,Lucknow,FAQ,Lucknow,825,700,775,Uttar Pradesh,Tomato
01/01/2013,Tomato,78,Lucknow,FAQ,Lucknow,825,700,750,Uttar Pradesh,Tomato
31/12/2012,Tomato,78,Lucknow,FAQ,Lucknow,900,700,800,Uttar Pradesh,Tomato
29/12/2012,Tomato,78,Lucknow,FAQ,Lucknow,700,625,650,Uttar Pradesh,Tomato
28/12/2012,Tomato,78,Lucknow,FAQ,Lucknow,700,500,600,Uttar Pradesh,Tomato
27/12/2012,Tomato,78,Lucknow,FAQ,Lucknow,700,500,600,Uttar Pradesh,Tomato
26/12/2012,Tomato,78,Lucknow,FAQ,Lucknow,675,550,600,Uttar Pradesh,Tomato
25/12/2012,Tomato,78,Lucknow,FAQ,Lucknow,675,600,625,Uttar Pradesh,Tomato
24/12/2012,Tomato,78,Lucknow,FAQ,Lucknow,700,600,650,Uttar Pradesh,Tomato
23/12/2012,Tomato,78,Lucknow,FAQ,Lucknow,700,600,650,Uttar Pradesh,Tomato
22/12/2012,Tomato,78,Lucknow,FAQ,Lucknow,800,675,700,Uttar Pradesh,Tomato
21/12/2012,Tomato,78,Lucknow,FAQ,Lucknow,900,700,800,Uttar Pradesh,Tomato
20/12/2012,Tomato,78,Lucknow,FAQ,Lucknow,700,600,650,Uttar Pradesh,Tomato
19/12/2012,Tomato,78,Lucknow,FAQ,Lucknow,700,600,650,Uttar Pradesh,Tomato
18/12/2012,Tomato,78,Lucknow,FAQ,Lucknow,850,650,700,Uttar Pradesh,Tomato
17/12/2012,Tomato,78,Lucknow,FAQ,Lucknow,850,775,800,Uttar Pradesh,Tomato
16/12/2012,Tomato,78,Lucknow,FAQ,Lucknow,900,800,850,Uttar Pradesh,Tomato
15/12/2012,Tomato,78,Lucknow,FAQ,Lucknow,950,850,900,Uttar Pradesh,Tomato
14/12/2012,Tomato,78,Lucknow,FAQ,Lucknow,1100,900,1000,Uttar Pradesh,Tomato
13/12/2012,Tomato,78,Lucknow,FAQ,Lucknow,1050,950,1000,Uttar Pradesh,Tomato
12/12/2012,Tomato,78,Lucknow,FAQ,Lucknow,1100,900,1000,Uttar Pradesh,Tomato
11/12/2012,Tomato,78,Lucknow,FAQ,Lucknow,1050,950,1000,Uttar Pradesh,Tomato
10/12/2012,Tomato,78,Lucknow,FAQ,Lucknow,1100,1000,1050,Uttar Pradesh,Tomato
09/12/2012,Tomato,78,Lucknow,FAQ,Lucknow,1400,1200,1300,Uttar Pradesh,Tomato
08/12/2012,Tomato,78,Lucknow,FAQ,Lucknow,1100,1000,1050,Uttar Pradesh,Tomato
07/12/2012,Tomato,78,Lucknow,FAQ,Lucknow,1200,1000,1100,Uttar Pradesh,Tomato
06/12/2012,Tomato,78,Lucknow,FAQ,Lucknow,1200,1000,1100,Uttar Pradesh,Tomato
05/12/2012,Tomato,78,Lucknow,FAQ,Lucknow,1200,1000,1100,Uttar Pradesh,Tomato
04/12/2012,Tomato,78,Lucknow,FAQ,Lucknow,1300,1200,1200,Uttar Pradesh,Tomato
03/12/2012,Tomato,78,Lucknow,FAQ,Lucknow,1300,1100,1200,Uttar Pradesh,Tomato
02/12/2012,Tomato,78,Lucknow,FAQ,Lucknow,1300,1100,1200,Uttar Pradesh,Tomato
01/12/2012,Tomato,78,Lucknow,FAQ,Lucknow,1300,1100,1200,Uttar Pradesh,Tomato
29/11/2012,Tomato,78,Lucknow,FAQ,Lucknow,1290,1100,1170,Uttar Pradesh,Tomato
28/11/2012,Tomato,78,Lucknow,FAQ,Lucknow,1300,1100,1200,Uttar Pradesh,Tomato
27/11/2012,Tomato,78,Lucknow,FAQ,Lucknow,1300,1100,1200,Uttar Pradesh,Tomato
26/11/2012,Tomato,78,Lucknow,FAQ,Lucknow,1400,1200,1300,Uttar Pradesh,Tomato
25/11/2012,Tomato,78,Lucknow,FAQ,Lucknow,1400,1200,1300,Uttar Pradesh,Tomato
24/11/2012,Tomato,78,Lucknow,FAQ,Lucknow,1400,1300,1325,Uttar Pradesh,Tomato
23/11/2012,Tomato,78,Lucknow,FAQ,Lucknow,1400,1200,1300,Uttar Pradesh,Tomato
22/11/2012,Tomato,78,Lucknow,FAQ,Lucknow,1450,1250,1350,Uttar Pradesh,Tomato
21/11/2012,Tomato,78,Lucknow,FAQ,Lucknow,1400,1300,1350,Uttar Pradesh,Tomato
20/11/2012,Tomato,78,Lucknow,FAQ,Lucknow,1400,1250,1300,Uttar Pradesh,Tomato
19/11/2012,Tomato,78,Lucknow,FAQ,Lucknow,1350,1200,1250,Uttar Pradesh,Tomato
18/11/2012,Tomato,78,Lucknow,FAQ,Lucknow,1300,1100,1200,Uttar Pradesh,Tomato
17/11/2012,Tomato,78,Lucknow,FAQ,Lucknow,1300,1000,1100,Uttar Pradesh,Tomato
16/11/2012,Tomato,78,Lucknow,FAQ,Lucknow,1200,1000,1100,Uttar Pradesh,Tomato
15/11/2012,Tomato,78,Lucknow,FAQ,Lucknow,1200,1000,1100,Uttar Pradesh,Tomato
14/11/2012,Tomato,78,Lucknow,FAQ,Lucknow,1200,1000,1100,Uttar Pradesh,Tomato
13/11/2012,Tomato,78,Lucknow,FAQ,Lucknow,1200,1000,1100,Uttar Pradesh,Tomato
12/11/2012,Tomato,78,Lucknow,FAQ,Lucknow,1200,900,1000,Uttar Pradesh,Tomato
11/11/2012,Tomato,78,Lucknow,FAQ,Lucknow,1100,900,1000,Uttar Pradesh,Tomato
10/11/2012,Tomato,78,Lucknow,FAQ,Lucknow,1100,900,1000,Uttar Pradesh,Tomato
09/11/2012,Tomato,78,Lucknow,FAQ,Lucknow,1100,900,1000,Uttar Pradesh,Tomato
08/11/2012,Tomato,78,Lucknow,FAQ,Lucknow,1100,900,1000,Uttar Pradesh,Tomato
07/11/2012,Tomato,78,Lucknow,FAQ,Lucknow,1200,1000,1100,Uttar Pradesh,Tomato
06/11/2012,Tomato,78,Lucknow,FAQ,Lucknow,1300,1100,1200,Uttar Pradesh,Tomato
05/11/2012,Tomato,78,Lucknow,FAQ,Lucknow,1200,1000,1100,Uttar Pradesh,Tomato
04/11/2012,Tomato,78,Lucknow,FAQ,Lucknow,1200,1000,1100,Uttar Pradesh,Tomato
03/11/2012,Tomato,78,Lucknow,FAQ,Lucknow,1300,1100,1200,Uttar Pradesh,Tomato
02/11/2012,Tomato,78,Lucknow,FAQ,Lucknow,1350,1150,1250,Uttar Pradesh,Tomato
01/11/2012,Tomato,78,Lucknow,FAQ,Lucknow,1200,1000,1100,Uttar Pradesh,Tomato
31/10/2012,Tomato,78,Lucknow,FAQ,Lucknow,1300,1200,1250,Uttar Pradesh,Tomato
30/10/2012,Tomato,78,Lucknow,FAQ,Lucknow,1300,1100,1200,Uttar Pradesh,Tomato
29/10/2012,Tomato,78,Lucknow,FAQ,Lucknow,1350,1200,1250,Uttar Pradesh,Tomato
28/10/2012,Tomato,78,Lucknow,FAQ,Lucknow,1300,1100,1200,Uttar Pradesh,Tomato
27/10/2012,Tomato,78,Lucknow,FAQ,Lucknow,1300,1100,1200,Uttar Pradesh,Tomato
26/10/2012,Tomato,78,Lucknow,FAQ,Lucknow,1450,1200,1350,Uttar Pradesh,Other
25/10/2012,Tomato,78,Lucknow,FAQ,Lucknow,1450,1200,1300,Uttar Pradesh,Other
24/10/2012,Tomato,78,Lucknow,FAQ,Lucknow,1400,1200,1300,Uttar Pradesh,Other
23/10/2012,Tomato,78,Lucknow,FAQ,Lucknow,1400,1200,1250,Uttar Pradesh,Other
22/10/2012,Tomato,78,Lucknow,FAQ,Lucknow,1400,1200,1300,Uttar Pradesh,Tomato
21/10/2012,Tomato,78,Lucknow,FAQ,Lucknow,1400,1200,1300,Uttar Pradesh,Tomato
20/10/2012,Tomato,78,Lucknow,FAQ,Lucknow,1400,1200,1300,Uttar Pradesh,Tomato
19/10/2012,Tomato,78,Lucknow,FAQ,Lucknow,1350,1300,1325,Uttar Pradesh,Other
18/10/2012,Tomato,78,Lucknow,FAQ,Lucknow,1400,1200,1300,Uttar Pradesh,Other
17/10/2012,Tomato,78,Lucknow,FAQ,Lucknow,1300,1100,1200,Uttar Pradesh,Tomato
16/10/2012,Tomato,78,Lucknow,FAQ,Lucknow,1300,1100,1200,Uttar Pradesh,Tomato
15/10/2012,Tomato,78,Lucknow,FAQ,Lucknow,1200,1000,1100,Uttar Pradesh,Tomato
14/10/2012,Tomato,78,Lucknow,FAQ,Lucknow,1200,1000,1100,Uttar Pradesh,Tomato
13/10/2012,Tomato,78,Lucknow,FAQ,Lucknow,1150,1000,1100,Uttar Pradesh,Tomato
12/10/2012,Tomato,78,Lucknow,FAQ,Lucknow,1300,1100,1200,Uttar Pradesh,Tomato
11/10/2012,Tomato,78,Lucknow,FAQ,Lucknow,1200,1000,1100,Uttar Pradesh,Tomato
10/10/2012,Tomato,78,Lucknow,FAQ,Lucknow,1200,1000,1100,Uttar Pradesh,Tomato
09/10/2012,Tomato,78,Lucknow,FAQ,Lucknow,1300,1100,1200,Uttar Pradesh,Other
08/10/2012,Tomato,78,Lucknow,FAQ,Lucknow,1350,1100,1250,Uttar Pradesh,Tomato
07/10/2012,Tomato,78,Lucknow,FAQ,Lucknow,1300,1100,1200,Uttar Pradesh,Tomato
06/10/2012,Tomato,78,Lucknow,FAQ,Lucknow,1300,1100,1200,Uttar Pradesh,Tomato
05/10/2012,Tomato,78,Lucknow,FAQ,Lucknow,1300,1100,1200,Uttar Pradesh,Tomato
04/10/2012,Tomato,78,Lucknow,FAQ,Lucknow,1400,1200,1300,Uttar Pradesh,Tomato
03/10/2012,Tomato,78,Lucknow,FAQ,Lucknow,1350,1100,1250,Uttar Pradesh,Tomato
01/10/2012,Tomato,78,Lucknow,FAQ,Lucknow,1400,1000,1200,Uttar Pradesh,Tomato
30/09/2012,Tomato,78,Lucknow,FAQ,Lucknow,1400,1100,1200,Uttar Pradesh,Tomato
29/09/2012,Tomato,78,Lucknow,FAQ,Lucknow,1350,1100,1200,Uttar Pradesh,Tomato
28/09/2012,Tomato,78,Lucknow,FAQ,Lucknow,1350,1100,1200,Uttar Pradesh,Tomato
27/09/2012,Tomato,78,Lucknow,FAQ,Lucknow,1400,1300,1350,Uttar Pradesh,Tomato
26/09/2012,Tomato,78,Lucknow,FAQ,Lucknow,1400,1200,1300,Uttar Pradesh,Tomato
25/09/2012,Tomato,78,Lucknow,FAQ,Lucknow,1400,1300,1350,Uttar Pradesh,Tomato
24/09/2012,Tomato,78,Lucknow,FAQ,Lucknow,1500,1200,1300,Uttar Pradesh,Tomato
23/09/2012,Tomato,78,Lucknow,FAQ,Lucknow,1400,1200,1300,Uttar Pradesh,Tomato
22/09/2012,Tomato,78,Lucknow,FAQ,Lucknow,1400,1200,1300,Uttar Pradesh,Tomato
21/09/2012,Tomato,78,Lucknow,FAQ,Lucknow,1500,1300,1400,Uttar Pradesh,Tomato
19/09/2012,Tomato,78,Lucknow,FAQ,Lucknow,1400,1200,1300,Uttar Pradesh,Tomato
18/09/2012,Tomato,78,Lucknow,FAQ,Lucknow,1400,1100,1200,Uttar Pradesh,Tomato
17/09/2012,Tomato,78,Lucknow,FAQ,Lucknow,1400,1100,1200,Uttar Pradesh,Tomato
16/09/2012,Tomato,78,Lucknow,FAQ,Lucknow,1400,1200,1300,Uttar Pradesh,Tomato
15/09/2012,Tomato,78,Lucknow,FAQ,Lucknow,1300,1000,1200,Uttar Pradesh,Tomato
14/09/2012,Tomato,78,Lucknow,FAQ,Lucknow,1200,900,1000,Uttar Pradesh,Tomato
13/09/2012,Tomato,78,Lucknow,FAQ,Lucknow,1100,900,1000,Uttar Pradesh,Other
12/09/2012,Tomato,78,Lucknow,FAQ,Lucknow,1250,1000,1200,Uttar Pradesh,Other
11/09/2012,Tomato,78,Lucknow,FAQ,Lucknow,1800,1400,1700,Uttar Pradesh,Other
10/09/2012,Tomato,78,Lucknow,FAQ,Lucknow,1900,1700,1800,Uttar Pradesh,Other
09/09/2012,Tomato,78,Lucknow,FAQ,Lucknow,1800,1600,1700,Uttar Pradesh,Other
08/09/2012,Tomato,78,Lucknow,FAQ,Lucknow,1900,1600,1700,Uttar Pradesh,Other
07/09/2012,Tomato,78,Lucknow,FAQ,Lucknow,1800,1600,1700,Uttar Pradesh,Other
06/09/2012,Tomato,78,Lucknow,FAQ,Lucknow,1800,1500,1600,Uttar Pradesh,Other
05/09/2012,Tomato,78,Lucknow,FAQ,Lucknow,1800,1400,1600,Uttar Pradesh,Tomato
04/09/2012,Tomato,78,Lucknow,FAQ,Lucknow,2000,1600,1800,Uttar Pradesh,Tomato
03/09/2012,Tomato,78,Lucknow,FAQ,Lucknow,1900,1600,1700,Uttar Pradesh,Tomato
02/09/2012,Tomato,78,Lucknow,FAQ,Lucknow,1800,1600,1700,Uttar Pradesh,Tomato
01/09/2012,Tomato,78,Lucknow,FAQ,Lucknow,1800,1600,1700,Uttar Pradesh,Tomato
31/08/2012,Tomato,78,Lucknow,FAQ,Lucknow,1800,1500,1700,Uttar Pradesh,Tomato
30/08/2012,Tomato,78,Lucknow,FAQ,Lucknow,1800,1600,1700,Uttar Pradesh,Tomato
29/08/2012,Tomato,78,Lucknow,FAQ,Lucknow,1800,1600,1700,Uttar Pradesh,Tomato
29/08/2012,Tomato,78,Lucknow,FAQ,Lucknow,1900,1700,1800,Uttar Pradesh,Other
28/08/2012,Tomato,78,Lucknow,FAQ,Lucknow,2000,1500,1900,Uttar Pradesh,Tomato
27/08/2012,Tomato,78,Lucknow,FAQ,Lucknow,2100,1800,2000,Uttar Pradesh,Tomato
26/08/2012,Tomato,78,Lucknow,FAQ,Lucknow,2200,2000,2100,Uttar Pradesh,Tomato
25/08/2012,Tomato,78,Lucknow,FAQ,Lucknow,2600,2200,2400,Uttar Pradesh,Tomato
24/08/2012,Tomato,78,Lucknow,FAQ,Lucknow,2600,2200,2400,Uttar Pradesh,Tomato
23/08/2012,Tomato,78,Lucknow,FAQ,Lucknow,2600,2200,2400,Uttar Pradesh,Tomato
22/08/2012,Tomato,78,Lucknow,FAQ,Lucknow,2500,2100,2400,Uttar Pradesh,Tomato
21/08/2012,Tomato,78,Lucknow,FAQ,Lucknow,2350,2200,2300,Uttar Pradesh,Tomato
20/08/2012,Tomato,78,Lucknow,FAQ,Lucknow,2350,2200,2300,Uttar Pradesh,Tomato
19/08/2012,Tomato,78,Lucknow,FAQ,Lucknow,2250,2100,2200,Uttar Pradesh,Tomato
18/08/2012,Tomato,78,Lucknow,FAQ,Lucknow,2250,2100,2200,Uttar Pradesh,Tomato
17/08/2012,Tomato,78,Lucknow,FAQ,Lucknow,2250,2100,2200,Uttar Pradesh,Tomato
16/08/2012,Tomato,78,Lucknow,FAQ,Lucknow,2400,2100,2200,Uttar Pradesh,Tomato
14/08/2012,Tomato,78,Lucknow,FAQ,Lucknow,2400,2000,2200,Uttar Pradesh,Tomato
13/08/2012,Tomato,78,Lucknow,FAQ,Lucknow,2400,2000,2200,Uttar Pradesh,Tomato
12/08/2012,Tomato,78,Lucknow,FAQ,Lucknow,2400,2000,2200,Uttar Pradesh,Tomato
11/08/2012,Tomato,78,Lucknow,FAQ,Lucknow,2400,2100,2200,Uttar Pradesh,Tomato
10/08/2012,Tomato,78,Lucknow,FAQ,Lucknow,2300,2000,2200,Uttar Pradesh,Tomato
09/08/2012,Tomato,78,Lucknow,FAQ,Lucknow,2250,2000,2100,Uttar Pradesh,Tomato
08/08/2012,Tomato,78,Lucknow,FAQ,Lucknow,2200,1900,2000,Uttar Pradesh,Tomato
07/08/2012,Tomato,78,Lucknow,FAQ,Lucknow,2200,1800,2000,Uttar Pradesh,Tomato
06/08/2012,Tomato,78,Lucknow,FAQ,Lucknow,2500,2200,2300,Uttar Pradesh,Tomato
05/08/2012,Tomato,78,Lucknow,FAQ,Lucknow,2500,2200,2300,Uttar Pradesh,Tomato
04/08/2012,Tomato,78,Lucknow,FAQ,Lucknow,2500,2200,2300,Uttar Pradesh,Tomato
03/08/2012,Tomato,78,Lucknow,FAQ,Lucknow,2400,2000,2200,Uttar Pradesh,Tomato
02/08/2012,Tomato,78,Lucknow,FAQ,Lucknow,2400,2000,2200,Uttar Pradesh,Tomato
01/08/2012,Tomato,78,Lucknow,FAQ,Lucknow,2400,2200,2300,Uttar Pradesh,Tomato
31/07/2012,Tomato,78,Lucknow,FAQ,Lucknow,2450,2300,2400,Uttar Pradesh,Tomato
30/07/2012,Tomato,78,Lucknow,FAQ,Lucknow,2600,2200,2400,Uttar Pradesh,Tomato
29/07/2012,Tomato,78,Lucknow,FAQ,Lucknow,2400,2200,2300,Uttar Pradesh,Tomato
28/07/2012,Tomato,78,Lucknow,FAQ,Lucknow,2500,2400,2450,Uttar Pradesh,Tomato
27/07/2012,Tomato,78,Lucknow,FAQ,Lucknow,2500,2200,2400,Uttar Pradesh,Tomato
26/07/2012,Tomato,78,Lucknow,FAQ,Lucknow,2500,2200,2300,Uttar Pradesh,Tomato
25/07/2012,Tomato,78,Lucknow,FAQ,Lucknow,2400,2100,2200,Uttar Pradesh,Tomato
24/07/2012,Tomato,78,Lucknow,FAQ,Lucknow,2600,2300,2400,Uttar Pradesh,Tomato
23/07/2012,Tomato,78,Lucknow,FAQ,Lucknow,2600,2400,2500,Uttar Pradesh,Tomato
22/07/2012,Tomato,78,Lucknow,FAQ,Lucknow,2800,2200,2500,Uttar Pradesh,Tomato
21/07/2012,Tomato,78,Lucknow,FAQ,Lucknow,2600,2400,2500,Uttar Pradesh,Tomato
20/07/2012,Tomato,78,Lucknow,FAQ,Lucknow,2500,2200,2300,Uttar Pradesh,Tomato
19/07/2012,Tomato,78,Lucknow,FAQ,Lucknow,2400,2100,2200,Uttar Pradesh,Tomato
18/07/2012,Tomato,78,Lucknow,FAQ,Lucknow,2300,2000,2100,Uttar Pradesh,Tomato
17/07/2012,Tomato,78,Lucknow,FAQ,Lucknow,2250,2000,2100,Uttar Pradesh,Tomato
16/07/2012,Tomato,78,Lucknow,FAQ,Lucknow,2200,1800,2000,Uttar Pradesh,Tomato
15/07/2012,Tomato,78,Lucknow,FAQ,Lucknow,2200,1800,1900,Uttar Pradesh,Tomato
14/07/2012,Tomato,78,Lucknow,FAQ,Lucknow,2000,1800,1900,Uttar Pradesh,Tomato
13/07/2012,Tomato,78,Lucknow,FAQ,Lucknow,2000,1700,1800,Uttar Pradesh,Tomato
12/07/2012,Tomato,78,Lucknow,FAQ,Lucknow,2200,1600,1700,Uttar Pradesh,Other
11/07/2012,Tomato,78,Lucknow,FAQ,Lucknow,1750,1500,1600,Uttar Pradesh,Other
10/07/2012,Tomato,78,Lucknow,FAQ,Lucknow,1700,1500,1600,Uttar Pradesh,Other
09/07/2012,Tomato,78,Lucknow,FAQ,Lucknow,1500,1300,1420,Uttar Pradesh,Other
08/07/2012,Tomato,78,Lucknow,FAQ,Lucknow,1600,1300,1400,Uttar Pradesh,Other
07/07/2012,Tomato,78,Lucknow,FAQ,Lucknow,1500,1300,1400,Uttar Pradesh,Other
06/07/2012,Tomato,78,Lucknow,FAQ,Lucknow,1500,1300,1400,Uttar Pradesh,Other
05/07/2012,Tomato,78,Lucknow,FAQ,Lucknow,1500,1300,1400,Uttar Pradesh,Other
04/07/2012,Tomato,78,Lucknow,FAQ,Lucknow,1500,1200,1350,Uttar Pradesh,Other
03/07/2012,Tomato,78,Lucknow,FAQ,Lucknow,1500,1200,1300,Uttar Pradesh,Other
02/07/2012,Tomato,78,Lucknow,FAQ,Lucknow,1450,1200,1350,Uttar Pradesh,Other
01/07/2012,Tomato,78,Lucknow,FAQ,Lucknow,1600,1300,1500,Uttar Pradesh,Other
27/06/2012,Tomato,78,Lucknow,FAQ,Lucknow,1700,1500,1500,Uttar Pradesh,Other
26/06/2012,Tomato,78,Lucknow,FAQ,Lucknow,1500,1300,1400,Uttar Pradesh,Other
25/06/2012,Tomato,78,Lucknow,FAQ,Lucknow,1400,1200,1300,Uttar Pradesh,Other
24/06/2012,Tomato,78,Lucknow,FAQ,Lucknow,1400,1250,1300,Uttar Pradesh,Other
22/06/2012,Tomato,78,Lucknow,FAQ,Lucknow,1350,1100,1250,Uttar Pradesh,Other
21/06/2012,Tomato,78,Lucknow,FAQ,Lucknow,1400,1100,1200,Uttar Pradesh,Other
20/06/2012,Tomato,78,Lucknow,FAQ,Lucknow,1400,1200,1300,Uttar Pradesh,Other
19/06/2012,Tomato,78,Lucknow,FAQ,Lucknow,1500,1200,1350,Uttar Pradesh,Other
18/06/2012,Tomato,78,Lucknow,FAQ,Lucknow,1300,1100,1200,Uttar Pradesh,Other
17/06/2012,Tomato,78,Lucknow,FAQ,Lucknow,1300,1100,1200,Uttar Pradesh,Other
16/06/2012,Tomato,78,Lucknow,FAQ,Lucknow,1400,1200,1300,Uttar Pradesh,Other
15/06/2012,Tomato,78,Lucknow,FAQ,Lucknow,1450,1200,1300,Uttar Pradesh,Other
14/06/2012,Tomato,78,Lucknow,FAQ,Lucknow,1400,1200,1250,Uttar Pradesh,Other
13/06/2012,Tomato,78,Lucknow,FAQ,Lucknow,1400,1200,1250,Uttar Pradesh,Other
12/06/2012,Tomato,78,Lucknow,FAQ,Lucknow,1350,1100,1200,Uttar Pradesh,Other
11/06/2012,Tomato,78,Lucknow,FAQ,Lucknow,1400,1200,1300,Uttar Pradesh,Other
10/06/2012,Tomato,78,Lucknow,FAQ,Lucknow,1400,1200,1300,Uttar Pradesh,Other
09/06/2012,Tomato,78,Lucknow,FAQ,Lucknow,1500,1200,1300,Uttar Pradesh,Other
08/06/2012,Tomato,78,Lucknow,FAQ,Lucknow,1500,1300,1400,Uttar Pradesh,Other
07/06/2012,Tomato,78,Lucknow,FAQ,Lucknow,1600,1300,1400,Uttar Pradesh,Other
06/06/2012,Tomato,78,Lucknow,FAQ,Lucknow,1500,1300,1400,Uttar Pradesh,Other
05/06/2012,Tomato,78,Lucknow,FAQ,Lucknow,1350,1200,1250,Uttar Pradesh,Other
04/06/2012,Tomato,78,Lucknow,FAQ,Lucknow,1300,1200,1250,Uttar Pradesh,Other
03/06/2012,Tomato,78,Lucknow,FAQ,Lucknow,1300,1200,1250,Uttar Pradesh,Other
02/06/2012,Tomato,78,Lucknow,FAQ,Lucknow,1300,1150,1250,Uttar Pradesh,Other
01/06/2012,Tomato,78,Lucknow,FAQ,Lucknow,1350,1200,1250,Uttar Pradesh,Other
31/05/2012,Tomato,78,Lucknow,FAQ,Lucknow,1250,1100,1200,Uttar Pradesh,Other
30/05/2012,Tomato,78,Lucknow,FAQ,Lucknow,1400,1100,1200,Uttar Pradesh,Other
29/05/2012,Tomato,78,Lucknow,FAQ,Lucknow,1300,1100,1200,Uttar Pradesh,Other
28/05/2012,Tomato,78,Lucknow,FAQ,Lucknow,1200,1000,1150,Uttar Pradesh,Other
26/05/2012,Tomato,78,Lucknow,FAQ,Lucknow,1200,1100,1150,Uttar Pradesh,Other
25/05/2012,Tomato,78,Lucknow,FAQ,Lucknow,1200,100,1100,Uttar Pradesh,Other
24/05/2012,Tomato,78,Lucknow,FAQ,Lucknow,1400,1000,1050,Uttar Pradesh,Other
23/05/2012,Tomato,78,Lucknow,FAQ,Lucknow,1200,900,1050,Uttar Pradesh,Other
22/05/2012,Tomato,78,Lucknow,FAQ,Lucknow,1300,900,1050,Uttar Pradesh,Other
21/05/2012,Tomato,78,Lucknow,FAQ,Lucknow,1100,950,1000,Uttar Pradesh,Other
20/05/2012,Tomato,78,Lucknow,FAQ,Lucknow,1050,950,1000,Uttar Pradesh,Other
19/05/2012,Tomato,78,Lucknow,FAQ,Lucknow,1200,950,1000,Uttar Pradesh,Other
18/05/2012,Tomato,78,Lucknow,FAQ,Lucknow,1050,950,1000,Uttar Pradesh,Other
17/05/2012,Tomato,78,Lucknow,FAQ,Lucknow,1200,900,1025,Uttar Pradesh,Other
16/05/2012,Tomato,78,Lucknow,FAQ,Lucknow,1200,900,1025,Uttar Pradesh,Other
15/05/2012,Tomato,78,Lucknow,FAQ,Lucknow,1200,950,1025,Uttar Pradesh,Other
14/05/2012,Tomato,78,Lucknow,FAQ,Lucknow,1050,900,1025,Uttar Pradesh,Other
13/05/2012,Tomato,78,Lucknow,FAQ,Lucknow,1100,1000,1025,Uttar Pradesh,Other
12/05/2012,Tomato,78,Lucknow,FAQ,Lucknow,1100,1000,1025,Uttar Pradesh,Other
10/05/2012,Tomato,78,Lucknow,FAQ,Lucknow,1100,950,1000,Uttar Pradesh,Other
09/05/2012,Tomato,78,Lucknow,FAQ,Lucknow,1050,900,1000,Uttar Pradesh,Other
08/05/2012,Tomato,78,Lucknow,FAQ,Lucknow,1050,950,1000,Uttar Pradesh,Other
07/05/2012,Tomato,78,Lucknow,FAQ,Lucknow,1000,900,950,Uttar Pradesh,Other
06/05/2012,Tomato,78,Lucknow,FAQ,Lucknow,1000,900,950,Uttar Pradesh,Other
04/05/2012,Tomato,78,Lucknow,FAQ,Lucknow,950,850,900,Uttar Pradesh,Other
03/05/2012,Tomato,78,Lucknow,FAQ,Lucknow,915,850,900,Uttar Pradesh,Other
02/05/2012,Tomato,78,Lucknow,FAQ,Lucknow,950,800,900,Uttar Pradesh,Other
01/05/2012,Tomato,78,Lucknow,FAQ,Lucknow,950,800,900,Uttar Pradesh,Other
30/04/2012,Tomato,78,Lucknow,FAQ,Lucknow,950,800,900,Uttar Pradesh,Other
29/04/2012,Tomato,78,Lucknow,FAQ,Lucknow,1050,900,1000,Uttar Pradesh,Other
28/04/2012,Tomato,78,Lucknow,FAQ,Lucknow,1050,900,1000,Uttar Pradesh,Other
27/04/2012,Tomato,78,Lucknow,FAQ,Lucknow,1100,1000,1050,Uttar Pradesh,Other
26/04/2012,Tomato,78,Lucknow,FAQ,Lucknow,1100,1000,1050,Uttar Pradesh,Other
25/04/2012,Tomato,78,Lucknow,FAQ,Lucknow,1100,900,1050,Uttar Pradesh,Other
24/04/2012,Tomato,78,Lucknow,FAQ,Lucknow,1100,900,1050,Uttar Pradesh,Other
23/04/2012,Tomato,78,Lucknow,FAQ,Lucknow,1100,1000,1050,Uttar Pradesh,Other
22/04/2012,Tomato,78,Lucknow,FAQ,Lucknow,1100,900,1050,Uttar Pradesh,Other
21/04/2012,Tomato,78,Lucknow,FAQ,Lucknow,1120,1000,1100,Uttar Pradesh,Other
20/04/2012,Tomato,78,Lucknow,FAQ,Lucknow,1150,1000,1100,Uttar Pradesh,Other
19/04/2012,Tomato,78,Lucknow,FAQ,Lucknow,1150,1050,1100,Uttar Pradesh,Other
18/04/2012,Tomato,78,Lucknow,FAQ,Lucknow,1150,1080,1100,Uttar Pradesh,Other
17/04/2012,Tomato,78,Lucknow,FAQ,Lucknow,1250,1000,1200,Uttar Pradesh,Other
16/04/2012,Tomato,78,Lucknow,FAQ,Lucknow,1450,1200,1400,Uttar Pradesh,Other
14/04/2012,Tomato,78,Lucknow,FAQ,Lucknow,1420,1300,1400,Uttar Pradesh,Other
13/04/2012,Tomato,78,Lucknow,FAQ,Lucknow,1450,1300,1400,Uttar Pradesh,Other
12/04/2012,Tomato,78,Lucknow,FAQ,Lucknow,1500,1300,1400,Uttar Pradesh,Other
11/04/2012,Tomato,78,Lucknow,FAQ,Lucknow,1520,1450,1500,Uttar Pradesh,Other
10/04/2012,Tomato,78,Lucknow,FAQ,Lucknow,0,0,1500,Uttar Pradesh,Other
09/04/2012,Tomato,78,Lucknow,FAQ,Lucknow,0,0,1600,Uttar Pradesh,Other
08/04/2012,Tomato,78,Lucknow,FAQ,Lucknow,0,0,1600,Uttar Pradesh,Other
07/04/2012,Tomato,78,Lucknow,FAQ,Lucknow,0,0,1600,Uttar Pradesh,Other
06/04/2012,Tomato,78,Lucknow,FAQ,Lucknow,0,0,1600,Uttar Pradesh,Other
05/04/2012,Tomato,78,Lucknow,FAQ,Lucknow,0,0,1600,Uttar Pradesh,Other
04/04/2012,Tomato,78,Lucknow,FAQ,Lucknow,0,0,1500,Uttar Pradesh,Other
03/04/2012,Tomato,78,Lucknow,FAQ,Lucknow,0,0,1500,Uttar Pradesh,Other
02/04/2012,Tomato,78,Lucknow,FAQ,Lucknow,0,0,1500,Uttar Pradesh,Other
01/04/2012,Tomato,78,Lucknow,FAQ,Lucknow,0,0,1500,Uttar Pradesh,Other
29/03/2012,Tomato,78,Lucknow,FAQ,Lucknow,1550,1450,1500,Uttar Pradesh,Other
28/03/2012,Tomato,78,Lucknow,FAQ,Lucknow,1550,1400,1500,Uttar Pradesh,Other
27/03/2012,Tomato,78,Lucknow,FAQ,Lucknow,1450,1300,1400,Uttar Pradesh,Other
26/03/2012,Tomato,78,Lucknow,FAQ,Lucknow,1450,1200,1400,Uttar Pradesh,Other
25/03/2012,Tomato,78,Lucknow,FAQ,Lucknow,1450,1200,1400,Uttar Pradesh,Other
24/03/2012,Tomato,78,Lucknow,FAQ,Lucknow,1450,1300,1400,Uttar Pradesh,Other
23/03/2012,Tomato,78,Lucknow,FAQ,Lucknow,1450,1300,1400,Uttar Pradesh,Other
22/03/2012,Tomato,78,Lucknow,FAQ,Lucknow,1400,1100,1200,Uttar Pradesh,Other
21/03/2012,Tomato,78,Lucknow,FAQ,Lucknow,1300,1100,1200,Uttar Pradesh,Other
20/03/2012,Tomato,78,Lucknow,FAQ,Lucknow,1300,1000,1200,Uttar Pradesh,Other
19/03/2012,Tomato,78,Lucknow,FAQ,Lucknow,1150,1075,1100,Uttar Pradesh,Other
18/03/2012,Tomato,78,Lucknow,FAQ,Lucknow,1160,1000,1100,Uttar Pradesh,Other
17/03/2012,Tomato,78,Lucknow,FAQ,Lucknow,1150,1000,1100,Uttar Pradesh,Other
14/03/2012,Tomato,78,Lucknow,FAQ,Lucknow,1050,800,1000,Uttar Pradesh,Other
12/03/2012,Tomato,78,Lucknow,FAQ,Lucknow,1250,1000,1200,Uttar Pradesh,Other
11/03/2012,Tomato,78,Lucknow,FAQ,Lucknow,1050,800,1000,Uttar Pradesh,Other
10/03/2012,Tomato,78,Lucknow,FAQ,Lucknow,830,700,800,Uttar Pradesh,Other
09/03/2012,Tomato,78,Lucknow,FAQ,Lucknow,660,600,650,Uttar Pradesh,Other
07/03/2012,Tomato,78,Lucknow,FAQ,Lucknow,660,600,650,Uttar Pradesh,Other
06/03/2012,Tomato,78,Lucknow,FAQ,Lucknow,660,600,650,Uttar Pradesh,Other
05/03/2012,Tomato,78,Lucknow,FAQ,Lucknow,660,600,650,Uttar Pradesh,Other
03/03/2012,Tomato,78,Lucknow,FAQ,Lucknow,650,500,600,Uttar Pradesh,Other
02/03/2012,Tomato,78,Lucknow,FAQ,Lucknow,650,500,600,Uttar Pradesh,Other
01/03/2012,Tomato,78,Lucknow,FAQ,Lucknow,650,500,600,Uttar Pradesh,Other
16/02/2012,Tomato,78,Lucknow,FAQ,Lucknow,570,500,550,Uttar Pradesh,Other
15/02/2012,Tomato,78,Lucknow,FAQ,Lucknow,650,550,600,Uttar Pradesh,Other
14/02/2012,Tomato,78,Lucknow,FAQ,Lucknow,650,560,600,Uttar Pradesh,Other
13/02/2012,Tomato,78,Lucknow,FAQ,Lucknow,700,600,650,Uttar Pradesh,Other
11/02/2012,Tomato,78,Lucknow,FAQ,Lucknow,670,600,650,Uttar Pradesh,Other
10/02/2012,Tomato,78,Lucknow,FAQ,Lucknow,680,600,650,Uttar Pradesh,Other
09/02/2012,Tomato,78,Lucknow,FAQ,Lucknow,680,600,650,Uttar Pradesh,Other
08/02/2012,Tomato,78,Lucknow,FAQ,Lucknow,650,600,620,Uttar Pradesh,Other
07/02/2012,Tomato,78,Lucknow,FAQ,Lucknow,650,600,620,Uttar Pradesh,Other
06/02/2012,Tomato,78,Lucknow,FAQ,Lucknow,620,550,600,Uttar Pradesh,Other
05/02/2012,Tomato,78,Lucknow,FAQ,Lucknow,640,550,600,Uttar Pradesh,Other
04/02/2012,Tomato,78,Lucknow,FAQ,Lucknow,620,595,600,Uttar Pradesh,Other
03/02/2012,Tomato,78,Lucknow,FAQ,Lucknow,670,600,650,Uttar Pradesh,Other
02/02/2012,Tomato,78,Lucknow,FAQ,Lucknow,670,600,650,Uttar Pradesh,Other
01/02/2012,Tomato,78,Lucknow,FAQ,Lucknow,660,600,650,Uttar Pradesh,Other
31/01/2012,Tomato,78,Lucknow,FAQ,Lucknow,760,600,650,Uttar Pradesh,Other
30/01/2012,Tomato,78,Lucknow,FAQ,Lucknow,660,540,600,Uttar Pradesh,Other
29/01/2012,Tomato,78,Lucknow,FAQ,Lucknow,650,550,600,Uttar Pradesh,Other
28/01/2012,Tomato,78,Lucknow,FAQ,Lucknow,650,550,600,Uttar Pradesh,Other
27/01/2012,Tomato,78,Lucknow,FAQ,Lucknow,620,550,600,Uttar Pradesh,Other
25/01/2012,Tomato,78,Lucknow,FAQ,Lucknow,0,0,600,Uttar Pradesh,Other
24/01/2012,Tomato,78,Lucknow,FAQ,Lucknow,0,0,550,Uttar Pradesh,Other
23/01/2012,Tomato,78,Lucknow,FAQ,Lucknow,0,0,600,Uttar Pradesh,Other
22/01/2012,Tomato,78,Lucknow,FAQ,Lucknow,0,0,600,Uttar Pradesh,Other
21/01/2012,Tomato,78,Lucknow,FAQ,Lucknow,0,0,600,Uttar Pradesh,Other
20/01/2012,Tomato,78,Lucknow,FAQ,Lucknow,0,0,600,Uttar Pradesh,Other
19/01/2012,Tomato,78,Lucknow,FAQ,Lucknow,0,0,650,Uttar Pradesh,Other
18/01/2012,Tomato,78,Lucknow,FAQ,Lucknow,0,0,700,Uttar Pradesh,Other
17/01/2012,Tomato,78,Lucknow,FAQ,Lucknow,0,0,700,Uttar Pradesh,Other
16/01/2012,Tomato,78,Lucknow,FAQ,Lucknow,0,0,700,Uttar Pradesh,Other
15/01/2012,Tomato,78,Lucknow,FAQ,Lucknow,0,0,700,Uttar Pradesh,Other
14/01/2012,Tomato,78,Lucknow,FAQ,Lucknow,0,0,700,Uttar Pradesh,Other
13/01/2012,Tomato,78,Lucknow,FAQ,Lucknow,655,630,650,Uttar Pradesh,Other
12/01/2012,Tomato,78,Lucknow,FAQ,Lucknow,630,600,625,Uttar Pradesh,Other
11/01/2012,Tomato,78,Lucknow,FAQ,Lucknow,0,0,600,Uttar Pradesh,Other
10/01/2012,Tomato,78,Lucknow,FAQ,Lucknow,0,0,600,Uttar Pradesh,Other
09/01/2012,Tomato,78,Lucknow,FAQ,Lucknow,0,0,600,Uttar Pradesh,Other
08/01/2012,Tomato,78,Lucknow,FAQ,Lucknow,0,0,600,Uttar Pradesh,Other
07/01/2012,Tomato,78,Lucknow,FAQ,Lucknow,0,0,500,Uttar Pradesh,Other
06/01/2012,Tomato,78,Lucknow,FAQ,Lucknow,0,0,700,Uttar Pradesh,Other
05/01/2012,Tomato,78,Lucknow,FAQ,Lucknow,0,0,700,Uttar Pradesh,Other
04/01/2012,Tomato,78,Lucknow,FAQ,Lucknow,0,0,700,Uttar Pradesh,Other
03/01/2012,Tomato,78,Lucknow,FAQ,Lucknow,0,0,700,Uttar Pradesh,Other
02/01/2012,Tomato,78,Lucknow,FAQ,Lucknow,0,0,700,Uttar Pradesh,Other
01/01/2012,Tomato,78,Lucknow,FAQ,Lucknow,0,0,700,Uttar Pradesh,Other
27/12/2011,Tomato,78,Lucknow,FAQ,Lucknow,0,0,500,Uttar Pradesh,Other
26/12/2011,Tomato,78,Lucknow,FAQ,Lucknow,0,0,450,Uttar Pradesh,Other
25/12/2011,Tomato,78,Lucknow,FAQ,Lucknow,0,0,450,Uttar Pradesh,Other
24/12/2011,Tomato,78,Lucknow,FAQ,Lucknow,0,0,450,Uttar Pradesh,Other
23/12/2011,Tomato,78,Lucknow,FAQ,Lucknow,0,0,475,Uttar Pradesh,Other
22/12/2011,Tomato,78,Lucknow,FAQ,Lucknow,0,0,475,Uttar Pradesh,Other
21/12/2011,Tomato,78,Lucknow,FAQ,Lucknow,0,0,475,Uttar Pradesh,Other
20/12/2011,Tomato,78,Lucknow,FAQ,Lucknow,0,0,500,Uttar Pradesh,Other
19/12/2011,Tomato,78,Lucknow,FAQ,Lucknow,0,0,500,Uttar Pradesh,Other
18/12/2011,Tomato,78,Lucknow,FAQ,Lucknow,0,0,500,Uttar Pradesh,Other
17/12/2011,Tomato,78,Lucknow,FAQ,Lucknow,0,0,500,Uttar Pradesh,Other
16/12/2011,Tomato,78,Lucknow,FAQ,Lucknow,0,0,500,Uttar Pradesh,Other
15/12/2011,Tomato,78,Lucknow,FAQ,Lucknow,0,0,500,Uttar Pradesh,Other
14/12/2011,Tomato,78,Lucknow,FAQ,Lucknow,0,0,500,Uttar Pradesh,Other
13/12/2011,Tomato,78,Lucknow,FAQ,Lucknow,0,0,500,Uttar Pradesh,Other
12/12/2011,Tomato,78,Lucknow,FAQ,Lucknow,0,0,500,Uttar Pradesh,Other
11/12/2011,Tomato,78,Lucknow,FAQ,Lucknow,0,0,500,Uttar Pradesh,Other
10/12/2011,Tomato,78,Lucknow,FAQ,Lucknow,0,0,500,Uttar Pradesh,Other
09/12/2011,Tomato,78,Lucknow,FAQ,Lucknow,0,0,500,Uttar Pradesh,Other
08/12/2011,Tomato,78,Lucknow,FAQ,Lucknow,0,0,500,Uttar Pradesh,Other
07/12/2011,Tomato,78,Lucknow,FAQ,Lucknow,0,0,600,Uttar Pradesh,Other
06/12/2011,Tomato,78,Lucknow,FAQ,Lucknow,0,0,675,Uttar Pradesh,Other
05/12/2011,Tomato,78,Lucknow,FAQ,Lucknow,0,0,800,Uttar Pradesh,Other
04/12/2011,Tomato,78,Lucknow,FAQ,Lucknow,0,0,800,Uttar Pradesh,Other
03/12/2011,Tomato,78,Lucknow,FAQ,Lucknow,0,0,800,Uttar Pradesh,Other
02/12/2011,Tomato,78,Lucknow,FAQ,Lucknow,0,0,800,Uttar Pradesh,Other
01/12/2011,Tomato,78,Lucknow,FAQ,Lucknow,0,0,800,Uttar Pradesh,Other
28/11/2011,Tomato,78,Lucknow,FAQ,Lucknow,0,0,1000,Uttar Pradesh,Other
27/11/2011,Tomato,78,Lucknow,FAQ,Lucknow,0,0,1000,Uttar Pradesh,Other
26/11/2011,Tomato,78,Lucknow,FAQ,Lucknow,0,0,1000,Uttar Pradesh,Other
25/11/2011,Tomato,78,Lucknow,FAQ,Lucknow,0,0,1200,Uttar Pradesh,Other
24/11/2011,Tomato,78,Lucknow,FAQ,Lucknow,0,0,1300,Uttar Pradesh,Other
23/11/2011,Tomato,78,Lucknow,FAQ,Lucknow,0,0,1500,Uttar Pradesh,Other
22/11/2011,Tomato,78,Lucknow,FAQ,Lucknow,0,0,1600,Uttar Pradesh,Other
20/11/2011,Tomato,78,Lucknow,FAQ,Lucknow,0,0,1600,Uttar Pradesh,Other
19/11/2011,Tomato,78,Lucknow,FAQ,Lucknow,0,0,1600,Uttar Pradesh,Other
18/11/2011,Tomato,78,Lucknow,FAQ,Lucknow,0,0,1600,Uttar Pradesh,Other
17/11/2011,Tomato,78,Lucknow,FAQ,Lucknow,0,0,1700,Uttar Pradesh,Other
16/11/2011,Tomato,78,Lucknow,FAQ,Lucknow,0,0,1800,Uttar Pradesh,Other
15/11/2011,Tomato,78,Lucknow,FAQ,Lucknow,0,0,2000,Uttar Pradesh,Other
14/11/2011,Tomato,78,Lucknow,FAQ,Lucknow,0,0,2400,Uttar Pradesh,Other
13/11/2011,Tomato,78,Lucknow,FAQ,Lucknow,0,0,2400,Uttar Pradesh,Other
12/11/2011,Tomato,78,Lucknow,FAQ,Lucknow,0,0,2400,Uttar Pradesh,Other
11/11/2011,Tomato,78,Lucknow,FAQ,Lucknow,0,0,2500,Uttar Pradesh,Other
10/11/2011,Tomato,78,Lucknow,FAQ,Lucknow,0,0,2500,Uttar Pradesh,Other
09/11/2011,Tomato,78,Lucknow,FAQ,Lucknow,0,0,2500,Uttar Pradesh,Other
08/11/2011,Tomato,78,Lucknow,FAQ,Lucknow,0,0,2500,Uttar Pradesh,Other
07/11/2011,Tomato,78,Lucknow,FAQ,Lucknow,0,0,2500,Uttar Pradesh,Other
06/11/2011,Tomato,78,Lucknow,FAQ,Lucknow,0,0,2500,Uttar Pradesh,Other
05/11/2011,Tomato,78,Lucknow,FAQ,Lucknow,0,0,2500,Uttar Pradesh,Other
04/11/2011,Tomato,78,Lucknow,FAQ,Lucknow,0,0,2500,Uttar Pradesh,Other
03/11/2011,Tomato,78,Lucknow,FAQ,Lucknow,0,0,2500,Uttar Pradesh,Other
02/11/2011,Tomato,78,Lucknow,FAQ,Lucknow,0,0,2500,Uttar Pradesh,Other
01/11/2011,Tomato,78,Lucknow,FAQ,Lucknow,0,0,2200,Uttar Pradesh,Other
06/10/2011,Tomato,78,Lucknow,FAQ,Lucknow,0,0,1400,Uttar Pradesh,Other
05/10/2011,Tomato,78,Lucknow,FAQ,Lucknow,0,0,1400,Uttar Pradesh,Other
04/10/2011,Tomato,78,Lucknow,FAQ,Lucknow,0,0,1400,Uttar Pradesh,Other
03/10/2011,Tomato,78,Lucknow,FAQ,Lucknow,0,0,1300,Uttar Pradesh,Other
01/10/2011,Tomato,78,Lucknow,FAQ,Lucknow,0,0,1250,Uttar Pradesh,Other
23/09/2011,Tomato,78,Lucknow,FAQ,Lucknow,0,0,1200,Uttar Pradesh,Other
22/09/2011,Tomato,78,Lucknow,FAQ,Lucknow,0,0,1200,Uttar Pradesh,Other
21/09/2011,Tomato,78,Lucknow,FAQ,Lucknow,0,0,1200,Uttar Pradesh,Other
20/09/2011,Tomato,78,Lucknow,FAQ,Lucknow,0,0,1300,Uttar Pradesh,Other
19/09/2011,Tomato,78,Lucknow,FAQ,Lucknow,0,0,1200,Uttar Pradesh,Other
18/09/2011,Tomato,78,Lucknow,FAQ,Lucknow,0,0,1150,Uttar Pradesh,Other
16/09/2011,Tomato,78,Lucknow,FAQ,Lucknow,0,0,1020,Uttar Pradesh,Other
15/09/2011,Tomato,78,Lucknow,FAQ,Lucknow,0,0,1050,Uttar Pradesh,Other
14/09/2011,Tomato,78,Lucknow,FAQ,Lucknow,0,0,1050,Uttar Pradesh,Other
13/09/2011,Tomato,78,Lucknow,FAQ,Lucknow,0,0,1050,Uttar Pradesh,Other
12/09/2011,Tomato,78,Lucknow,FAQ,Lucknow,0,0,1050,Uttar Pradesh,Other
11/09/2011,Tomato,78,Lucknow,FAQ,Lucknow,0,0,1050,Uttar Pradesh,Other
10/09/2011,Tomato,78,Lucknow,FAQ,Lucknow,0,0,1050,Uttar Pradesh,Other
09/09/2011,Tomato,78,Lucknow,FAQ,Lucknow,0,0,1050,Uttar Pradesh,Other
06/09/2011,Tomato,78,Lucknow,FAQ,Lucknow,0,0,1200,Uttar Pradesh,Other
05/09/2011,Tomato,78,Lucknow,FAQ,Lucknow,0,0,1200,Uttar Pradesh,Other
04/09/2011,Tomato,78,Lucknow,FAQ,Lucknow,0,0,1200,Uttar Pradesh,Other
03/09/2011,Tomato,78,Lucknow,FAQ,Lucknow,0,0,1200,Uttar Pradesh,Other
02/09/2011,Tomato,78,Lucknow,FAQ,Lucknow,0,0,1300,Uttar Pradesh,Other
01/09/2011,Tomato,78,Lucknow,FAQ,Lucknow,0,0,1300,Uttar Pradesh,Other
29/08/2011,Tomato,78,Lucknow,FAQ,Lucknow,0,0,1400,Uttar Pradesh,Other
28/08/2011,Tomato,78,Lucknow,FAQ,Lucknow,0,0,1400,Uttar Pradesh,Other
27/08/2011,Tomato,78,Lucknow,FAQ,Lucknow,0,0,1400,Uttar Pradesh,Other
26/08/2011,Tomato,78,Lucknow,FAQ,Lucknow,0,0,1400,Uttar Pradesh,Other
25/08/2011,Tomato,78,Lucknow,FAQ,Lucknow,0,0,1425,Uttar Pradesh,Other
24/08/2011,Tomato,78,Lucknow,FAQ,Lucknow,0,0,1425,Uttar Pradesh,Other
23/08/2011,Tomato,78,Lucknow,FAQ,Lucknow,0,0,1425,Uttar Pradesh,Other
22/08/2011,Tomato,78,Lucknow,FAQ,Lucknow,0,0,1425,Uttar Pradesh,Other
21/08/2011,Tomato,78,Lucknow,FAQ,Lucknow,0,0,1425,Uttar Pradesh,Other
20/08/2011,Tomato,78,Lucknow,FAQ,Lucknow,0,0,1425,Uttar Pradesh,Other
19/08/2011,Tomato,78,Lucknow,FAQ,Lucknow,0,0,1400,Uttar Pradesh,Other
18/08/2011,Tomato,78,Lucknow,FAQ,Lucknow,0,0,1400,Uttar Pradesh,Other
17/08/2011,Tomato,78,Lucknow,FAQ,Lucknow,0,0,1400,Uttar Pradesh,Other
16/08/2011,Tomato,78,Lucknow,FAQ,Lucknow,0,0,1400,Uttar Pradesh,Other
15/08/2011,Tomato,78,Lucknow,FAQ,Lucknow,0,0,1400,Uttar Pradesh,Other
14/08/2011,Tomato,78,Lucknow,FAQ,Lucknow,0,0,1400,Uttar Pradesh,Other
13/08/2011,Tomato,78,Lucknow,FAQ,Lucknow,0,0,1400,Uttar Pradesh,Other
12/08/2011,Tomato,78,Lucknow,FAQ,Lucknow,0,0,1500,Uttar Pradesh,Other
11/08/2011,Tomato,78,Lucknow,FAQ,Lucknow,0,0,1500,Uttar Pradesh,Other
10/08/2011,Tomato,78,Lucknow,FAQ,Lucknow,0,0,1500,Uttar Pradesh,Other
09/08/2011,Tomato,78,Lucknow,FAQ,Lucknow,0,0,1400,Uttar Pradesh,Other
08/08/2011,Tomato,78,Lucknow,FAQ,Lucknow,0,0,1420,Uttar Pradesh,Other
07/08/2011,Tomato,78,Lucknow,FAQ,Lucknow,0,0,1400,Uttar Pradesh,Other
06/08/2011,Tomato,78,Lucknow,FAQ,Lucknow,0,0,1415,Uttar Pradesh,Other
05/08/2011,Tomato,78,Lucknow,FAQ,Lucknow,0,0,1400,Uttar Pradesh,Other
04/08/2011,Tomato,78,Lucknow,FAQ,Lucknow,0,0,1375,Uttar Pradesh,Other
03/08/2011,Tomato,78,Lucknow,FAQ,Lucknow,0,0,1350,Uttar Pradesh,Other
02/08/2011,Tomato,78,Lucknow,FAQ,Lucknow,0,0,1350,Uttar Pradesh,Other
01/08/2011,Tomato,78,Lucknow,FAQ,Lucknow,0,0,1355,Uttar Pradesh,Other
31/07/2011,Tomato,78,Lucknow,FAQ,Lucknow,0,0,1500,Uttar Pradesh,Other
30/07/2011,Tomato,78,Lucknow,FAQ,Lucknow,0,0,1500,Uttar Pradesh,Other
29/07/2011,Tomato,78,Lucknow,FAQ,Lucknow,0,0,1500,Uttar Pradesh,Other
28/07/2011,Tomato,78,Lucknow,FAQ,Lucknow,0,0,1450,Uttar Pradesh,Other
27/07/2011,Tomato,78,Lucknow,FAQ,Lucknow,0,0,1450,Uttar Pradesh,Other
26/07/2011,Tomato,78,Lucknow,FAQ,Lucknow,0,0,1450,Uttar Pradesh,Other
25/07/2011,Tomato,78,Lucknow,FAQ,Lucknow,0,0,1450,Uttar Pradesh,Other
24/07/2011,Tomato,78,Lucknow,FAQ,Lucknow,0,0,1450,Uttar Pradesh,Other
23/07/2011,Tomato,78,Lucknow,FAQ,Lucknow,0,0,1425,Uttar Pradesh,Other
22/07/2011,Tomato,78,Lucknow,FAQ,Lucknow,0,0,1425,Uttar Pradesh,Other
21/07/2011,Tomato,78,Lucknow,FAQ,Lucknow,0,0,1425,Uttar Pradesh,Other
20/07/2011,Tomato,78,Lucknow,FAQ,Lucknow,0,0,1425,Uttar Pradesh,Other
19/07/2011,Tomato,78,Lucknow,FAQ,Lucknow,0,0,1400,Uttar Pradesh,Other
18/07/2011,Tomato,78,Lucknow,FAQ,Lucknow,0,0,1400,Uttar Pradesh,Other
17/07/2011,Tomato,78,Lucknow,FAQ,Lucknow,0,0,1400,Uttar Pradesh,Other
16/07/2011,Tomato,78,Lucknow,FAQ,Lucknow,0,0,1400,Uttar Pradesh,Other
15/07/2011,Tomato,78,Lucknow,FAQ,Lucknow,0,0,1400,Uttar Pradesh,Other
14/07/2011,Tomato,78,Lucknow,FAQ,Lucknow,0,0,1400,Uttar Pradesh,Other
13/07/2011,Tomato,78,Lucknow,FAQ,Lucknow,0,0,1300,Uttar Pradesh,Other
12/07/2011,Tomato,78,Lucknow,FAQ,Lucknow,0,0,1300,Uttar Pradesh,Other
11/07/2011,Tomato,78,Lucknow,FAQ,Lucknow,0,0,1300,Uttar Pradesh,Other
10/07/2011,Tomato,78,Lucknow,FAQ,Lucknow,0,0,1500,Uttar Pradesh,Other
09/07/2011,Tomato,78,Lucknow,FAQ,Lucknow,0,0,1700,Uttar Pradesh,Other
08/07/2011,Tomato,78,Lucknow,FAQ,Lucknow,0,0,1850,Uttar Pradesh,Other
07/07/2011,Tomato,78,Lucknow,FAQ,Lucknow,0,0,1800,Uttar Pradesh,Other
06/07/2011,Tomato,78,Lucknow,FAQ,Lucknow,0,0,1800,Uttar Pradesh,Other
05/07/2011,Tomato,78,Lucknow,FAQ,Lucknow,0,0,1800,Uttar Pradesh,Other
02/07/2011,Tomato,78,Lucknow,FAQ,Lucknow,0,0,1800,Uttar Pradesh,Other
01/07/2011,Tomato,78,Lucknow,FAQ,Lucknow,0,0,1700,Uttar Pradesh,Other
30/06/2011,Tomato,78,Lucknow,FAQ,Lucknow,0,0,1700,Uttar Pradesh,Other
29/06/2011,Tomato,78,Lucknow,FAQ,Lucknow,0,0,1700,Uttar Pradesh,Other
28/06/2011,Tomato,78,Lucknow,FAQ,Lucknow,0,0,1500,Uttar Pradesh,Other
26/06/2011,Tomato,78,Lucknow,FAQ,Lucknow,0,0,1400,Uttar Pradesh,Other
25/06/2011,Tomato,78,Lucknow,FAQ,Lucknow,0,0,1200,Uttar Pradesh,Other
24/06/2011,Tomato,78,Lucknow,FAQ,Lucknow,0,0,1200,Uttar Pradesh,Other
23/06/2011,Tomato,78,Lucknow,FAQ,Lucknow,0,0,1200,Uttar Pradesh,Other
18/06/2011,Tomato,78,Lucknow,FAQ,Lucknow,0,0,900,Uttar Pradesh,Other
17/06/2011,Tomato,78,Lucknow,FAQ,Lucknow,0,0,875,Uttar Pradesh,Other
16/06/2011,Tomato,78,Lucknow,FAQ,Lucknow,0,0,875,Uttar Pradesh,Other
15/06/2011,Tomato,78,Lucknow,FAQ,Lucknow,0,0,850,Uttar Pradesh,Other
14/06/2011,Tomato,78,Lucknow,FAQ,Lucknow,0,0,860,Uttar Pradesh,Other
13/06/2011,Tomato,78,Lucknow,FAQ,Lucknow,0,0,850,Uttar Pradesh,Other
12/06/2011,Tomato,78,Lucknow,FAQ,Lucknow,0,0,350,Uttar Pradesh,Other
11/06/2011,Tomato,78,Lucknow,FAQ,Lucknow,0,0,850,Uttar Pradesh,Other
01/06/2011,Tomato,78,Lucknow,FAQ,Lucknow,0,0,315,Uttar Pradesh,Other
31/05/2011,Tomato,78,Lucknow,FAQ,Lucknow,0,0,300,Uttar Pradesh,Other
30/05/2011,Tomato,78,Lucknow,FAQ,Lucknow,0,0,300,Uttar Pradesh,Other
29/05/2011,Tomato,78,Lucknow,FAQ,Lucknow,0,0,300,Uttar Pradesh,Other
28/05/2011,Tomato,78,Lucknow,FAQ,Lucknow,0,0,200,Uttar Pradesh,Other
27/05/2011,Tomato,78,Lucknow,FAQ,Lucknow,0,0,200,Uttar Pradesh,Other
26/05/2011,Tomato,78,Lucknow,FAQ,Lucknow,0,0,200,Uttar Pradesh,Other
25/05/2011,Tomato,78,Lucknow,FAQ,Lucknow,0,0,250,Uttar Pradesh,Other
24/05/2011,Tomato,78,Lucknow,FAQ,Lucknow,0,0,250,Uttar Pradesh,Other
23/05/2011,Tomato,78,Lucknow,FAQ,Lucknow,0,0,315,Uttar Pradesh,Other
22/05/2011,Tomato,78,Lucknow,FAQ,Lucknow,0,0,315,Uttar Pradesh,Other
16/05/2011,Tomato,78,Lucknow,FAQ,Lucknow,0,0,350,Uttar Pradesh,Other
15/05/2011,Tomato,78,Lucknow,FAQ,Lucknow,0,0,350,Uttar Pradesh,Other
14/05/2011,Tomato,78,Lucknow,FAQ,Lucknow,0,0,400,Uttar Pradesh,Other
13/05/2011,Tomato,78,Lucknow,FAQ,Lucknow,0,0,400,Uttar Pradesh,Other
12/05/2011,Tomato,78,Lucknow,FAQ,Lucknow,0,0,400,Uttar Pradesh,Other
11/05/2011,Tomato,78,Lucknow,FAQ,Lucknow,0,0,500,Uttar Pradesh,Other
10/05/2011,Tomato,78,Lucknow,FAQ,Lucknow,0,0,600,Uttar Pradesh,Other
09/05/2011,Tomato,78,Lucknow,FAQ,Lucknow,0,0,600,Uttar Pradesh,Other
08/05/2011,Tomato,78,Lucknow,FAQ,Lucknow,0,0,600,Uttar Pradesh,Other
07/05/2011,Tomato,78,Lucknow,FAQ,Lucknow,0,0,700,Uttar Pradesh,Other
06/05/2011,Tomato,78,Lucknow,FAQ,Lucknow,0,0,700,Uttar Pradesh,Other
05/05/2011,Tomato,78,Lucknow,FAQ,Lucknow,0,0,650,Uttar Pradesh,Other
30/04/2011,Tomato,78,Lucknow,FAQ,Lucknow,0,0,650,Uttar Pradesh,Other
29/04/2011,Tomato,78,Lucknow,FAQ,Lucknow,0,0,650,Uttar Pradesh,Other
28/04/2011,Tomato,78,Lucknow,FAQ,Lucknow,0,0,650,Uttar Pradesh,Other
27/04/2011,Tomato,78,Lucknow,FAQ,Lucknow,0,0,650,Uttar Pradesh,Other
26/04/2011,Tomato,78,Lucknow,FAQ,Lucknow,0,0,650,Uttar Pradesh,Other
19/04/2011,Tomato,78,Lucknow,FAQ,Lucknow,0,0,700,Uttar Pradesh,Other
18/04/2011,Tomato,78,Lucknow,FAQ,Lucknow,0,0,1000,Uttar Pradesh,Other
17/04/2011,Tomato,78,Lucknow,FAQ,Lucknow,0,0,1000,Uttar Pradesh,Other
16/04/2011,Tomato,78,Lucknow,FAQ,Lucknow,0,0,1000,Uttar Pradesh,Other
15/04/2011,Tomato,78,Lucknow,FAQ,Lucknow,0,0,1100,Uttar Pradesh,Other
14/04/2011,Tomato,78,Lucknow,FAQ,Lucknow,0,0,1100,Uttar Pradesh,Other
13/04/2011,Tomato,78,Lucknow,FAQ,Lucknow,0,0,1100,Uttar Pradesh,Other
12/04/2011,Tomato,78,Lucknow,FAQ,Lucknow,0,0,1100,Uttar Pradesh,Other
11/04/2011,Tomato,78,Lucknow,FAQ,Lucknow,0,0,1200,Uttar Pradesh,Other
10/04/2011,Tomato,78,Lucknow,FAQ,Lucknow,0,0,1200,Uttar Pradesh,Other
09/04/2011,Tomato,78,Lucknow,FAQ,Lucknow,0,0,1200,Uttar Pradesh,Other
26/03/2011,Tomato,78,Lucknow,FAQ,Lucknow,0,0,1000,Uttar Pradesh,Other
25/03/2011,Tomato,78,Lucknow,FAQ,Lucknow,0,0,1000,Uttar Pradesh,Other
24/03/2011,Tomato,78,Lucknow,FAQ,Lucknow,0,0,1000,Uttar Pradesh,Other
23/03/2011,Tomato,78,Lucknow,FAQ,Lucknow,0,0,1000,Uttar Pradesh,Other
22/03/2011,Tomato,78,Lucknow,FAQ,Lucknow,0,0,1000,Uttar Pradesh,Other
21/03/2011,Tomato,78,Lucknow,FAQ,Lucknow,0,0,1000,Uttar Pradesh,Other
19/03/2011,Tomato,78,Lucknow,FAQ,Lucknow,0,0,1000,Uttar Pradesh,Other
18/03/2011,Tomato,78,Lucknow,FAQ,Lucknow,0,0,950,Uttar Pradesh,Other
17/03/2011,Tomato,78,Lucknow,FAQ,Lucknow,0,0,950,Uttar Pradesh,Other
16/03/2011,Tomato,78,Lucknow,FAQ,Lucknow,0,0,975,Uttar Pradesh,Other
15/03/2011,Tomato,78,Lucknow,FAQ,Lucknow,0,0,975,Uttar Pradesh,Other
14/03/2011,Tomato,78,Lucknow,FAQ,Lucknow,0,0,1000,Uttar Pradesh,Other
13/03/2011,Tomato,78,Lucknow,FAQ,Lucknow,0,0,1000,Uttar Pradesh,Other
12/03/2011,Tomato,78,Lucknow,FAQ,Lucknow,0,0,1000,Uttar Pradesh,Other
10/03/2011,Tomato,78,Lucknow,FAQ,Lucknow,0,0,1000,Uttar Pradesh,Other
09/03/2011,Tomato,78,Lucknow,FAQ,Lucknow,0,0,1000,Uttar Pradesh,Other
08/03/2011,Tomato,78,Lucknow,FAQ,Lucknow,0,0,1000,Uttar Pradesh,Other
07/03/2011,Tomato,78,Lucknow,FAQ,Lucknow,0,0,1000,Uttar Pradesh,Other
06/03/2011,Tomato,78,Lucknow,FAQ,Lucknow,0,0,1000,Uttar Pradesh,Other
05/03/2011,Tomato,78,Lucknow,FAQ,Lucknow,0,0,1000,Uttar Pradesh,Other
04/03/2011,Tomato,78,Lucknow,FAQ,Lucknow,0,0,800,Uttar Pradesh,Other
03/03/2011,Tomato,78,Lucknow,FAQ,Lucknow,0,0,800,Uttar Pradesh,Other
02/03/2011,Tomato,78,Lucknow,FAQ,Lucknow,0,0,800,Uttar Pradesh,Other
01/03/2011,Tomato,78,Lucknow,FAQ,Lucknow,0,0,800,Uttar Pradesh,Other
28/02/2011,Tomato,78,Lucknow,FAQ,Lucknow,0,0,800,Uttar Pradesh,Other
27/02/2011,Tomato,78,Lucknow,FAQ,Lucknow,0,0,800,Uttar Pradesh,Other
26/02/2011,Tomato,78,Lucknow,FAQ,Lucknow,0,0,750,Uttar Pradesh,Other
25/02/2011,Tomato,78,Lucknow,FAQ,Lucknow,0,0,750,Uttar Pradesh,Other
24/02/2011,Tomato,78,Lucknow,FAQ,Lucknow,0,0,700,Uttar Pradesh,Other
23/02/2011,Tomato,78,Lucknow,FAQ,Lucknow,0,0,650,Uttar Pradesh,Other
22/02/2011,Tomato,78,Lucknow,FAQ,Lucknow,0,0,650,Uttar Pradesh,Other
21/02/2011,Tomato,78,Lucknow,FAQ,Lucknow,0,0,600,Uttar Pradesh,Other
20/02/2011,Tomato,78,Lucknow,FAQ,Lucknow,0,0,600,Uttar Pradesh,Other
19/02/2011,Tomato,78,Lucknow,FAQ,Lucknow,0,0,600,Uttar Pradesh,Other
18/02/2011,Tomato,78,Lucknow,FAQ,Lucknow,0,0,600,Uttar Pradesh,Other
16/02/2011,Tomato,78,Lucknow,FAQ,Lucknow,0,0,600,Uttar Pradesh,Other
15/02/2011,Tomato,78,Lucknow,FAQ,Lucknow,0,0,700,Uttar Pradesh,Other
14/02/2011,Tomato,78,Lucknow,FAQ,Lucknow,0,0,650,Uttar Pradesh,Other
12/02/2011,Tomato,78,Lucknow,FAQ,Lucknow,0,0,650,Uttar Pradesh,Other
11/02/2011,Tomato,78,Lucknow,FAQ,Lucknow,0,0,650,Uttar Pradesh,Other
10/02/2011,Tomato,78,Lucknow,FAQ,Lucknow,0,0,650,Uttar Pradesh,Other
09/02/2011,Tomato,78,Lucknow,FAQ,Lucknow,0,0,600,Uttar Pradesh,Other
08/02/2011,Tomato,78,Lucknow,FAQ,Lucknow,0,0,600,Uttar Pradesh,Other
07/02/2011,Tomato,78,Lucknow,FAQ,Lucknow,0,0,600,Uttar Pradesh,Other
06/02/2011,Tomato,78,Lucknow,FAQ,Lucknow,0,0,600,Uttar Pradesh,Other
05/02/2011,Tomato,78,Lucknow,FAQ,Lucknow,0,0,700,Uttar Pradesh,Other
04/02/2011,Tomato,78,Lucknow,FAQ,Lucknow,0,0,750,Uttar Pradesh,Other
03/02/2011,Tomato,78,Lucknow,FAQ,Lucknow,0,0,750,Uttar Pradesh,Other
02/02/2011,Tomato,78,Lucknow,FAQ,Lucknow,0,0,700,Uttar Pradesh,Other
01/02/2011,Tomato,78,Lucknow,FAQ,Lucknow,0,0,700,Uttar Pradesh,Other
31/01/2011,Tomato,78,Lucknow,FAQ,Lucknow,0,0,800,Uttar Pradesh,Other
30/01/2011,Tomato,78,Lucknow,FAQ,Lucknow,0,0,800,Uttar Pradesh,Other
29/01/2011,Tomato,78,Lucknow,FAQ,Lucknow,0,0,800,Uttar Pradesh,Other
28/01/2011,Tomato,78,Lucknow,FAQ,Lucknow,0,0,800,Uttar Pradesh,Other
27/01/2011,Tomato,78,Lucknow,FAQ,Lucknow,0,0,800,Uttar Pradesh,Other
25/01/2011,Tomato,78,Lucknow,FAQ,Lucknow,0,0,1000,Uttar Pradesh,Other
24/01/2011,Tomato,78,Lucknow,FAQ,Lucknow,0,0,1000,Uttar Pradesh,Other
23/01/2011,Tomato,78,Lucknow,FAQ,Lucknow,0,0,1000,Uttar Pradesh,Other
22/01/2011,Tomato,78,Lucknow,FAQ,Lucknow,0,0,1000,Uttar Pradesh,Other
21/01/2011,Tomato,78,Lucknow,FAQ,Lucknow,0,0,1600,Uttar Pradesh,Other
20/01/2011,Tomato,78,Lucknow,FAQ,Lucknow,0,0,1600,Uttar Pradesh,Other
19/01/2011,Tomato,78,Lucknow,FAQ,Lucknow,0,0,1700,Uttar Pradesh,Other
18/01/2011,Tomato,78,Lucknow,FAQ,Lucknow,0,0,1500,Uttar Pradesh,Other
17/01/2011,Tomato,78,Lucknow,FAQ,Lucknow,0,0,1500,Uttar Pradesh,Other
16/01/2011,Tomato,78,Lucknow,FAQ,Lucknow,0,0,1500,Uttar Pradesh,Other
15/01/2011,Tomato,78,Lucknow,FAQ,Lucknow,0,0,1400,Uttar Pradesh,Other
14/01/2011,Tomato,78,Lucknow,FAQ,Lucknow,0,0,1400,Uttar Pradesh,Other
13/01/2011,Tomato,78,Lucknow,FAQ,Lucknow,0,0,1300,Uttar Pradesh,Other
12/01/2011,Tomato,78,Lucknow,FAQ,Lucknow,0,0,1300,Uttar Pradesh,Other
11/01/2011,Tomato,78,Lucknow,FAQ,Lucknow,0,0,1500,Uttar Pradesh,Other
10/01/2011,Tomato,78,Lucknow,FAQ,Lucknow,0,0,1500,Uttar Pradesh,Other
09/01/2011,Tomato,78,Lucknow,FAQ,Lucknow,0,0,1500,Uttar Pradesh,Other
08/01/2011,Tomato,78,Lucknow,FAQ,Lucknow,0,0,1500,Uttar Pradesh,Other
07/01/2011,Tomato,78,Lucknow,FAQ,Lucknow,0,0,1400,Uttar Pradesh,Other
06/01/2011,Tomato,78,Lucknow,FAQ,Lucknow,0,0,1500,Uttar Pradesh,Other
05/01/2011,Tomato,78,Lucknow,FAQ,Lucknow,0,0,1400,Uttar Pradesh,Other
04/01/2011,Tomato,78,Lucknow,FAQ,Lucknow,0,0,1500,Uttar Pradesh,Other
03/01/2011,Tomato,78,Lucknow,FAQ,Lucknow,0,0,2000,Uttar Pradesh,Other
02/01/2011,Tomato,78,Lucknow,FAQ,Lucknow,0,0,1800,Uttar Pradesh,Other
01/01/2011,Tomato,78,Lucknow,FAQ,Lucknow,0,0,1800,Uttar Pradesh,Other
28/12/2010,Tomato,78,Lucknow,FAQ,Lucknow,0,0,1800,Uttar Pradesh,Other
27/12/2010,Tomato,78,Lucknow,FAQ,Lucknow,0,0,1500,Uttar Pradesh,Other
26/12/2010,Tomato,78,Lucknow,FAQ,Lucknow,0,0,1500,Uttar Pradesh,Other
25/12/2010,Tomato,78,Lucknow,FAQ,Lucknow,0,0,1500,Uttar Pradesh,Other
24/12/2010,Tomato,78,Lucknow,FAQ,Lucknow,0,0,1000,Uttar Pradesh,Other
23/12/2010,Tomato,78,Lucknow,FAQ,Lucknow,0,0,400,Uttar Pradesh,Other
22/12/2010,Tomato,78,Lucknow,FAQ,Lucknow,0,0,400,Uttar Pradesh,Other
21/12/2010,Tomato,78,Lucknow,FAQ,Lucknow,0,0,400,Uttar Pradesh,Other
19/12/2010,Tomato,78,Lucknow,FAQ,Lucknow,0,0,400,Uttar Pradesh,Other
18/12/2010,Tomato,78,Lucknow,FAQ,Lucknow,0,0,400,Uttar Pradesh,Other
17/12/2010,Tomato,78,Lucknow,FAQ,Lucknow,0,0,400,Uttar Pradesh,Other
16/12/2010,Tomato,78,Lucknow,FAQ,Lucknow,0,0,400,Uttar Pradesh,Other
15/12/2010,Tomato,78,Lucknow,FAQ,Lucknow,0,0,400,Uttar Pradesh,Other
14/12/2010,Tomato,78,Lucknow,FAQ,Lucknow,0,0,490,Uttar Pradesh,Other
13/12/2010,Tomato,78,Lucknow,FAQ,Lucknow,0,0,490,Uttar Pradesh,Other
12/12/2010,Tomato,78,Lucknow,FAQ,Lucknow,0,0,490,Uttar Pradesh,Other
11/12/2010,Tomato,78,Lucknow,FAQ,Lucknow,0,0,490,Uttar Pradesh,Other
10/12/2010,Tomato,78,Lucknow,FAQ,Lucknow,0,0,490,Uttar Pradesh,Other
09/12/2010,Tomato,78,Lucknow,FAQ,Lucknow,0,0,500,Uttar Pradesh,Other
08/12/2010,Tomato,78,Lucknow,FAQ,Lucknow,0,0,500,Uttar Pradesh,Other
07/12/2010,Tomato,78,Lucknow,FAQ,Lucknow,0,0,500,Uttar Pradesh,Other
06/12/2010,Tomato,78,Lucknow,FAQ,Lucknow,0,0,500,Uttar Pradesh,Other
05/12/2010,Tomato,78,Lucknow,FAQ,Lucknow,0,0,500,Uttar Pradesh,Other
04/12/2010,Tomato,78,Lucknow,FAQ,Lucknow,0,0,500,Uttar Pradesh,Other
03/12/2010,Tomato,78,Lucknow,FAQ,Lucknow,0,0,400,Uttar Pradesh,Other
02/12/2010,Tomato,78,Lucknow,FAQ,Lucknow,0,0,500,Uttar Pradesh,Other
01/12/2010,Tomato,78,Lucknow,FAQ,Lucknow,0,0,400,Uttar Pradesh,Other
30/11/2010,Tomato,78,Lucknow,FAQ,Lucknow,0,0,400,Uttar Pradesh,Other
28/11/2010,Tomato,78,Lucknow,FAQ,Lucknow,0,0,400,Uttar Pradesh,Other
27/11/2010,Tomato,78,Lucknow,FAQ,Lucknow,0,0,400,Uttar Pradesh,Other
26/11/2010,Tomato,78,Lucknow,FAQ,Lucknow,0,0,400,Uttar Pradesh,Other
25/11/2010,Tomato,78,Lucknow,FAQ,Lucknow,0,0,400,Uttar Pradesh,Other
24/11/2010,Tomato,78,Lucknow,FAQ,Lucknow,0,0,450,Uttar Pradesh,Other
23/11/2010,Tomato,78,Lucknow,FAQ,Lucknow,0,0,500,Uttar Pradesh,Other
22/11/2010,Tomato,78,Lucknow,FAQ,Lucknow,0,0,500,Uttar Pradesh,Other
21/11/2010,Tomato,78,Lucknow,FAQ,Lucknow,0,0,500,Uttar Pradesh,Other
20/11/2010,Tomato,78,Lucknow,FAQ,Lucknow,0,0,500,Uttar Pradesh,Other
19/11/2010,Tomato,78,Lucknow,FAQ,Lucknow,0,0,500,Uttar Pradesh,Other
18/11/2010,Tomato,78,Lucknow,FAQ,Lucknow,0,0,800,Uttar Pradesh,Other
17/11/2010,Tomato,78,Lucknow,FAQ,Lucknow,0,0,900,Uttar Pradesh,Other
16/11/2010,Tomato,78,Lucknow,FAQ,Lucknow,0,0,900,Uttar Pradesh,Other
15/11/2010,Tomato,78,Lucknow,FAQ,Lucknow,0,0,900,Uttar Pradesh,Other
14/11/2010,Tomato,78,Lucknow,FAQ,Lucknow,0,0,900,Uttar Pradesh,Other
13/11/2010,Tomato,78,Lucknow,FAQ,Lucknow,0,0,900,Uttar Pradesh,Other
12/11/2010,Tomato,78,Lucknow,FAQ,Lucknow,0,0,950,Uttar Pradesh,Other
11/11/2010,Tomato,78,Lucknow,FAQ,Lucknow,0,0,950,Uttar Pradesh,Other
10/11/2010,Tomato,78,Lucknow,FAQ,Lucknow,0,0,950,Uttar Pradesh,Other
09/11/2010,Tomato,78,Lucknow,FAQ,Lucknow,0,0,950,Uttar Pradesh,Other
08/11/2010,Tomato,78,Lucknow,FAQ,Lucknow,0,0,950,Uttar Pradesh,Other
07/11/2010,Tomato,78,Lucknow,FAQ,Lucknow,0,0,950,Uttar Pradesh,Other
06/11/2010,Tomato,78,Lucknow,FAQ,Lucknow,0,0,950,Uttar Pradesh,Other
05/11/2010,Tomato,78,Lucknow,FAQ,Lucknow,0,0,1000,Uttar Pradesh,Other
04/11/2010,Tomato,78,Lucknow,FAQ,Lucknow,0,0,1000,Uttar Pradesh,Other
03/11/2010,Tomato,78,Lucknow,FAQ,Lucknow,0,0,1000,Uttar Pradesh,Other
02/11/2010,Tomato,78,Lucknow,FAQ,Lucknow,0,0,1000,Uttar Pradesh,Other
01/11/2010,Tomato,78,Lucknow,FAQ,Lucknow,0,0,1000,Uttar Pradesh,Other
30/10/2010,Tomato,78,Lucknow,FAQ,Lucknow,0,0,1200,Uttar Pradesh,Other
29/10/2010,Tomato,78,Lucknow,FAQ,Lucknow,0,0,1200,Uttar Pradesh,Other
27/10/2010,Tomato,78,Lucknow,FAQ,Lucknow,0,0,1300,Uttar Pradesh,Other
26/10/2010,Tomato,78,Lucknow,FAQ,Lucknow,0,0,1300,Uttar Pradesh,Other
23/10/2010,Tomato,78,Lucknow,FAQ,Lucknow,0,0,1300,Uttar Pradesh,Other
22/10/2010,Tomato,78,Lucknow,FAQ,Lucknow,0,0,1300,Uttar Pradesh,Other
21/10/2010,Tomato,78,Lucknow,FAQ,Lucknow,0,0,1300,Uttar Pradesh,Other
20/10/2010,Tomato,78,Lucknow,FAQ,Lucknow,0,0,1500,Uttar Pradesh,Other
19/10/2010,Tomato,78,Lucknow,FAQ,Lucknow,0,0,1500,Uttar Pradesh,Other
18/10/2010,Tomato,78,Lucknow,FAQ,Lucknow,0,0,1500,Uttar Pradesh,Other
17/10/2010,Tomato,78,Lucknow,FAQ,Lucknow,0,0,1500,Uttar Pradesh,Other
16/10/2010,Tomato,78,Lucknow,FAQ,Lucknow,0,0,1500,Uttar Pradesh,Other
15/10/2010,Tomato,78,Lucknow,FAQ,Lucknow,0,0,1600,Uttar Pradesh,Other
14/10/2010,Tomato,78,Lucknow,FAQ,Lucknow,0,0,1600,Uttar Pradesh,Other
13/10/2010,Tomato,78,Lucknow,FAQ,Lucknow,0,0,1600,Uttar Pradesh,Other
12/10/2010,Tomato,78,Lucknow,FAQ,Lucknow,0,0,1600,Uttar Pradesh,Other
11/10/2010,Tomato,78,Lucknow,FAQ,Lucknow,0,0,1600,Uttar Pradesh,Other
10/10/2010,Tomato,78,Lucknow,FAQ,Lucknow,0,0,1600,Uttar Pradesh,Other
09/10/2010,Tomato,78,Lucknow,FAQ,Lucknow,0,0,1600,Uttar Pradesh,Other
08/10/2010,Tomato,78,Lucknow,FAQ,Lucknow,0,0,1600,Uttar Pradesh,Other
07/10/2010,Tomato,78,Lucknow,FAQ,Lucknow,0,0,1600,Uttar Pradesh,Other
06/10/2010,Tomato,78,Lucknow,FAQ,Lucknow,0,0,1600,Uttar Pradesh,Other
05/10/2010,Tomato,78,Lucknow,FAQ,Lucknow,0,0,1600,Uttar Pradesh,Other
04/10/2010,Tomato,78,Lucknow,FAQ,Lucknow,0,0,1600,Uttar Pradesh,Other
03/10/2010,Tomato,78,Lucknow,FAQ,Lucknow,0,0,1600,Uttar Pradesh,Other
02/10/2010,Tomato,78,Lucknow,FAQ,Lucknow,0,0,1600,Uttar Pradesh,Other
01/10/2010,Tomato,78,Lucknow,FAQ,Lucknow,0,0,1800,Uttar Pradesh,Other
30/09/2010,Tomato,78,Lucknow,FAQ,Lucknow,0,0,1600,Uttar Pradesh,Other
29/09/2010,Tomato,78,Lucknow,FAQ,Lucknow,0,0,1900,Uttar Pradesh,Other
28/09/2010,Tomato,78,Lucknow,FAQ,Lucknow,0,0,1900,Uttar Pradesh,Other
27/09/2010,Tomato,78,Lucknow,FAQ,Lucknow,0,0,1900,Uttar Pradesh,Other
26/09/2010,Tomato,78,Lucknow,FAQ,Lucknow,0,0,1900,Uttar Pradesh,Other
25/09/2010,Tomato,78,Lucknow,FAQ,Lucknow,0,0,1900,Uttar Pradesh,Other
21/09/2010,Tomato,78,Lucknow,FAQ,Lucknow,0,0,1900,Uttar Pradesh,Other
20/09/2010,Tomato,78,Lucknow,FAQ,Lucknow,0,0,1900,Uttar Pradesh,Other
19/09/2010,Tomato,78,Lucknow,FAQ,Lucknow,0,0,1900,Uttar Pradesh,Other
18/09/2010,Tomato,78,Lucknow,FAQ,Lucknow,0,0,1900,Uttar Pradesh,Other
17/09/2010,Tomato,78,Lucknow,FAQ,Lucknow,0,0,1900,Uttar Pradesh,Other
16/09/2010,Tomato,78,Lucknow,FAQ,Lucknow,0,0,1900,Uttar Pradesh,Other
15/09/2010,Tomato,78,Lucknow,FAQ,Lucknow,0,0,1900,Uttar Pradesh,Other
14/09/2010,Tomato,78,Lucknow,FAQ,Lucknow,0,0,1900,Uttar Pradesh,Other
12/09/2010,Tomato,78,Lucknow,FAQ,Lucknow,0,0,2000,Uttar Pradesh,Other
11/09/2010,Tomato,78,Lucknow,FAQ,Lucknow,0,0,2000,Uttar Pradesh,Other
10/09/2010,Tomato,78,Lucknow,FAQ,Lucknow,0,0,2000,Uttar Pradesh,Other
09/09/2010,Tomato,78,Lucknow,FAQ,Lucknow,0,0,2000,Uttar Pradesh,Other
08/09/2010,Tomato,78,Lucknow,FAQ,Lucknow,0,0,2000,Uttar Pradesh,Other
07/09/2010,Tomato,78,Lucknow,FAQ,Lucknow,0,0,2000,Uttar Pradesh,Other
06/09/2010,Tomato,78,Lucknow,FAQ,Lucknow,0,0,2200,Uttar Pradesh,Other
05/09/2010,Tomato,78,Lucknow,FAQ,Lucknow,0,0,2200,Uttar Pradesh,Other
04/09/2010,Tomato,78,Lucknow,FAQ,Lucknow,0,0,2200,Uttar Pradesh,Other
03/09/2010,Tomato,78,Lucknow,FAQ,Lucknow,0,0,2200,Uttar Pradesh,Other
02/09/2010,Tomato,78,Lucknow,FAQ,Lucknow,0,0,2200,Uttar Pradesh,Other
01/09/2010,Tomato,78,Lucknow,FAQ,Lucknow,0,0,2000,Uttar Pradesh,Other
31/08/2010,Tomato,78,Lucknow,FAQ,Lucknow,0,0,2000,Uttar Pradesh,Other
30/08/2010,Tomato,78,Lucknow,FAQ,Lucknow,0,0,2000,Uttar Pradesh,Other
29/08/2010,Tomato,78,Lucknow,FAQ,Lucknow,0,0,2000,Uttar Pradesh,Other
28/08/2010,Tomato,78,Lucknow,FAQ,Lucknow,0,0,2000,Uttar Pradesh,Other
27/08/2010,Tomato,78,Lucknow,FAQ,Lucknow,0,0,2000,Uttar Pradesh,Other
26/08/2010,Tomato,78,Lucknow,FAQ,Lucknow,0,0,1900,Uttar Pradesh,Other
25/08/2010,Tomato,78,Lucknow,FAQ,Lucknow,0,0,1900,Uttar Pradesh,Other
24/08/2010,Tomato,78,Lucknow,FAQ,Lucknow,0,0,1900,Uttar Pradesh,Other
23/08/2010,Tomato,78,Lucknow,FAQ,Lucknow,0,0,2000,Uttar Pradesh,Other
22/08/2010,Tomato,78,Lucknow,FAQ,Lucknow,0,0,2000,Uttar Pradesh,Other
21/08/2010,Tomato,78,Lucknow,FAQ,Lucknow,0,0,2000,Uttar Pradesh,Other
20/08/2010,Tomato,78,Lucknow,FAQ,Lucknow,0,0,2100,Uttar Pradesh,Other
19/08/2010,Tomato,78,Lucknow,FAQ,Lucknow,0,0,2300,Uttar Pradesh,Other
18/08/2010,Tomato,78,Lucknow,FAQ,Lucknow,0,0,2200,Uttar Pradesh,Other
17/08/2010,Tomato,78,Lucknow,FAQ,Lucknow,0,0,2000,Uttar Pradesh,Other
16/08/2010,Tomato,78,Lucknow,FAQ,Lucknow,0,0,1800,Uttar Pradesh,Other
14/08/2010,Tomato,78,Lucknow,FAQ,Lucknow,0,0,1800,Uttar Pradesh,Other
13/08/2010,Tomato,78,Lucknow,FAQ,Lucknow,0,0,1800,Uttar Pradesh,Other
12/08/2010,Tomato,78,Lucknow,FAQ,Lucknow,0,0,1800,Uttar Pradesh,Other
11/08/2010,Tomato,78,Lucknow,FAQ,Lucknow,0,0,1800,Uttar Pradesh,Other
10/08/2010,Tomato,78,Lucknow,FAQ,Lucknow,0,0,2000,Uttar Pradesh,Other
09/08/2010,Tomato,78,Lucknow,FAQ,Lucknow,0,0,2000,Uttar Pradesh,Other
08/08/2010,Tomato,78,Lucknow,FAQ,Lucknow,0,0,2000,Uttar Pradesh,Other
07/08/2010,Tomato,78,Lucknow,FAQ,Lucknow,0,0,2200,Uttar Pradesh,Other
06/08/2010,Tomato,78,Lucknow,FAQ,Lucknow,0,0,2000,Uttar Pradesh,Other
05/08/2010,Tomato,78,Lucknow,FAQ,Lucknow,0,0,2500,Uttar Pradesh,Other
04/08/2010,Tomato,78,Lucknow,FAQ,Lucknow,0,0,2500,Uttar Pradesh,Other
03/08/2010,Tomato,78,Lucknow,FAQ,Lucknow,0,0,2500,Uttar Pradesh,Other
02/08/2010,Tomato,78,Lucknow,FAQ,Lucknow,0,0,3000,Uttar Pradesh,Other
01/08/2010,Tomato,78,Lucknow,FAQ,Lucknow,0,0,3000,Uttar Pradesh,Other
12/07/2010,Tomato,78,Lucknow,FAQ,Lucknow,0,0,3200,Uttar Pradesh,Tomato
11/07/2010,Tomato,78,Lucknow,FAQ,Lucknow,0,0,3200,Uttar Pradesh,Tomato
10/07/2010,Tomato,78,Lucknow,FAQ,Lucknow,0,0,3200,Uttar Pradesh,Tomato
09/07/2010,Tomato,78,Lucknow,FAQ,Lucknow,0,0,3000,Uttar Pradesh,Tomato
08/07/2010,Tomato,78,Lucknow,FAQ,Lucknow,0,0,3200,Uttar Pradesh,Tomato
15/06/2010,Tomato,78,Lucknow,FAQ,Lucknow,0,0,1600,Uttar Pradesh,Tomato
14/06/2010,Tomato,78,Lucknow,FAQ,Lucknow,0,0,1600,Uttar Pradesh,Tomato
13/06/2010,Tomato,78,Lucknow,FAQ,Lucknow,0,0,1600,Uttar Pradesh,Tomato
12/06/2010,Tomato,78,Lucknow,FAQ,Lucknow,0,0,1600,Uttar Pradesh,Tomato
11/06/2010,Tomato,78,Lucknow,FAQ,Lucknow,0,0,1500,Uttar Pradesh,Tomato
10/06/2010,Tomato,78,Lucknow,FAQ,Lucknow,0,0,1500,Uttar Pradesh,Tomato
09/06/2010,Tomato,78,Lucknow,FAQ,Lucknow,0,0,1600,Uttar Pradesh,Tomato
08/06/2010,Tomato,78,Lucknow,FAQ,Lucknow,0,0,2000,Uttar Pradesh,Tomato
07/06/2010,Tomato,78,Lucknow,FAQ,Lucknow,0,0,2000,Uttar Pradesh,Tomato
06/06/2010,Tomato,78,Lucknow,FAQ,Lucknow,0,0,2000,Uttar Pradesh,Tomato
05/06/2010,Tomato,78,Lucknow,FAQ,Lucknow,0,0,1700,Uttar Pradesh,Tomato
04/06/2010,Tomato,78,Lucknow,FAQ,Lucknow,0,0,1600,Uttar Pradesh,Tomato
03/06/2010,Tomato,78,Lucknow,FAQ,Lucknow,0,0,1600,Uttar Pradesh,Tomato
02/06/2010,Tomato,78,Lucknow,FAQ,Lucknow,0,0,1600,Uttar Pradesh,Tomato
01/06/2010,Tomato,78,Lucknow,FAQ,Lucknow,0,0,1500,Uttar Pradesh,Tomato
31/05/2010,Tomato,78,Lucknow,FAQ,Lucknow,0,0,1400,Uttar Pradesh,Tomato
30/05/2010,Tomato,78,Lucknow,FAQ,Lucknow,0,0,1400,Uttar Pradesh,Tomato
29/05/2010,Tomato,78,Lucknow,FAQ,Lucknow,0,0,1400,Uttar Pradesh,Tomato
28/05/2010,Tomato,78,Lucknow,FAQ,Lucknow,0,0,1400,Uttar Pradesh,Tomato
27/05/2010,Tomato,78,Lucknow,FAQ,Lucknow,0,0,1400,Uttar Pradesh,Tomato
26/05/2010,Tomato,78,Lucknow,FAQ,Lucknow,0,0,1200,Uttar Pradesh,Tomato
25/05/2010,Tomato,78,Lucknow,FAQ,Lucknow,0,0,1100,Uttar Pradesh,Tomato
24/05/2010,Tomato,78,Lucknow,FAQ,Lucknow,0,0,1100,Uttar Pradesh,Tomato
23/05/2010,Tomato,78,Lucknow,FAQ,Lucknow,0,0,1100,Uttar Pradesh,Tomato
22/05/2010,Tomato,78,Lucknow,FAQ,Lucknow,0,0,1100,Uttar Pradesh,Tomato
21/05/2010,Tomato,78,Lucknow,FAQ,Lucknow,0,0,1100,Uttar Pradesh,Tomato
20/05/2010,Tomato,78,Lucknow,FAQ,Lucknow,0,0,1100,Uttar Pradesh,Tomato
19/05/2010,Tomato,78,Lucknow,FAQ,Lucknow,0,0,1100,Uttar Pradesh,Tomato
18/05/2010,Tomato,78,Lucknow,FAQ,Lucknow,0,0,1100,Uttar Pradesh,Tomato
17/05/2010,Tomato,78,Lucknow,FAQ,Lucknow,0,0,1000,Uttar Pradesh,Tomato
16/05/2010,Tomato,78,Lucknow,FAQ,Lucknow,0,0,1000,Uttar Pradesh,Tomato
15/05/2010,Tomato,78,Lucknow,FAQ,Lucknow,0,0,1000,Uttar Pradesh,Tomato
14/05/2010,Tomato,78,Lucknow,FAQ,Lucknow,0,0,1000,Uttar Pradesh,Tomato
13/05/2010,Tomato,78,Lucknow,FAQ,Lucknow,0,0,1000,Uttar Pradesh,Tomato
12/05/2010,Tomato,78,Lucknow,FAQ,Lucknow,0,0,1000,Uttar Pradesh,Tomato
11/05/2010,Tomato,78,Lucknow,FAQ,Lucknow,0,0,1000,Uttar Pradesh,Tomato
10/05/2010,Tomato,78,Lucknow,FAQ,Lucknow,0,0,1000,Uttar Pradesh,Tomato
09/05/2010,Tomato,78,Lucknow,FAQ,Lucknow,0,0,1000,Uttar Pradesh,Tomato
08/05/2010,Tomato,78,Lucknow,FAQ,Lucknow,0,0,1000,Uttar Pradesh,Tomato
07/05/2010,Tomato,78,Lucknow,FAQ,Lucknow,0,0,1000,Uttar Pradesh,Tomato
06/05/2010,Tomato,78,Lucknow,FAQ,Lucknow,0,0,1000,Uttar Pradesh,Tomato
05/05/2010,Tomato,78,Lucknow,FAQ,Lucknow,0,0,1000,Uttar Pradesh,Tomato
04/05/2010,Tomato,78,Lucknow,FAQ,Lucknow,0,0,1200,Uttar Pradesh,Tomato
03/05/2010,Tomato,78,Lucknow,FAQ,Lucknow,0,0,1200,Uttar Pradesh,Tomato
02/05/2010,Tomato,78,Lucknow,FAQ,Lucknow,0,0,1000,Uttar Pradesh,Tomato
01/05/2010,Tomato,78,Lucknow,FAQ,Lucknow,0,0,850,Uttar Pradesh,Tomato
30/04/2010,Tomato,78,Lucknow,FAQ,Lucknow,0,0,800,Uttar Pradesh,Tomato
29/04/2010,Tomato,78,Lucknow,FAQ,Lucknow,0,0,800,Uttar Pradesh,Tomato
28/04/2010,Tomato,78,Lucknow,FAQ,Lucknow,0,0,800,Uttar Pradesh,Tomato
27/04/2010,Tomato,78,Lucknow,FAQ,Lucknow,0,0,800,Uttar Pradesh,Tomato
26/04/2010,Tomato,78,Lucknow,FAQ,Lucknow,0,0,800,Uttar Pradesh,Tomato
25/04/2010,Tomato,78,Lucknow,FAQ,Lucknow,0,0,800,Uttar Pradesh,Tomato
24/04/2010,Tomato,78,Lucknow,FAQ,Lucknow,0,0,800,Uttar Pradesh,Tomato
23/04/2010,Tomato,78,Lucknow,FAQ,Lucknow,0,0,800,Uttar Pradesh,Tomato
22/04/2010,Tomato,78,Lucknow,FAQ,Lucknow,0,0,800,Uttar Pradesh,Tomato
21/04/2010,Tomato,78,Lucknow,FAQ,Lucknow,0,0,1000,Uttar Pradesh,Tomato
20/04/2010,Tomato,78,Lucknow,FAQ,Lucknow,0,0,1500,Uttar Pradesh,Tomato
19/04/2010,Tomato,78,Lucknow,FAQ,Lucknow,0,0,1500,Uttar Pradesh,Tomato
18/04/2010,Tomato,78,Lucknow,FAQ,Lucknow,0,0,1500,Uttar Pradesh,Tomato
17/04/2010,Tomato,78,Lucknow,FAQ,Lucknow,0,0,1500,Uttar Pradesh,Tomato
16/04/2010,Tomato,78,Lucknow,FAQ,Lucknow,0,0,1400,Uttar Pradesh,Tomato
15/04/2010,Tomato,78,Lucknow,FAQ,Lucknow,0,0,1400,Uttar Pradesh,Tomato
14/04/2010,Tomato,78,Lucknow,FAQ,Lucknow,0,0,1400,Uttar Pradesh,Tomato
13/04/2010,Tomato,78,Lucknow,FAQ,Lucknow,0,0,1400,Uttar Pradesh,Tomato
12/04/2010,Tomato,78,Lucknow,FAQ,Lucknow,0,0,1400,Uttar Pradesh,Tomato
11/04/2010,Tomato,78,Lucknow,FAQ,Lucknow,0,0,1400,Uttar Pradesh,Tomato
10/04/2010,Tomato,78,Lucknow,FAQ,Lucknow,0,0,1400,Uttar Pradesh,Tomato
09/04/2010,Tomato,78,Lucknow,FAQ,Lucknow,0,0,1300,Uttar Pradesh,Tomato
08/04/2010,Tomato,78,Lucknow,FAQ,Lucknow,0,0,1300,Uttar Pradesh,Tomato
07/04/2010,Tomato,78,Lucknow,FAQ,Lucknow,0,0,1300,Uttar Pradesh,Tomato
06/04/2010,Tomato,78,Lucknow,FAQ,Lucknow,0,0,1300,Uttar Pradesh,Tomato
05/04/2010,Tomato,78,Lucknow,FAQ,Lucknow,0,0,1200,Uttar Pradesh,Tomato
04/04/2010,Tomato,78,Lucknow,FAQ,Lucknow,0,0,1200,Uttar Pradesh,Tomato
03/04/2010,Tomato,78,Lucknow,FAQ,Lucknow,0,0,1200,Uttar Pradesh,Tomato
02/04/2010,Tomato,78,Lucknow,FAQ,Lucknow,0,0,1200,Uttar Pradesh,Tomato
01/04/2010,Tomato,78,Lucknow,FAQ,Lucknow,0,0,1200,Uttar Pradesh,Tomato
30/03/2010,Tomato,78,Lucknow,FAQ,Lucknow,0,0,1200,Uttar Pradesh,Tomato
29/03/2010,Tomato,78,Lucknow,FAQ,Lucknow,0,0,1200,Uttar Pradesh,Tomato
28/03/2010,Tomato,78,Lucknow,FAQ,Lucknow,0,0,1200,Uttar Pradesh,Tomato
27/03/2010,Tomato,78,Lucknow,FAQ,Lucknow,0,0,1200,Uttar Pradesh,Tomato
26/03/2010,Tomato,78,Lucknow,FAQ,Lucknow,0,0,1000,Uttar Pradesh,Tomato
25/03/2010,Tomato,78,Lucknow,FAQ,Lucknow,0,0,1000,Uttar Pradesh,Tomato
24/03/2010,Tomato,78,Lucknow,FAQ,Lucknow,0,0,1000,Uttar Pradesh,Tomato
23/03/2010,Tomato,78,Lucknow,FAQ,Lucknow,0,0,900,Uttar Pradesh,Tomato
22/03/2010,Tomato,78,Lucknow,FAQ,Lucknow,0,0,900,Uttar Pradesh,Tomato
21/03/2010,Tomato,78,Lucknow,FAQ,Lucknow,0,0,900,Uttar Pradesh,Tomato
20/03/2010,Tomato,78,Lucknow,FAQ,Lucknow,0,0,900,Uttar Pradesh,Tomato
19/03/2010,Tomato,78,Lucknow,FAQ,Lucknow,0,0,900,Uttar Pradesh,Tomato
18/03/2010,Tomato,78,Lucknow,FAQ,Lucknow,0,0,900,Uttar Pradesh,Tomato
17/03/2010,Tomato,78,Lucknow,FAQ,Lucknow,0,0,900,Uttar Pradesh,Tomato
16/03/2010,Tomato,78,Lucknow,FAQ,Lucknow,0,0,900,Uttar Pradesh,Tomato
15/03/2010,Tomato,78,Lucknow,FAQ,Lucknow,0,0,900,Uttar Pradesh,Tomato
14/03/2010,Tomato,78,Lucknow,FAQ,Lucknow,0,0,900,Uttar Pradesh,Tomato
13/03/2010,Tomato,78,Lucknow,FAQ,Lucknow,0,0,900,Uttar Pradesh,Tomato
12/03/2010,Tomato,78,Lucknow,FAQ,Lucknow,0,0,800,Uttar Pradesh,Tomato
11/03/2010,Tomato,78,Lucknow,FAQ,Lucknow,0,0,800,Uttar Pradesh,Tomato
10/03/2010,Tomato,78,Lucknow,FAQ,Lucknow,0,0,800,Uttar Pradesh,Tomato
09/03/2010,Tomato,78,Lucknow,FAQ,Lucknow,0,0,800,Uttar Pradesh,Tomato
08/03/2010,Tomato,78,Lucknow,FAQ,Lucknow,0,0,800,Uttar Pradesh,Tomato
07/03/2010,Tomato,78,Lucknow,FAQ,Lucknow,0,0,800,Uttar Pradesh,Tomato
06/03/2010,Tomato,78,Lucknow,FAQ,Lucknow,0,0,900,Uttar Pradesh,Tomato
05/03/2010,Tomato,78,Lucknow,FAQ,Lucknow,0,0,800,Uttar Pradesh,Tomato
04/03/2010,Tomato,78,Lucknow,FAQ,Lucknow,0,0,700,Uttar Pradesh,Tomato
03/03/2010,Tomato,78,Lucknow,FAQ,Lucknow,0,0,700,Uttar Pradesh,Tomato
02/03/2010,Tomato,78,Lucknow,FAQ,Lucknow,0,0,600,Uttar Pradesh,Tomato
21/02/2010,Tomato,78,Lucknow,FAQ,Lucknow,0,0,500,Uttar Pradesh,Tomato
20/02/2010,Tomato,78,Lucknow,FAQ,Lucknow,0,0,400,Uttar Pradesh,Tomato
19/02/2010,Tomato,78,Lucknow,FAQ,Lucknow,0,0,400,Uttar Pradesh,Tomato
18/02/2010,Tomato,78,Lucknow,FAQ,Lucknow,0,0,400,Uttar Pradesh,Tomato
17/02/2010,Tomato,78,Lucknow,FAQ,Lucknow,0,0,400,Uttar Pradesh,Tomato
16/02/2010,Tomato,78,Lucknow,FAQ,Lucknow,0,0,500,Uttar Pradesh,Tomato
15/02/2010,Tomato,78,Lucknow,FAQ,Lucknow,0,0,700,Uttar Pradesh,Tomato
14/02/2010,Tomato,78,Lucknow,FAQ,Lucknow,0,0,650,Uttar Pradesh,Tomato
13/02/2010,Tomato,78,Lucknow,FAQ,Lucknow,0,0,550,Uttar Pradesh,Tomato
12/02/2010,Tomato,78,Lucknow,FAQ,Lucknow,0,0,500,Uttar Pradesh,Tomato
11/02/2010,Tomato,78,Lucknow,FAQ,Lucknow,0,0,400,Uttar Pradesh,Tomato
10/02/2010,Tomato,78,Lucknow,FAQ,Lucknow,0,0,400,Uttar Pradesh,Tomato
09/02/2010,Tomato,78,Lucknow,FAQ,Lucknow,0,0,400,Uttar Pradesh,Tomato
08/02/2010,Tomato,78,Lucknow,FAQ,Lucknow,0,0,500,Uttar Pradesh,Tomato
07/02/2010,Tomato,78,Lucknow,FAQ,Lucknow,0,0,500,Uttar Pradesh,Tomato
05/02/2010,Tomato,78,Lucknow,FAQ,Lucknow,0,0,800,Uttar Pradesh,Tomato
04/02/2010,Tomato,78,Lucknow,FAQ,Lucknow,0,0,800,Uttar Pradesh,Tomato
03/02/2010,Tomato,78,Lucknow,FAQ,Lucknow,0,0,1000,Uttar Pradesh,Tomato
02/02/2010,Tomato,78,Lucknow,FAQ,Lucknow,0,0,1000,Uttar Pradesh,Tomato
01/02/2010,Tomato,78,Lucknow,FAQ,Lucknow,0,0,1250,Uttar Pradesh,Tomato
31/01/2010,Tomato,78,Lucknow,FAQ,Lucknow,0,0,1250,Uttar Pradesh,Tomato
30/01/2010,Tomato,78,Lucknow,FAQ,Lucknow,0,0,1250,Uttar Pradesh,Tomato
29/01/2010,Tomato,78,Lucknow,FAQ,Lucknow,0,0,1200,Uttar Pradesh,Tomato
28/01/2010,Tomato,78,Lucknow,FAQ,Lucknow,0,0,1200,Uttar Pradesh,Tomato
27/01/2010,Tomato,78,Lucknow,FAQ,Lucknow,0,0,1200,Uttar Pradesh,Tomato
23/01/2010,Tomato,78,Lucknow,FAQ,Lucknow,0,0,1200,Uttar Pradesh,Tomato
22/01/2010,Tomato,78,Lucknow,FAQ,Lucknow,0,0,1200,Uttar Pradesh,Tomato
21/01/2010,Tomato,78,Lucknow,FAQ,Lucknow,0,0,1200,Uttar Pradesh,Tomato
20/01/2010,Tomato,78,Lucknow,FAQ,Lucknow,0,0,1200,Uttar Pradesh,Tomato
19/01/2010,Tomato,78,Lucknow,FAQ,Lucknow,0,0,1200,Uttar Pradesh,Tomato
18/01/2010,Tomato,78,Lucknow,FAQ,Lucknow,0,0,1000,Uttar Pradesh,Tomato
17/01/2010,Tomato,78,Lucknow,FAQ,Lucknow,0,0,950,Uttar Pradesh,Tomato
16/01/2010,Tomato,78,Lucknow,FAQ,Lucknow,0,0,950,Uttar Pradesh,Tomato
15/01/2010,Tomato,78,Lucknow,FAQ,Lucknow,0,0,950,Uttar Pradesh,Tomato
14/01/2010,Tomato,78,Lucknow,FAQ,Lucknow,0,0,900,Uttar Pradesh,Tomato
13/01/2010,Tomato,78,Lucknow,FAQ,Lucknow,0,0,900,Uttar Pradesh,Tomato
12/01/2010,Tomato,78,Lucknow,FAQ,Lucknow,0,0,900,Uttar Pradesh,Tomato
11/01/2010,Tomato,78,Lucknow,FAQ,Lucknow,0,0,900,Uttar Pradesh,Tomato
10/01/2010,Tomato,78,Lucknow,FAQ,Lucknow,0,0,900,Uttar Pradesh,Tomato
09/01/2010,Tomato,78,Lucknow,FAQ,Lucknow,0,0,900,Uttar Pradesh,Tomato
07/01/2010,Tomato,78,Lucknow,FAQ,Lucknow,0,0,950,Uttar Pradesh,Tomato
06/01/2010,Tomato,78,Lucknow,FAQ,Lucknow,0,0,950,Uttar Pradesh,Tomato
05/01/2010,Tomato,78,Lucknow,FAQ,Lucknow,0,0,950,Uttar Pradesh,Tomato
04/01/2010,Tomato,78,Lucknow,FAQ,Lucknow,0,0,950,Uttar Pradesh,Tomato
19/11/2009,Tomato,78,Lucknow,FAQ,Lucknow,0,0,2000,Uttar Pradesh,Other
18/11/2009,Tomato,78,Lucknow,FAQ,Lucknow,0,0,1800,Uttar Pradesh,Other
17/11/2009,Tomato,78,Lucknow,FAQ,Lucknow,0,0,1800,Uttar Pradesh,Other
16/11/2009,Tomato,78,Lucknow,FAQ,Lucknow,0,0,1800,Uttar Pradesh,Other
15/11/2009,Tomato,78,Lucknow,FAQ,Lucknow,0,0,1800,Uttar Pradesh,Other
14/11/2009,Tomato,78,Lucknow,FAQ,Lucknow,0,1800,1800,Uttar Pradesh,Other
13/11/2009,Tomato,78,Lucknow,FAQ,Lucknow,0,0,1600,Uttar Pradesh,Other
12/11/2009,Tomato,78,Lucknow,FAQ,Lucknow,0,0,1400,Uttar Pradesh,Other
11/11/2009,Tomato,78,Lucknow,FAQ,Lucknow,0,0,1400,Uttar Pradesh,Other
10/11/2009,Tomato,78,Lucknow,FAQ,Lucknow,0,0,1400,Uttar Pradesh,Other
09/11/2009,Tomato,78,Lucknow,FAQ,Lucknow,0,0,1400,Uttar Pradesh,Other
08/11/2009,Tomato,78,Lucknow,FAQ,Lucknow,0,0,1400,Uttar Pradesh,Other
05/11/2009,Tomato,78,Lucknow,FAQ,Lucknow,0,0,1400,Uttar Pradesh,Other
04/11/2009,Tomato,78,Lucknow,FAQ,Lucknow,0,0,1400,Uttar Pradesh,Other
03/11/2009,Tomato,78,Lucknow,FAQ,Lucknow,0,0,1400,Uttar Pradesh,Other
28/10/2009,Tomato,78,Lucknow,FAQ,Lucknow,0,0,1200,Uttar Pradesh,Other
